timestamp,TP9,AF7,AF8,TP10
1789911891.164630,-0.488,0.000,0.000,0.000
1789911891.168490,0.000,0.000,-0.488,0.000
1789911891.172350,-0.488,-0.977,-0.488,-1.465
1789911891.176209,-0.977,0.977,-0.488,2.441
1789911891.180069,4.883,-6.836,-2.930,-12.207
1789911891.183928,-1.465,-21.973,-23.926,-29.297
1789911891.187788,-4.395,-22.949,-43.945,-9.277
1789911891.191648,-0.977,-23.438,-39.062,-7.324
1789911891.195507,3.906,-22.949,-34.180,-25.391
1789911891.199367,13.672,-21.973,-36.133,-20.020
1789911891.203226,16.602,-21.484,-38.574,-15.625
1789911891.207086,20.508,-21.973,-33.203,-10.742
1789911891.209814,19.531,-23.438,-30.762,-13.672
1789911891.213579,11.230,-20.996,-25.879,-35.156
1789911891.217345,9.277,-15.625,-25.879,-13.672
1789911891.221110,24.902,-8.301,-27.832,17.090
1789911891.224875,27.344,-6.348,-23.438,7.324
1789911891.228641,16.113,-9.277,-24.414,-8.301
1789911891.232406,11.230,-12.207,-24.902,-8.301
1789911891.236171,20.996,-10.742,-15.137,23.926
1789911891.239936,15.137,-12.207,-19.043,16.113
1789911891.243702,12.695,-14.160,-27.344,-16.113
1789911891.247467,23.438,-9.766,-21.484,1.465
1789911891.251232,23.438,-5.859,-21.973,15.137
1789911891.252128,10.742,-12.695,-25.391,9.766
1789911891.255774,9.766,-18.066,-25.391,-9.277
1789911891.259419,11.719,-18.555,-29.297,-18.066
1789911891.263065,12.695,-23.926,-37.109,7.812
1789911891.266711,20.020,-21.484,-32.715,31.250
1789911891.270357,24.414,-18.555,-30.273,-0.488
1789911891.274002,21.484,-26.367,-37.109,-28.809
1789911891.277648,8.789,-29.297,-34.180,-5.859
1789911891.281294,-0.488,-22.949,-33.203,1.953
1789911891.284940,13.184,-21.484,-30.273,-14.648
1789911891.288585,15.625,-18.555,-27.344,-23.438
1789911891.292231,16.113,-15.137,-28.320,-10.254
1789911891.292007,27.344,-15.625,-22.949,7.812
1789911891.295545,27.832,-13.184,-25.879,0.488
1789911891.299084,25.391,-6.348,-17.090,-7.324
1789911891.302622,28.809,-6.836,-11.230,6.836
1789911891.306160,31.250,-14.160,-21.973,12.207
1789911891.309698,25.879,-18.066,-27.832,4.883
1789911891.313236,24.414,-17.090,-26.855,1.953
1789911891.316775,19.043,-16.602,-29.785,-3.418
1789911891.320313,10.742,-23.926,-32.715,-6.348
1789911891.323851,13.672,-22.949,-37.109,0.000
1789911891.327389,9.277,-20.508,-46.387,-19.531
1789911891.330928,14.160,-21.484,-38.574,-23.926
1789911891.332636,13.184,-26.367,-36.133,-3.418
1789911891.336136,0.000,-27.344,-46.875,-2.441
1789911891.339637,-5.859,-25.879,-41.992,-20.508
1789911891.343137,6.348,-21.973,-41.504,-49.805
1789911891.346637,29.785,-13.672,-45.898,-20.996
1789911891.350137,30.273,-16.602,-34.668,20.508
1789911891.353637,5.859,-27.344,-36.621,-4.395
1789911891.357137,-7.812,-34.668,-39.551,-33.203
1789911891.360637,-1.465,-34.180,-33.203,-22.949
1789911891.364137,1.465,-34.180,-34.180,-2.930
1789911891.367638,-5.859,-42.480,-28.809,-9.766
1789911891.371138,-17.090,-45.410,-29.297,-28.809
1789911891.371668,-16.113,-41.504,-25.879,-39.551
1789911891.375118,-26.367,-41.016,-23.438,-31.250
1789911891.378569,-30.273,-45.410,-23.438,-26.855
1789911891.382020,-15.137,-42.480,-15.137,-32.227
1789911891.385470,-5.859,-40.527,-16.602,-36.133
1789911891.388921,-11.230,-42.969,-15.625,-26.855
1789911891.392372,-5.859,-44.434,-20.020,-6.348
1789911891.395822,4.883,-40.039,-25.879,-4.883
1789911891.399273,4.883,-37.598,-31.250,-10.254
1789911891.402724,2.930,-40.039,-25.391,1.465
1789911891.406174,-5.371,-44.434,-26.367,7.324
1789911891.409625,-4.883,-38.086,-24.414,11.230
1789911891.412897,0.977,-27.832,-17.578,-9.277
1789911891.416345,0.000,-28.809,-20.020,-19.531
1789911891.419793,-0.977,-30.762,-15.625,4.883
1789911891.423241,0.977,-30.273,-19.043,0.000
1789911891.426689,5.859,-29.785,-23.438,-20.996
1789911891.430138,14.648,-30.273,-22.461,-27.344
1789911891.433586,13.184,-27.344,-21.484,-11.719
1789911891.437034,2.441,-25.391,-22.949,0.000
1789911891.440482,2.441,-25.879,-22.461,-5.859
1789911891.443930,6.348,-23.926,-26.367,-17.578
1789911891.447378,-8.301,-22.949,-29.785,-13.672
1789911891.450826,-11.230,-26.367,-26.855,5.371
1789911891.454681,-1.465,-29.297,-19.043,2.441
1789911891.458134,0.000,-28.320,-20.508,-8.789
1789911891.461587,-0.488,-22.461,-28.809,-10.254
1789911891.465040,7.324,-21.484,-23.438,-0.977
1789911891.468493,9.766,-23.438,-25.879,3.906
1789911891.471946,15.137,-22.461,-25.879,-10.742
1789911891.475399,21.973,-21.484,-24.414,-11.719
1789911891.478852,15.625,-21.484,-31.738,7.324
1789911891.482305,5.859,-23.926,-33.203,16.602
1789911891.485758,15.137,-24.902,-29.785,0.977
1789911891.489211,18.555,-30.762,-31.738,-11.230
1789911891.492664,15.625,-28.320,-38.086,1.953
1789911891.496864,11.230,-27.344,-36.621,14.648
1789911891.500325,4.395,-32.227,-38.574,-3.906
1789911891.503786,5.859,-33.691,-38.086,-32.715
1789911891.507247,-0.977,-33.691,-33.203,-30.273
1789911891.510708,-6.348,-33.203,-38.574,-17.090
1789911891.514168,-0.977,-35.645,-42.480,-26.367
1789911891.517629,6.348,-33.691,-42.480,-33.203
1789911891.521090,11.230,-33.203,-50.293,-7.812
1789911891.524551,13.184,-30.273,-45.410,7.812
1789911891.528011,6.348,-25.879,-32.715,-3.906
1789911891.531472,8.789,-18.555,-35.156,-12.695
1789911891.534933,17.090,-14.648,-29.297,-14.160
1789911891.539504,3.418,-18.555,-29.785,2.930
1789911891.542975,-0.488,-18.066,-37.598,1.465
1789911891.546446,8.301,-17.578,-38.086,-14.648
1789911891.549917,9.766,-22.949,-40.039,-9.766
1789911891.553388,6.836,-24.902,-32.715,-4.883
1789911891.556859,5.859,-15.625,-26.855,-1.465
1789911891.560330,14.160,-10.254,-29.297,-3.906
1789911891.563801,24.902,-12.695,-32.227,-6.836
1789911891.567272,19.043,-20.020,-35.645,-17.090
1789911891.570743,0.488,-24.414,-40.527,-21.973
1789911891.574214,0.977,-19.043,-41.992,-1.953
1789911891.577685,17.578,-19.043,-39.551,-9.766
1789911891.582432,10.254,-23.438,-40.039,-13.672
1789911891.585914,5.371,-24.902,-35.645,-3.418
1789911891.589396,16.602,-27.832,-38.574,0.000
1789911891.592877,14.648,-20.996,-40.039,-17.578
1789911891.596359,11.719,-19.043,-34.668,-37.109
1789911891.599841,11.230,-26.367,-41.992,-27.344
1789911891.603322,6.348,-23.926,-39.062,-27.344
1789911891.606804,6.836,-25.391,-37.598,-30.273
1789911891.610286,17.578,-26.367,-44.922,-29.297
1789911891.613767,11.719,-21.973,-39.551,-18.066
1789911891.617249,-1.953,-22.461,-40.039,7.812
1789911891.620731,-4.883,-29.297,-43.945,1.465
1789911891.625674,-1.953,-23.926,-41.016,-13.672
1789911891.629167,1.465,-19.043,-41.016,-12.207
1789911891.632660,7.812,-20.508,-32.715,0.977
1789911891.636153,18.555,-19.531,-31.738,0.488
1789911891.639646,16.113,-17.578,-36.133,-9.766
1789911891.643138,5.371,-19.043,-35.645,-18.555
1789911891.646631,-6.348,-22.461,-38.574,-2.441
1789911891.650124,-4.883,-25.391,-40.039,1.465
1789911891.653617,-7.812,-25.391,-43.945,-20.020
1789911891.657109,-0.488,-20.508,-42.480,-15.625
1789911891.660602,-4.395,-23.926,-38.574,-17.090
1789911891.664095,-0.488,-24.414,-40.527,-10.254
1789911891.669219,8.301,-19.531,-44.434,-9.766
1789911891.672723,0.977,-16.113,-41.992,-26.367
1789911891.676227,4.395,-15.137,-39.062,-25.391
1789911891.679731,-3.418,-17.090,-42.480,-14.648
1789911891.683235,-7.324,-20.508,-41.504,-1.953
1789911891.686739,1.465,-20.020,-42.969,-7.324
1789911891.690243,-5.371,-22.949,-37.109,-20.996
1789911891.693747,-3.906,-29.297,-36.621,-16.602
1789911891.697251,3.418,-26.855,-46.875,-8.301
1789911891.700755,5.859,-23.438,-41.992,-10.254
1789911891.704259,9.277,-15.137,-34.668,1.465
1789911891.707763,7.324,-14.160,-32.227,7.812
1789911891.712936,16.113,-13.672,-30.273,7.324
1789911891.716451,13.184,-13.184,-30.273,-2.930
1789911891.719966,15.137,-17.578,-34.668,-13.184
1789911891.723480,11.230,-16.113,-40.527,-5.371
1789911891.726995,3.906,-20.020,-42.969,-2.441
1789911891.730510,19.043,-23.926,-36.133,3.906
1789911891.734025,27.832,-19.531,-38.086,2.441
1789911891.737540,25.879,-21.973,-39.551,-16.602
1789911891.741054,14.648,-27.344,-39.551,-17.090
1789911891.744569,6.348,-26.367,-43.457,-19.043
1789911891.748084,2.930,-27.832,-45.898,-26.855
1789911891.751599,-3.906,-38.086,-45.410,-29.297
1789911891.758471,1.953,-41.016,-41.016,-18.066
1789911891.762006,11.230,-36.621,-37.109,-7.324
1789911891.765541,4.883,-30.762,-41.016,-22.949
1789911891.769076,10.254,-16.602,-40.527,-16.602
1789911891.772610,24.414,-3.418,-30.273,-6.348
1789911891.776145,32.227,-13.184,-32.227,-2.930
1789911891.779680,36.133,-29.297,-35.156,6.836
1789911891.783215,4.395,-23.438,-43.457,-27.344
1789911891.786749,-2.441,-12.207,-50.293,-35.645
1789911891.790284,13.672,-9.766,-52.246,-8.301
1789911891.793819,12.695,-5.859,-47.852,-6.348
1789911891.797354,4.395,-8.789,-47.852,-19.531
1789911891.804083,3.906,-20.020,-53.223,-21.484
1789911891.807636,16.602,-17.090,-49.805,-6.836
1789911891.811188,15.625,-15.137,-47.363,-10.254
1789911891.814741,13.672,-29.297,-44.922,-9.277
1789911891.818294,26.855,-30.273,-44.434,2.441
1789911891.821846,26.367,-21.484,-37.109,6.348
1789911891.825398,22.949,-18.066,-28.809,15.625
1789911891.828951,28.320,-15.137,-31.250,-3.906
1789911891.832504,11.719,-35.156,-39.551,-16.113
1789911891.836056,0.000,-37.109,-48.828,0.000
1789911891.839609,16.602,-28.809,-35.645,4.883
1789911891.843161,14.160,-52.246,-36.621,-18.066
1789911891.849673,-4.395,-67.383,-51.758,-32.227
1789911891.853241,-9.277,-80.078,-57.617,-33.691
1789911891.856809,-1.465,-108.887,-56.152,-31.738
1789911891.860377,1.465,-130.859,-53.711,-8.301
1789911891.863945,-3.418,-141.602,-61.035,-18.555
1789911891.867512,-12.695,-160.156,-64.941,-32.227
1789911891.871080,-24.902,-182.617,-63.965,-29.785
1789911891.874648,-30.273,-202.148,-66.895,-38.574
1789911891.878216,-21.484,-221.680,-75.684,-44.434
1789911891.881784,-24.414,-237.793,-84.473,-43.945
1789911891.885352,-36.621,-236.816,-92.285,-49.805
1789911891.888920,-42.969,-252.930,-98.145,-66.406
1789911891.895282,-38.574,-290.527,-106.934,-64.453
1789911891.898863,-35.156,-302.734,-110.352,-65.430
1789911891.902445,-42.969,-314.941,-115.723,-72.754
1789911891.906027,-42.480,-322.754,-122.070,-69.336
1789911891.909608,-60.059,-328.613,-123.047,-83.008
1789911891.913190,-68.848,-331.543,-130.371,-107.910
1789911891.916771,-60.547,-327.637,-139.160,-104.004
1789911891.920353,-56.641,-330.566,-140.625,-86.914
1789911891.923935,-48.828,-329.102,-142.090,-86.914
1789911891.927516,-49.316,-324.707,-144.043,-88.379
1789911891.931098,-48.828,-322.266,-136.230,-77.148
1789911891.934680,-58.594,-326.172,-128.418,-63.477
1789911891.940844,-81.055,-332.031,-128.906,-56.152
1789911891.944437,-72.754,-321.289,-125.000,-62.988
1789911891.948031,-54.199,-298.340,-118.164,-70.312
1789911891.951625,-78.125,-290.039,-118.652,-78.125
1789911891.955218,-84.961,-289.062,-116.211,-76.172
1789911891.958812,-63.965,-280.273,-114.258,-74.219
1789911891.962405,-67.383,-267.578,-117.188,-80.566
1789911891.965999,-70.312,-263.184,-113.770,-73.730
1789911891.969592,-69.824,-254.883,-116.211,-67.383
1789911891.973186,-64.941,-241.211,-116.699,-60.059
1789911891.976780,-67.383,-231.934,-117.676,-70.312
1789911891.980373,-72.754,-222.656,-124.023,-72.754
1789911891.986392,-67.871,-217.285,-120.605,-64.941
1789911891.989996,-68.848,-213.867,-117.676,-76.172
1789911891.993600,-74.707,-207.031,-117.676,-88.379
1789911891.997204,-62.988,-199.707,-113.770,-81.543
1789911892.000808,-47.852,-194.336,-104.492,-65.918
1789911892.004413,-49.805,-187.500,-96.191,-69.824
1789911892.008017,-49.805,-180.176,-96.680,-76.660
1789911892.011621,-42.969,-175.293,-90.332,-79.102
1789911892.015225,-28.809,-164.551,-77.148,-78.125
1789911892.018829,-34.180,-154.785,-71.777,-68.359
1789911892.022434,-51.270,-151.367,-77.148,-55.664
1789911892.026038,-39.551,-144.531,-79.590,-55.176
1789911892.032015,-38.086,-132.324,-76.172,-62.012
1789911892.035629,-41.504,-123.047,-75.195,-63.477
1789911892.039243,-35.645,-120.605,-74.219,-62.012
1789911892.042857,-28.809,-115.723,-66.406,-62.012
1789911892.046471,-28.320,-112.305,-67.383,-52.734
1789911892.050085,-33.203,-106.445,-67.383,-38.574
1789911892.053699,-26.367,-97.168,-64.941,-36.621
1789911892.057314,-26.367,-92.285,-70.801,-39.551
1789911892.060928,-26.855,-86.914,-73.730,-43.457
1789911892.064542,-21.484,-84.961,-72.266,-37.109
1789911892.068156,-16.602,-83.984,-69.824,-39.551
1789911892.071770,-9.766,-70.312,-65.430,-42.969
1789911892.077555,2.441,-56.641,-52.246,-32.227
1789911892.081178,14.648,-47.852,-52.734,-27.832
1789911892.084800,9.766,-36.621,-52.246,-35.645
1789911892.088423,-6.348,-33.691,-50.293,-44.434
1789911892.092046,-10.742,-36.133,-57.129,-45.898
1789911892.095669,-0.977,-23.926,-55.664,-31.738
1789911892.099291,1.953,-15.625,-46.875,-25.879
1789911892.102914,-1.465,-12.207,-44.434,-31.738
1789911892.106537,4.395,-1.465,-40.039,-13.672
1789911892.110159,15.625,1.953,-35.645,-15.137
1789911892.113782,20.996,5.859,-42.480,-38.086
1789911892.117405,13.184,7.812,-37.109,-27.832
1789911892.124392,16.113,11.719,-30.273,-20.020
1789911892.128028,19.531,20.020,-32.227,-25.391
1789911892.131663,17.090,21.973,-24.902,-18.066
1789911892.135299,16.602,24.902,-18.066,-15.625
1789911892.138934,18.066,32.715,-19.531,-11.719
1789911892.142570,16.602,39.062,-20.996,-8.301
1789911892.146205,7.324,41.016,-15.137,-10.742
1789911892.149840,15.625,41.992,-13.672,-25.879
1789911892.153476,24.414,45.410,-15.137,-26.855
1789911892.157111,23.438,48.340,-12.695,-6.836
1789911892.160747,24.414,51.270,-15.137,-15.137
1789911892.164382,18.555,51.758,-17.578,-15.137
1789911892.171223,13.184,42.969,-23.438,4.395
1789911892.174870,16.602,42.969,-20.508,7.812
1789911892.178517,24.414,45.410,-14.160,14.160
1789911892.182164,31.250,41.504,-16.113,20.996
1789911892.185811,23.438,43.945,-17.090,17.578
1789911892.189458,20.996,48.828,-24.414,7.324
1789911892.193105,27.344,50.781,-10.742,7.324
1789911892.196753,27.832,44.434,5.371,15.625
1789911892.200400,27.344,43.457,1.953,22.949
1789911892.204047,37.109,48.340,4.883,31.738
1789911892.207694,41.016,47.363,3.906,19.043
1789911892.211341,34.668,43.457,-5.371,19.531
1789911892.217866,28.809,39.551,-11.230,20.996
1789911892.221523,31.250,37.109,-0.488,15.137
1789911892.225180,45.898,45.898,8.789,25.879
1789911892.228837,39.551,47.852,0.000,23.438
1789911892.232494,30.762,42.480,-4.883,22.461
1789911892.236151,33.691,48.828,0.488,16.602
1789911892.239808,31.738,47.852,-0.977,10.254
1789911892.243465,26.855,38.574,-2.441,19.043
1789911892.247122,38.574,38.574,-7.812,17.578
1789911892.250779,38.086,41.016,-5.371,12.695
1789911892.254436,38.086,38.574,-4.395,18.066
1789911892.258094,36.133,37.598,-9.277,19.043
1789911892.265527,21.484,41.016,5.371,1.465
1789911892.269197,29.297,47.363,10.254,21.484
1789911892.272867,42.969,46.875,2.930,45.410
1789911892.276536,33.691,51.758,1.465,35.156
1789911892.280206,21.484,65.918,1.465,4.883
1789911892.283876,21.484,67.871,-10.254,-7.324
1789911892.287545,16.602,59.082,-16.602,0.000
1789911892.291215,23.438,54.688,-8.301,6.348
1789911892.294885,27.832,60.547,-7.324,14.160
1789911892.298554,23.438,53.223,-18.066,7.812
1789911892.302224,24.902,44.922,-18.066,1.953
1789911892.305894,22.461,45.898,-18.066,3.906
1789911892.311835,8.789,51.758,-14.160,2.930
1789911892.315511,9.766,54.199,-0.977,-10.742
1789911892.319189,24.414,46.875,0.488,-12.207
1789911892.322865,14.160,42.480,-8.301,-7.812
1789911892.326542,2.930,39.062,-20.508,-10.254
1789911892.330219,9.766,38.574,-23.438,-24.902
1789911892.333896,11.230,38.086,-18.555,-24.414
1789911892.337573,13.672,43.457,-12.207,-11.719
1789911892.341250,8.301,46.387,-20.020,-14.648
1789911892.344927,-4.883,32.227,-24.902,-29.785
1789911892.348604,-4.395,21.973,-25.391,-28.320
1789911892.352281,-4.395,22.461,-28.320,-16.602
1789911892.358661,0.488,20.508,-26.367,-27.832
1789911892.362346,11.719,26.367,-23.438,-35.645
1789911892.366031,15.625,29.297,-26.367,-31.738
1789911892.369717,6.836,28.809,-32.227,-23.926
1789911892.373402,12.207,36.621,-23.926,-18.066
1789911892.377087,22.949,35.645,-23.438,-28.320
1789911892.380773,20.508,29.297,-20.996,-19.531
1789911892.384458,11.719,28.320,-12.207,-12.695
1789911892.388143,13.672,26.367,-18.066,-10.742
1789911892.391829,23.926,28.320,-21.973,-5.371
1789911892.395514,16.113,24.902,-16.602,-11.719
1789911892.399199,0.488,13.184,-20.508,-17.090
1789911892.404919,-4.883,4.395,-29.297,-15.137
1789911892.408610,-4.883,1.953,-27.832,-10.742
1789911892.412302,-0.977,1.465,-33.203,-12.695
1789911892.415993,1.953,10.254,-40.039,-7.812
1789911892.419684,9.277,14.648,-35.645,2.441
1789911892.423376,14.160,12.695,-30.273,10.742
1789911892.427067,17.090,9.277,-31.738,3.906
1789911892.430758,20.508,10.254,-30.273,-6.348
1789911892.434450,15.137,16.113,-25.879,-0.977
1789911892.438141,10.254,16.113,-25.879,7.812
1789911892.441832,17.090,16.602,-22.949,0.488
1789911892.445524,11.719,14.648,-27.832,-4.395
1789911892.451035,11.230,14.648,-33.203,6.348
1789911892.454731,12.207,12.695,-33.691,-0.977
1789911892.458428,7.812,7.812,-37.598,-2.441
1789911892.462125,-0.488,3.906,-36.621,-5.371
1789911892.465821,-6.348,-3.906,-37.109,-14.160
1789911892.469518,4.883,-3.418,-32.227,-10.254
1789911892.473214,21.973,2.930,-28.320,-15.625
1789911892.476911,34.180,1.465,-28.809,-18.555
1789911892.480608,32.227,8.789,-24.902,-11.230
1789911892.484304,41.992,20.020,-17.090,2.441
1789911892.488001,40.039,20.020,-10.254,-2.441
1789911892.491697,19.531,23.926,-15.137,-20.996
1789911892.498183,12.207,31.250,-26.367,-18.555
1789911892.501887,9.766,28.320,-29.785,-12.695
1789911892.505591,9.277,26.855,-37.109,-5.371
1789911892.509296,11.719,30.273,-36.621,-7.812
1789911892.513000,20.996,27.832,-26.855,-20.508
1789911892.516704,16.602,20.996,-31.738,-28.320
1789911892.520409,10.742,21.973,-33.691,-25.391
1789911892.524113,16.602,20.508,-23.438,-19.531
1789911892.527817,16.602,20.508,-20.996,-19.043
1789911892.531522,12.695,27.344,-23.438,-14.648
1789911892.535226,11.719,31.250,-27.344,-10.742
1789911892.538930,10.254,35.156,-27.832,-8.789
1789911892.545116,12.695,35.645,-26.855,-10.254
1789911892.548827,-1.953,28.809,-28.320,1.465
1789911892.552538,-17.090,23.438,-26.855,1.953
1789911892.556249,-16.113,22.949,-22.949,-6.348
1789911892.559960,-11.230,30.273,-16.602,0.488
1789911892.563671,-10.742,36.133,-10.742,9.277
1789911892.567382,-20.996,32.227,-10.254,0.488
1789911892.571093,-21.973,26.367,-7.812,-20.020
1789911892.574804,-15.137,27.832,-10.742,-14.648
1789911892.578515,-17.090,33.203,-18.555,-11.719
1789911892.582226,-60.547,35.156,-18.066,-1.953
1789911892.585937,-131.348,33.691,-12.207,10.742
1789911892.591951,-156.738,32.227,-8.301,5.859
1789911892.595668,-162.598,32.715,-14.160,-0.488
1789911892.599385,-174.316,29.785,-17.578,2.930
1789911892.603102,-182.617,24.414,-18.066,4.395
1789911892.606819,-177.246,23.926,-18.066,-15.137
1789911892.610536,-171.875,21.973,-15.137,-16.113
1789911892.614253,-173.340,22.461,-13.672,-6.348
1789911892.617970,-166.504,30.273,-21.484,-7.324
1789911892.621686,-158.691,26.367,-20.508,-20.020
1789911892.625404,-147.461,22.461,-15.137,-13.184
1789911892.629121,-136.230,24.414,-19.043,-17.578
1789911892.632838,-130.371,26.855,-17.578,-14.648
1789911892.638698,-125.000,27.832,-15.625,11.230
1789911892.642420,-125.977,28.320,-12.207,-5.859
1789911892.646143,-123.047,31.250,-15.625,-24.902
1789911892.649865,-118.164,55.176,-18.066,-20.020
1789911892.653588,-120.605,67.383,-19.043,-27.344
1789911892.657310,-118.164,59.570,-17.578,-17.090
1789911892.661032,-112.793,58.105,-12.207,-12.207
1789911892.664755,-108.887,55.176,-16.113,-10.742
1789911892.668477,-101.074,55.176,-16.602,-0.977
1789911892.672199,-95.703,52.734,-16.113,-7.324
1789911892.675922,-83.984,52.734,-17.090,-7.324
1789911892.679644,-75.684,51.758,-20.996,-12.207
1789911892.685333,-69.824,52.246,-24.414,-21.484
1789911892.689060,-67.383,48.828,-27.344,-19.531
1789911892.692787,-69.336,39.062,-29.297,-29.297
1789911892.696515,-69.336,32.715,-30.273,-41.992
1789911892.700242,-70.312,28.320,-27.832,-32.715
1789911892.703969,-64.453,31.250,-21.973,-28.320
1789911892.707696,-62.500,29.297,-24.902,-23.926
1789911892.711423,-58.594,22.461,-25.391,-18.555
1789911892.715151,-51.270,24.902,-20.020,-14.160
1789911892.718878,-66.406,22.949,-20.508,-17.090
1789911892.722605,-65.430,20.020,-22.949,-5.859
1789911892.726332,-50.781,24.414,-20.996,-7.812
1789911892.731845,-47.852,21.973,-25.391,-20.508
1789911892.735576,-56.641,13.184,-24.414,-9.766
1789911892.739308,-58.594,9.766,-19.531,-11.719
1789911892.743039,-50.781,10.742,-22.949,-15.137
1789911892.746771,-46.875,11.719,-23.926,-17.578
1789911892.750502,-43.945,9.766,-23.926,-12.695
1789911892.754234,-47.852,7.324,-15.625,-2.441
1789911892.757965,-47.363,4.883,-20.020,-1.465
1789911892.761697,-47.363,0.488,-25.879,-14.648
1789911892.765428,-37.598,5.859,-21.973,0.488
1789911892.769160,-20.996,6.836,-24.902,9.277
1789911892.772891,-9.766,-3.418,-28.320,0.977
1789911892.778327,-10.254,-10.742,-25.879,-8.789
1789911892.782062,-18.066,-9.277,-26.367,-11.230
1789911892.785798,-25.879,-8.789,-31.738,2.930
1789911892.789533,-25.879,-10.742,-25.391,-2.441
1789911892.793268,-21.973,-10.742,-24.414,-14.648
1789911892.797004,-25.879,-12.695,-38.086,-21.484
1789911892.800739,-32.227,-15.625,-35.156,-18.066
1789911892.804475,-30.273,-13.672,-30.273,-33.203
1789911892.808210,-33.691,-18.066,-34.180,-41.016
1789911892.811945,-38.086,-22.461,-30.762,-26.855
1789911892.815681,-37.109,-16.113,-23.438,-21.973
1789911892.819416,-29.785,-12.207,-16.602,-3.906
1789911892.825623,-23.926,-15.137,-22.949,1.953
1789911892.829364,-16.602,-18.066,-24.414,-6.348
1789911892.833105,-20.996,-21.484,-16.602,-10.254
1789911892.836846,-27.832,-21.484,-18.555,-22.461
1789911892.840587,-26.367,-17.578,-22.949,-40.527
1789911892.844328,-26.367,-20.020,-31.250,-24.414
1789911892.848069,-23.926,-25.879,-36.133,-21.484
1789911892.851810,-22.949,-23.926,-32.227,-26.367
1789911892.855551,-31.250,-21.973,-28.320,-23.438
1789911892.859292,-32.227,-23.438,-23.438,-36.621
1789911892.863033,-30.273,-23.438,-23.926,-28.320
1789911892.866774,-30.273,-23.438,-21.973,-28.809
1789911892.872825,-24.902,-25.879,-29.297,-43.945
1789911892.876571,-17.090,-32.227,-32.715,-33.691
1789911892.880317,-18.555,-35.156,-32.227,-31.738
1789911892.884063,-35.156,-40.527,-33.203,-30.273
1789911892.887809,-36.621,-41.504,-30.273,-26.367
1789911892.891555,-27.832,-38.086,-29.297,-35.156
1789911892.895301,-36.133,-40.039,-33.691,-48.340
1789911892.899047,-39.551,-39.551,-36.621,-50.781
1789911892.902793,-30.762,-40.039,-31.250,-42.480
1789911892.906539,-35.645,-38.086,-23.438,-34.180
1789911892.910285,-40.527,-31.250,-21.973,-38.574
1789911892.914032,-36.621,-30.273,-18.555,-47.363
1789911892.919832,-35.645,-30.762,-18.555,-41.992
1789911892.923583,-30.273,-31.738,-23.926,-23.926
1789911892.927333,-20.996,-36.133,-21.973,-28.809
1789911892.931083,-24.902,-41.504,-23.926,-36.133
1789911892.934834,-39.551,-46.387,-25.879,-28.809
1789911892.938584,-33.203,-42.969,-22.461,-21.484
1789911892.942335,-13.672,-41.504,-18.555,-26.367
1789911892.946085,-22.461,-47.363,-22.949,-40.527
1789911892.949836,-36.621,-49.805,-20.508,-28.809
1789911892.953586,-40.527,-58.105,-22.949,-20.508
1789911892.957336,-53.711,-63.965,-27.832,-30.273
1789911892.961087,-43.457,-57.129,-24.414,-32.227
1789911892.966821,0.000,-50.781,-28.320,-32.227
1789911892.970576,0.000,-44.434,-25.879,-32.715
1789911892.974331,0.000,-44.434,-20.508,-41.504
1789911892.978085,0.000,-47.852,-21.973,-48.340
1789911892.981840,0.000,-39.551,-21.973,-29.297
1789911892.985594,0.000,-38.574,-21.484,-26.855
1789911892.989349,0.000,-41.504,-19.531,-33.691
1789911892.993103,0.000,-43.457,-17.578,-31.250
1789911892.996858,0.000,-44.434,-15.625,-29.785
1789911893.000612,0.000,-47.852,-13.672,-31.738
1789911893.004367,0.000,-46.387,-15.625,-30.762
1789911893.008122,0.000,-43.457,-17.578,-25.879
1789911893.013648,-21.973,-42.480,-16.602,-26.367
1789911893.017406,-17.578,-37.598,-20.508,-24.902
1789911893.021164,-9.277,-34.180,-20.508,-24.902
1789911893.024922,-5.371,-34.180,-20.508,-24.902
1789911893.028680,-9.277,-33.203,-19.531,-20.508
1789911893.032439,-11.230,-34.668,-19.531,-8.301
1789911893.036197,-10.742,-39.062,-23.926,-19.531
1789911893.039955,-10.254,-35.156,-20.020,-15.625
1789911893.043713,-12.695,-37.598,-15.137,-14.648
1789911893.047471,-15.137,-37.109,-13.184,-13.672
1789911893.051229,-22.461,-39.551,-16.113,-21.484
1789911893.054987,-14.648,-45.898,-19.043,-29.297
1789911893.060414,-6.348,-37.598,-22.461,-14.160
1789911893.064175,-25.879,-37.598,-25.391,-23.926
1789911893.067937,-32.227,-39.551,-27.344,-35.645
1789911893.071698,-26.367,-34.180,-25.879,-36.621
1789911893.075460,-18.555,-28.809,-25.391,-30.273
1789911893.079221,-19.043,-26.367,-24.414,-29.297
1789911893.082983,-22.461,-29.297,-14.648,-26.855
1789911893.086744,-20.996,-34.668,-11.719,-29.297
1789911893.090506,-21.484,-38.574,-23.926,-33.691
1789911893.094267,-32.715,-43.945,-32.715,-29.785
1789911893.098028,-38.574,-45.410,-32.715,-29.785
1789911893.101790,-41.992,-43.457,-36.133,-33.203
1789911893.107933,-36.621,-44.434,-37.598,-29.297
1789911893.111699,-23.438,-42.480,-33.203,-29.297
1789911893.115465,-25.391,-39.551,-29.297,-47.852
1789911893.119232,-21.973,-35.156,-23.438,-45.410
1789911893.122998,-17.578,-31.250,-28.320,-33.691
1789911893.126764,-23.926,-34.180,-33.203,-37.598
1789911893.130530,-18.066,-32.227,-29.297,-29.785
1789911893.134296,-12.207,-32.715,-32.715,-45.410
1789911893.138062,-30.273,-37.598,-41.016,-59.570
1789911893.141828,-27.832,-36.133,-41.992,-49.316
1789911893.145594,-15.625,-31.738,-39.062,-43.457
1789911893.149360,-8.301,-28.809,-34.180,-36.133
1789911893.155261,-14.160,-23.438,-26.855,-35.645
1789911893.159031,-26.367,-23.926,-30.273,-28.809
1789911893.162801,-25.391,-26.367,-32.715,-27.832
1789911893.166571,-22.949,-24.902,-30.762,-36.621
1789911893.170341,-13.672,-21.973,-33.203,-38.574
1789911893.174111,-5.371,-24.902,-34.668,-37.109
1789911893.177881,-13.184,-30.762,-36.133,-28.320
1789911893.181652,-19.043,-32.227,-35.645,-29.297
1789911893.185422,-11.719,-34.180,-40.039,-30.762
1789911893.189192,-5.371,-32.715,-48.340,-20.508
1789911893.192962,-8.301,-31.738,-43.457,-15.137
1789911893.196732,-10.742,-28.809,-41.016,-35.156
1789911893.201726,-8.789,-21.484,-43.457,-46.875
1789911893.205499,-11.719,-18.555,-46.875,-44.922
1789911893.209271,-4.883,-17.090,-44.922,-50.781
1789911893.213043,-2.930,-16.113,-36.133,-34.668
1789911893.216816,-6.348,-20.508,-41.016,-34.180
1789911893.220588,-1.465,-18.066,-47.852,-37.109
1789911893.224360,-8.301,-17.578,-38.574,-29.785
1789911893.228133,-20.020,-19.531,-37.109,-30.762
1789911893.231905,-22.461,-17.578,-35.156,-31.738
1789911893.235678,-20.996,-19.531,-32.715,-27.344
1789911893.239450,-18.066,-21.484,-36.133,-24.414
1789911893.243222,-11.230,-29.785,-37.109,-29.297
1789911893.249094,-15.625,-33.691,-30.762,-35.645
1789911893.252871,-17.578,-26.367,-34.668,-32.227
1789911893.256647,-25.391,-28.320,-38.574,-23.926
1789911893.260423,-33.691,-31.738,-29.785,-27.344
1789911893.264199,-31.250,-30.762,-33.203,-39.551
1789911893.267975,-39.062,-34.180,-29.785,-41.504
1789911893.271752,-43.945,-40.527,-32.227,-46.875
1789911893.275528,-35.645,-37.598,-40.527,-40.527
1789911893.279304,-28.809,-31.738,-33.691,-40.039
1789911893.283080,-29.785,-34.180,-32.715,-45.410
1789911893.286856,-32.227,-39.062,-35.645,-40.527
1789911893.290632,-29.785,-36.133,-30.273,-29.297
1789911893.296132,-30.273,-33.691,-26.367,-18.066
1789911893.299911,-29.297,-38.574,-29.297,-25.391
1789911893.303690,-17.090,-39.551,-28.320,-35.645
1789911893.307470,-26.367,-43.457,-35.645,-44.434
1789911893.311249,-31.250,-42.969,-41.504,-49.316
1789911893.315028,-25.879,-43.457,-36.133,-45.410
1789911893.318808,-45.898,-46.387,-32.227,-45.898
1789911893.322587,-52.734,-43.457,-33.203,-49.805
1789911893.326366,-48.340,-43.457,-33.691,-38.574
1789911893.330145,-45.898,-41.504,-30.762,-20.020
1789911893.333925,-30.762,-41.504,-33.203,-27.832
1789911893.337704,-18.555,-40.039,-34.180,-38.086
1789911893.343160,0.000,-34.668,-25.391,-37.109
1789911893.346942,0.000,-36.133,-23.438,-32.715
1789911893.350724,0.000,-32.227,-22.461,-35.645
1789911893.354507,0.000,-21.484,-20.020,-38.574
1789911893.358289,0.000,-19.043,-18.555,-27.832
1789911893.362071,0.000,-23.926,-25.391,-30.273
1789911893.365853,0.000,-29.297,-27.344,-39.551
1789911893.369635,0.000,-24.902,-21.484,-36.621
1789911893.373418,0.000,-22.949,-22.949,-35.156
1789911893.377200,0.000,-23.926,-31.250,-29.297
1789911893.380982,0.000,-24.414,-30.273,-32.227
1789911893.384764,0.000,-30.762,-26.367,-37.109
1789911893.390094,-37.109,-37.109,-28.320,-17.090
1789911893.393879,-24.902,-30.762,-25.879,-11.230
1789911893.397664,-24.902,-30.762,-24.414,-38.574
1789911893.401448,-38.086,-33.203,-21.973,-42.480
1789911893.405233,-36.133,-28.320,-17.578,-32.715
1789911893.409018,-35.156,-29.297,-27.344,-41.992
1789911893.412803,-33.203,-36.621,-31.738,-45.410
1789911893.416588,-35.156,-35.156,-26.855,-28.320
1789911893.420372,-28.809,-31.250,-25.391,-16.602
1789911893.424157,-28.809,-36.133,-30.273,-33.691
1789911893.427942,-36.133,-33.691,-30.273,-32.227
1789911893.431727,-35.156,-32.715,-26.855,-35.156
1789911893.437145,0.000,-38.574,-30.762,-42.969
1789911893.440933,0.000,-38.574,-35.156,-51.270
1789911893.444720,0.000,-32.715,-30.273,-39.062
1789911893.448508,0.000,-31.250,-25.391,-35.645
1789911893.452295,0.000,-36.621,-24.414,-46.875
1789911893.456083,0.000,-26.367,-23.438,-23.438
1789911893.459870,0.000,-19.043,-19.043,-12.207
1789911893.463658,0.000,-26.367,-14.160,-15.137
1789911893.467445,0.000,-24.414,-17.578,-6.836
1789911893.471233,0.000,-18.066,-20.020,-5.859
1789911893.475020,0.000,-21.484,-17.090,-15.137
1789911893.478808,0.000,-21.973,-11.719,-9.277
1789911893.484006,-6.348,-20.508,-7.812,-14.648
1789911893.487796,-5.859,-21.484,-9.277,-18.066
1789911893.491586,3.906,-22.461,-11.230,-11.719
1789911893.495376,6.348,-21.973,-15.137,-20.508
1789911893.499166,13.184,-19.531,-11.719,-24.414
1789911893.502955,9.766,-20.020,-13.184,-18.066
1789911893.506745,-3.906,-24.902,-15.625,-16.113
1789911893.510535,-10.254,-25.391,-16.602,-9.766
1789911893.514325,-13.184,-24.414,-16.602,-10.254
1789911893.518115,-6.348,-29.297,-10.742,-17.090
1789911893.521905,-10.742,-27.832,-13.672,-10.254
1789911893.525695,-6.348,-19.531,-10.742,-6.348
1789911893.530572,-12.695,-24.414,-8.789,-23.926
1789911893.534364,-17.090,-29.785,-16.602,-36.621
1789911893.538155,-13.184,-25.879,-17.090,-38.574
1789911893.541947,-15.625,-26.855,-18.066,-22.461
1789911893.545738,-9.277,-27.832,-19.531,-17.090
1789911893.549530,-12.207,-21.484,-22.461,-24.902
1789911893.553321,-12.695,-16.602,-15.625,-20.508
1789911893.557113,-2.441,-20.996,-10.742,-16.602
1789911893.560905,-2.441,-21.484,-15.625,-20.020
1789911893.564696,-2.930,-18.555,-10.742,-19.531
1789911893.568488,-6.836,-20.996,-5.859,-17.090
1789911893.572279,0.000,-22.461,-12.207,-15.625
1789911893.577118,-0.488,-25.391,-10.254,-8.789
1789911893.580911,3.906,-23.926,-9.766,-16.602
1789911893.584704,16.602,-20.020,-15.137,-26.367
1789911893.588497,17.090,-25.391,-19.043,-32.715
1789911893.592291,16.113,-23.926,-21.484,-31.738
1789911893.596084,22.461,-21.973,-20.996,-17.578
1789911893.599877,24.902,-25.879,-15.625,-14.648
1789911893.603670,14.160,-27.344,-13.184,-14.648
1789911893.607464,7.324,-22.949,-17.578,-7.812
1789911893.611257,11.230,-19.043,-17.090,-5.859
1789911893.615050,13.184,-19.043,-14.648,-11.719
1789911893.618843,21.484,-22.461,-18.555,-7.324
1789911893.624278,0.000,-26.367,-21.484,3.418
1789911893.628074,0.000,-26.367,-19.531,-6.348
1789911893.631870,0.000,-25.391,-23.438,-27.832
1789911893.635665,0.000,-24.902,-21.484,-24.902
1789911893.639461,0.000,-22.949,-18.555,-18.555
1789911893.643257,0.000,-27.832,-20.508,-21.484
1789911893.647053,0.000,-36.133,-24.902,-19.043
1789911893.650848,0.000,-38.086,-28.809,-30.273
1789911893.654644,0.000,-32.715,-20.996,-30.273
1789911893.658440,0.000,-31.738,-18.066,-16.113
1789911893.662235,0.000,-35.156,-25.879,-22.461
1789911893.666031,0.000,-32.715,-31.738,-26.855
1789911893.671300,3.906,-33.691,-31.738,-18.066
1789911893.675098,-1.953,-33.203,-27.832,-13.184
1789911893.678896,9.277,-36.133,-34.180,-15.137
1789911893.682694,16.113,-39.062,-38.574,-19.043
1789911893.686492,13.184,-31.250,-33.203,-25.391
1789911893.690290,8.301,-30.762,-27.832,-13.184
1789911893.694088,14.160,-28.809,-23.926,11.230
1789911893.697886,14.160,-27.832,-24.414,-6.348
1789911893.701684,10.254,-29.785,-24.414,-8.789
1789911893.705482,6.348,-35.645,-20.996,-2.930
1789911893.709280,9.277,-38.086,-23.438,-34.180
1789911893.713078,16.113,-34.668,-23.438,-37.109
1789911893.718334,12.695,-28.320,-17.578,-20.508
1789911893.722134,7.324,-25.879,-15.137,-20.508
1789911893.725934,-1.953,-29.785,-15.137,-20.996
1789911893.729734,6.348,-28.809,-11.719,-16.113
1789911893.733534,16.602,-28.320,-15.137,-21.484
1789911893.737334,11.719,-28.320,-16.602,-24.414
1789911893.741135,9.766,-30.762,-22.461,-20.508
1789911893.744935,12.207,-32.227,-24.902,-24.902
1789911893.748735,3.906,-34.668,-15.625,-28.809
1789911893.752535,1.465,-33.203,-14.160,-19.043
1789911893.756335,2.441,-25.391,-18.555,-26.367
1789911893.760135,-3.418,-27.832,-23.926,-36.621
1789911893.765198,-1.465,-38.086,-31.738,-27.832
1789911893.769000,-0.977,-39.062,-32.227,-31.738
1789911893.772802,-7.812,-34.668,-31.738,-44.922
1789911893.776604,2.930,-32.715,-29.785,-33.691
1789911893.780406,5.859,-30.762,-30.273,-27.832
1789911893.784208,1.953,-28.809,-39.551,-40.527
1789911893.788010,3.906,-28.320,-35.645,-29.785
1789911893.791812,8.301,-26.855,-21.973,-10.254
1789911893.795614,12.207,-29.297,-20.020,-18.066
1789911893.799416,5.859,-26.855,-25.879,-25.879
1789911893.803218,4.395,-19.043,-24.414,-27.832
1789911893.807020,1.465,-25.391,-28.320,-28.809
1789911893.811984,-1.465,-33.203,-33.691,-19.043
1789911893.815788,3.906,-30.762,-35.156,-24.414
1789911893.819591,5.859,-26.367,-32.227,-36.133
1789911893.823395,3.906,-23.926,-26.855,-25.391
1789911893.827199,3.906,-27.832,-29.785,-17.578
1789911893.831002,3.418,-27.832,-27.832,-37.109
1789911893.834806,0.488,-26.367,-25.879,-36.621
1789911893.838610,-0.488,-21.973,-25.391,-8.301
1789911893.842413,-1.953,-17.090,-20.508,-11.230
1789911893.846217,-7.812,-16.113,-18.555,-26.367
1789911893.850021,-3.418,-13.672,-21.973,-24.414
1789911893.853824,7.812,-16.113,-25.879,-20.996
1789911893.858705,-1.465,-20.996,-20.996,-19.043
1789911893.862510,-9.277,-19.531,-12.207,-20.020
1789911893.866315,-1.465,-22.461,-23.438,-15.137
1789911893.870121,-6.836,-25.391,-24.902,-12.695
1789911893.873926,-10.742,-23.926,-17.090,-14.648
1789911893.877731,-9.766,-27.344,-23.438,-9.277
1789911893.881536,0.488,-27.344,-22.461,-0.488
1789911893.885341,-0.488,-26.367,-17.090,-9.277
1789911893.889146,-9.277,-27.344,-18.555,-21.973
1789911893.892951,-11.230,-30.273,-16.602,-20.508
1789911893.896757,-2.441,-28.809,-16.602,-23.438
1789911893.900562,3.418,-22.461,-19.531,-24.414
1789911893.905969,3.418,-26.855,-20.508,-23.926
1789911893.909776,4.883,-26.367,-17.578,-20.508
1789911893.913584,2.441,-18.555,-17.578,-13.672
1789911893.917391,5.859,-17.578,-19.043,-26.367
1789911893.921199,6.836,-15.137,-14.648,-30.273
1789911893.925006,7.812,-5.371,-13.672,-14.648
1789911893.928813,10.742,-3.906,-16.113,-0.977
1789911893.932621,5.371,-9.277,-11.719,-13.672
1789911893.936428,-4.883,-10.742,-13.184,-32.227
1789911893.940236,3.906,-12.207,-15.137,-17.090
1789911893.944043,4.883,-14.648,-20.020,-15.625
1789911893.947850,-5.859,-22.949,-23.926,-21.973
1789911893.952551,-5.859,-26.367,-18.066,-31.250
1789911893.956360,-3.906,-16.602,-19.043,-27.344
1789911893.960168,3.906,-13.672,-23.926,-12.207
1789911893.963977,0.977,-20.508,-26.855,-25.391
1789911893.967786,2.930,-22.461,-25.879,-35.156
1789911893.971594,5.371,-17.090,-21.484,-28.809
1789911893.975403,5.859,-12.695,-25.879,-19.043
1789911893.979211,3.418,-8.301,-27.344,-13.672
1789911893.983020,-10.254,-9.766,-24.414,-20.996
1789911893.986829,-2.930,-14.648,-22.949,-8.301
1789911893.990637,4.883,-9.766,-24.902,1.465
1789911893.994446,4.883,-6.836,-25.879,-21.973
1789911893.999682,0.000,-6.348,-22.949,-27.832
1789911894.003493,0.000,-10.254,-21.973,-25.391
1789911894.007303,0.000,-18.555,-21.973,-30.762
1789911894.011114,0.000,-20.508,-19.531,-31.738
1789911894.014924,0.000,-15.625,-21.484,-26.367
1789911894.018735,0.000,-18.066,-19.531,-26.855
1789911894.022546,0.000,-20.508,-16.113,-26.855
1789911894.026356,0.000,-16.113,-16.113,-16.113
1789911894.030167,0.000,-17.578,-19.531,-19.531
1789911894.033977,0.000,-24.414,-16.113,-25.879
1789911894.037788,0.000,-24.902,-10.742,-22.461
1789911894.041598,0.000,-23.438,-20.508,-18.555
1789911894.046710,2.930,-32.227,-23.438,-14.648
1789911894.050522,-4.395,-34.668,-24.414,-20.996
1789911894.054334,-12.207,-32.715,-27.344,-22.461
1789911894.058146,-15.625,-37.598,-21.973,-25.879
1789911894.061959,-13.672,-40.527,-22.461,-32.227
1789911894.065771,-12.207,-36.621,-29.785,-29.297
1789911894.069583,-7.812,-34.668,-28.809,-22.949
1789911894.073395,-2.930,-35.645,-30.762,-29.297
1789911894.077208,-7.812,-30.273,-25.879,-33.203
1789911894.081020,-22.949,-27.832,-19.531,-24.414
1789911894.084832,-16.602,-23.926,-17.090,-22.949
1789911894.088645,-9.766,-20.508,-8.301,-25.391
1789911894.093692,-15.625,-21.973,-10.742,-13.672
1789911894.097506,-13.672,-25.879,-20.020,-14.160
1789911894.101320,-14.160,-25.879,-20.508,-33.691
1789911894.105133,-20.996,-27.832,-18.555,-35.645
1789911894.108947,-18.555,-23.926,-20.508,-23.926
1789911894.112761,-11.230,-22.461,-23.926,-29.785
1789911894.116575,-8.789,-31.250,-21.484,-36.621
1789911894.120389,-1.465,-30.273,-20.020,-38.086
1789911894.124203,7.812,-20.508,-14.648,-38.086
1789911894.128017,0.977,-17.090,-9.277,-14.160
1789911894.131830,-6.836,-24.414,-13.672,-18.066
1789911894.135644,-2.441,-21.484,-11.719,-32.227
1789911894.140580,-3.418,-18.066,-9.766,-27.832
1789911894.144396,-0.488,-17.578,-14.648,-25.391
1789911894.148211,-5.371,-15.137,-8.789,-34.668
1789911894.152026,-2.441,-11.719,-0.488,-48.340
1789911894.155842,-1.953,-6.348,0.000,-50.781
1789911894.159657,-15.137,-0.977,1.953,-52.734
1789911894.163472,-18.555,1.953,5.859,-53.711
1789911894.167288,-22.949,-0.977,2.441,-50.781
1789911894.171103,-39.062,-12.207,-0.977,-54.688
1789911894.174918,-57.617,-14.648,1.465,-62.012
1789911894.178734,-61.035,-6.348,4.883,-54.199
1789911894.182549,-62.012,-1.953,-0.977,-59.082
1789911894.187378,-62.012,-4.883,-10.742,-79.590
1789911894.191195,-47.363,-8.301,-13.672,-84.473
1789911894.195011,-50.781,-9.766,-12.207,-65.918
1789911894.198828,-47.852,-13.672,-10.254,-57.129
1789911894.202644,-33.691,-18.066,-9.766,-56.641
1789911894.206461,-38.574,-22.461,-10.254,-50.781
1789911894.210278,-39.062,-23.926,-14.160,-55.176
1789911894.214094,-32.715,-21.973,-11.719,-51.270
1789911894.217911,-32.715,-25.391,-10.742,-54.199
1789911894.221727,-35.156,-29.297,-13.672,-63.965
1789911894.225544,-20.996,-28.320,-10.742,-44.434
1789911894.229360,-14.160,-29.785,-13.672,-35.645
1789911894.234074,-10.254,-29.297,-16.602,-43.945
1789911894.237891,1.953,-23.438,-19.531,-42.480
1789911894.241709,-0.488,-22.461,-18.066,-27.832
1789911894.245527,-10.742,-27.832,-20.508,-25.879
1789911894.249345,-4.883,-23.438,-24.902,-33.203
1789911894.253162,3.418,-24.414,-19.043,-33.203
1789911894.256980,3.906,-30.762,-23.438,-18.555
1789911894.260798,9.277,-28.809,-25.391,-0.977
1789911894.264616,7.812,-23.438,-21.484,-4.883
1789911894.268433,8.789,-20.020,-14.648,-8.789
1789911894.272251,10.742,-16.602,-10.742,-3.418
1789911894.276069,16.113,-16.602,-12.207,0.488
1789911894.280951,14.160,-15.625,-15.625,-1.465
1789911894.284770,1.953,-18.555,-21.973,-19.043
1789911894.288589,-7.812,-28.809,-20.996,-29.785
1789911894.292408,-1.953,-28.320,-21.973,-22.949
1789911894.296227,2.441,-21.484,-31.250,-29.297
1789911894.300046,1.953,-18.066,-26.367,-23.438
1789911894.303865,4.395,-19.531,-20.996,-21.484
1789911894.307684,-0.977,-21.973,-24.902,-31.738
1789911894.311503,3.906,-22.461,-24.902,-22.949
1789911894.315322,6.836,-21.973,-22.461,-41.016
1789911894.319141,-0.977,-23.438,-26.855,-43.457
1789911894.322960,-4.395,-24.902,-24.414,-21.973
1789911894.327616,0.000,-25.879,-18.555,-14.160
1789911894.331436,0.000,-22.461,-25.391,-10.254
1789911894.335256,0.000,-28.809,-31.738,-13.672
1789911894.339077,0.000,-30.273,-32.227,-12.695
1789911894.342896,0.000,-24.902,-29.785,4.395
1789911894.346716,0.000,-27.832,-22.949,14.648
1789911894.350537,0.000,-28.809,-24.902,4.883
1789911894.354357,0.000,-25.879,-22.949,-2.930
1789911894.358177,0.000,-23.926,-22.461,-0.977
1789911894.361997,0.000,-24.902,-23.438,2.930
1789911894.365817,0.000,-22.949,-27.832,3.418
1789911894.369637,0.000,-20.996,-30.273,-11.230
1789911894.373206,3.418,-24.902,0.000,-20.996
1789911894.377026,14.160,-23.438,0.000,-8.789
1789911894.380846,6.348,-21.484,0.000,2.930
1789911894.384665,6.836,-23.438,0.000,-3.418
1789911894.388485,20.508,-27.344,0.000,-5.371
1789911894.392305,26.855,-30.273,0.000,0.488
1789911894.396124,25.879,-31.250,0.000,-3.906
1789911894.399944,29.297,-21.973,0.000,-8.789
1789911894.403764,27.344,-16.113,0.000,-10.254
1789911894.407584,29.297,-24.902,0.000,14.160
1789911894.411403,31.738,-26.367,0.000,22.949
1789911894.415223,17.578,-24.902,0.000,-3.418
1789911894.420267,21.973,-20.996,-20.996,-3.906
1789911894.424088,17.578,-22.949,-24.414,-1.465
1789911894.427909,5.859,-30.273,-23.438,0.488
1789911894.431731,10.254,-34.668,-21.973,-3.418
1789911894.435552,12.695,-37.109,-26.367,-11.230
1789911894.439373,13.184,-29.297,-22.461,-1.465
1789911894.443194,20.508,-24.902,-20.020,0.488
1789911894.447015,19.531,-27.344,-20.996,-3.418
1789911894.450836,14.648,-26.855,-20.508,-12.695
1789911894.454658,10.742,-30.762,-19.531,-14.160
1789911894.458479,4.395,-35.645,-23.438,-11.719
1789911894.462300,8.789,-35.645,-20.020,-10.254
1789911894.467243,14.160,-35.156,-21.484,-6.348
1789911894.471065,8.789,-33.691,-21.973,-9.277
1789911894.474888,11.230,-30.762,-13.184,-9.766
1789911894.478710,15.625,-29.785,-19.531,-6.348
1789911894.482533,3.418,-29.297,-25.391,-22.949
1789911894.486355,-6.348,-31.250,-28.809,-35.645
1789911894.490178,-3.418,-32.227,-31.250,-20.020
1789911894.494000,2.441,-25.879,-29.785,-8.301
1789911894.497823,-1.953,-23.926,-25.879,-12.207
1789911894.501645,-1.465,-28.320,-32.227,-26.367
1789911894.505467,-2.930,-25.391,-31.738,-8.789
1789911894.509290,2.930,-26.367,-18.555,7.324
1789911894.514704,0.488,-36.133,-23.926,-12.207
1789911894.518528,-7.324,-39.062,-30.762,-21.973
1789911894.522352,-3.906,-37.109,-32.227,-11.230
1789911894.526177,-8.301,-37.598,-30.762,0.000
1789911894.530001,-13.672,-40.039,-31.738,-6.348
1789911894.533825,-9.277,-37.598,-37.598,-23.438
1789911894.537650,4.395,-36.621,-37.598,-43.457
1789911894.541474,12.207,-32.715,-34.180,-35.645
1789911894.545298,12.695,-31.250,-33.203,0.488
1789911894.549122,6.348,-38.574,-30.273,0.488
1789911894.552947,-2.441,-38.574,-33.691,-23.438
1789911894.556771,-3.906,-31.250,-26.855,-12.207
1789911894.561546,-8.789,-32.715,-24.414,-0.488
1789911894.565371,-13.184,-38.086,-28.809,-21.484
1789911894.569196,-17.578,-36.133,-26.367,-20.996
1789911894.573022,-20.020,-32.227,-24.902,-18.555
1789911894.576847,-17.090,-32.715,-29.785,-27.832
1789911894.580672,-12.207,-34.668,-33.691,-27.344
1789911894.584498,-14.160,-31.250,-34.668,-28.320
1789911894.588323,-19.531,-32.227,-35.156,-27.344
1789911894.592149,-17.578,-31.738,-31.738,-20.996
1789911894.595974,-16.113,-31.738,-37.598,-26.367
1789911894.599799,-14.160,-35.645,-32.715,-37.109
1789911894.603625,-14.160,-36.621,-25.879,-29.297
1789911894.608369,-9.277,-34.668,-26.367,-17.090
1789911894.612195,-7.324,-33.691,-26.367,-13.672
1789911894.616022,-7.812,-27.832,-27.832,-28.320
1789911894.619848,-11.719,-26.367,-30.273,-37.598
1789911894.623675,-12.695,-34.180,-31.250,-16.602
1789911894.627501,-7.324,-32.227,-24.902,-13.184
1789911894.631327,-1.465,-25.879,-21.973,-15.137
1789911894.635154,0.488,-24.902,-23.438,-2.930
1789911894.638980,3.906,-25.391,-19.531,-10.254
1789911894.642807,4.883,-27.344,-19.531,-12.207
1789911894.646633,8.789,-29.785,-18.066,-18.066
1789911894.650459,14.648,-24.414,-16.602,-32.715
1789911894.655069,6.348,-23.438,-21.973,-19.531
1789911894.658896,15.137,-28.320,-19.531,-8.301
1789911894.662724,9.277,-31.738,-19.043,-9.277
1789911894.666551,-9.766,-37.598,-30.762,-22.949
1789911894.670378,-10.742,-44.922,-39.551,-45.410
1789911894.674206,-9.766,-45.410,-30.273,-46.387
1789911894.678033,-16.602,-41.016,-32.227,-31.250
1789911894.681860,-20.020,-39.551,-38.574,-36.621
1789911894.685687,-10.742,-42.480,-33.203,-35.156
1789911894.689514,1.953,-46.387,-32.715,-32.715
1789911894.693342,5.859,-39.551,-33.203,-25.391
1789911894.697169,5.371,-30.273,-29.297,-11.230
1789911894.701726,6.836,-33.691,-28.809,-19.531
1789911894.705554,4.395,-33.691,-31.250,-28.809
1789911894.709382,-0.488,-29.297,-32.227,-30.762
1789911894.713210,3.418,-31.250,-30.762,-27.832
1789911894.717038,3.906,-29.785,-28.809,-20.508
1789911894.720866,0.977,-29.297,-25.391,-19.531
1789911894.724694,-5.371,-30.273,-26.367,-22.461
1789911894.728522,-2.930,-30.273,-31.250,-28.809
1789911894.732350,19.043,-31.250,-36.621,-33.203
1789911894.736178,20.996,-27.344,-36.621,-28.320
1789911894.740006,12.207,-26.367,-27.832,-25.879
1789911894.743834,10.742,-29.785,-25.391,-24.902
1789911894.748812,-2.930,-34.180,-25.391,-29.297
1789911894.752641,-20.020,-35.645,-23.926,-40.039
1789911894.756470,-18.555,-36.621,-23.438,-24.902
1789911894.760299,-10.254,-38.086,-25.391,2.441
1789911894.764129,-9.277,-41.992,-27.344,-13.672
1789911894.767958,0.488,-39.062,-25.879,-46.875
1789911894.771787,1.465,-33.691,-26.855,-39.551
1789911894.775616,-3.906,-33.203,-28.809,-26.855
1789911894.779446,-5.859,-32.715,-26.367,-23.926
1789911894.783275,-5.859,-30.762,-27.344,-29.297
1789911894.787104,-3.906,-24.902,-31.250,-40.527
1789911894.790933,-2.441,-23.926,-28.320,-26.855
1789911894.795830,-0.977,-28.320,-27.344,-26.367
1789911894.799660,0.000,-26.367,-25.391,-41.504
1789911894.803491,0.488,-23.438,-18.555,-42.480
1789911894.807321,-9.766,-31.250,-23.438,-40.527
1789911894.811151,-20.996,-32.227,-29.785,-33.691
1789911894.814982,-22.949,-29.785,-31.738,-31.738
1789911894.818812,-13.184,-34.668,-38.086,-34.180
1789911894.822643,-9.766,-35.645,-38.574,-39.551
1789911894.826473,-7.812,-29.297,-31.738,-22.949
1789911894.830303,-6.836,-33.203,-36.133,-18.555
1789911894.834134,-6.836,-37.598,-38.086,-45.410
1789911894.837964,1.465,-37.598,-30.762,-34.180
1789911894.842770,-2.930,-35.645,-32.715,-21.973
1789911894.846601,-4.395,-32.227,-30.273,-36.133
1789911894.850433,0.977,-27.832,-26.367,-34.668
1789911894.854264,10.254,-22.461,-27.344,-16.602
1789911894.858096,16.113,-22.949,-24.414,-10.742
1789911894.861927,4.395,-26.855,-24.414,-22.461
1789911894.865758,7.324,-26.855,-33.203,-28.320
1789911894.869590,7.324,-24.414,-24.414,-26.367
1789911894.873421,-8.789,-25.391,-19.531,-19.531
1789911894.877253,-12.695,-25.879,-33.203,-21.484
1789911894.881084,-14.160,-27.344,-31.738,-24.414
1789911894.884915,-8.789,-27.344,-29.297,-23.438
1789911894.889699,-4.395,-20.508,-24.902,-14.160
1789911894.893531,-8.789,-16.113,-20.020,-4.883
1789911894.897363,-8.789,-11.719,-22.461,-31.738
1789911894.901196,0.488,-6.348,-22.949,-35.156
1789911894.905028,2.930,-10.742,-18.066,-32.715
1789911894.908860,2.930,-17.578,-19.043,-44.434
1789911894.912693,7.324,-13.672,-27.832,-41.504
1789911894.916525,7.324,-11.230,-22.461,-37.109
1789911894.920357,9.766,-12.695,-12.207,-29.785
1789911894.924190,13.672,-12.695,-10.254,-27.344
1789911894.928022,24.902,-11.230,-11.719,-11.230
1789911894.931855,24.414,-13.184,-15.625,-12.207
1789911894.936538,16.602,-20.508,-13.184,-26.367
1789911894.940372,24.902,-24.902,-10.254,-16.602
1789911894.944205,23.438,-25.391,-15.137,-11.230
1789911894.948038,9.277,-30.762,-25.391,-24.902
1789911894.951871,14.160,-30.762,-31.250,-22.949
1789911894.955704,9.766,-30.762,-30.273,-24.414
1789911894.959538,0.488,-36.133,-32.715,-29.297
1789911894.963371,10.742,-33.691,-26.855,-8.789
1789911894.967204,4.883,-34.180,-26.855,-17.578
1789911894.971037,-6.348,-38.574,-32.227,-33.203
1789911894.974871,-2.441,-39.551,-30.273,-26.367
1789911894.978704,-0.977,-37.598,-37.109,-29.297
1789911894.983320,-6.836,-35.156,-35.645,-33.691
1789911894.987154,-3.906,-33.691,-25.879,-30.762
1789911894.990988,-3.906,-32.227,-27.344,-29.297
1789911894.994822,-4.395,-33.203,-30.762,-22.461
1789911894.998656,-3.418,-33.691,-30.762,-24.902
1789911895.002490,-6.348,-32.715,-33.203,-34.668
1789911895.006324,-10.254,-32.227,-33.691,-36.133
1789911895.010158,-5.859,-29.785,-31.738,-32.227
1789911895.013992,-1.465,-26.855,-32.227,-33.203
1789911895.017826,-4.395,-20.996,-33.691,-47.363
1789911895.021660,-8.789,-20.996,-29.297,-41.504
1789911895.025494,-3.418,-25.391,-24.902,-25.879
1789911895.030108,0.000,-25.879,-23.926,-26.367
1789911895.033943,2.441,-22.949,-23.926,-21.973
1789911895.037778,0.000,-29.785,-21.484,-23.438
1789911895.041613,2.930,-35.156,-23.926,-28.809
1789911895.045448,-3.418,-35.156,-26.855,-23.438
1789911895.049283,-7.812,-40.527,-23.438,-9.766
1789911895.053117,0.977,-36.621,-26.367,-10.742
1789911895.056952,1.953,-32.715,-33.203,-17.578
1789911895.060787,2.930,-36.133,-34.180,-10.254
1789911895.064622,3.418,-36.621,-34.668,-16.113
1789911895.068456,2.441,-31.738,-26.855,-14.648
1789911895.072291,-7.812,-31.738,-22.949,-12.207
1789911895.076783,-14.160,-34.668,-22.949,-16.113
1789911895.080619,-3.418,-25.391,-15.625,-10.254
1789911895.084454,1.465,-26.855,-22.461,-13.672
1789911895.088289,-0.977,-32.715,-31.250,-10.742
1789911895.092125,-10.254,-30.273,-26.367,-11.719
1789911895.095960,-13.184,-25.391,-28.809,-9.766
1789911895.099796,-9.277,-25.879,-28.320,-12.207
1789911895.103631,-4.395,-25.391,-27.344,-21.484
1789911895.107467,-5.859,-25.879,-28.809,-18.066
1789911895.111302,-5.859,-25.879,-27.344,-1.953
1789911895.115138,-0.977,-22.461,-22.949,1.465
1789911895.118973,-6.836,-24.902,-22.949,-19.043
1789911895.123883,-7.324,-26.855,-22.461,-23.926
1789911895.127719,6.836,-23.926,-22.949,-16.602
1789911895.131556,9.766,-25.391,-35.645,-28.320
1789911895.135392,4.395,-24.902,-40.039,-39.062
1789911895.139229,7.324,-22.949,-34.180,-23.926
1789911895.143065,18.066,-20.020,-30.273,-14.160
1789911895.146902,18.555,-19.043,-31.738,-9.277
1789911895.150738,11.230,-21.484,-28.809,-9.766
1789911895.154575,12.695,-21.973,-25.879,-3.906
1789911895.158411,9.766,-28.809,-26.367,4.395
1789911895.162248,11.230,-30.273,-24.902,-0.488
1789911895.166084,12.695,-29.297,-23.438,-4.883
1789911895.170899,9.277,-29.297,-28.320,-9.766
1789911895.174736,7.812,-28.320,-30.762,-14.160
1789911895.178574,2.930,-22.949,-26.855,-15.625
1789911895.182411,5.371,-24.414,-28.320,-15.625
1789911895.186248,10.254,-29.297,-36.133,-18.066
1789911895.190086,1.953,-30.762,-36.133,-33.203
1789911895.193923,-1.953,-32.227,-39.062,-29.785
1789911895.197761,8.301,-23.438,-38.086,-20.020
1789911895.201598,7.324,-23.438,-34.180,-19.531
1789911895.205436,4.395,-31.250,-35.645,-14.648
1789911895.209273,10.254,-32.227,-29.785,-25.391
1789911895.213110,16.602,-26.367,-24.902,-22.949
1789911895.217850,12.207,-27.344,-27.832,-30.762
1789911895.221688,3.418,-27.832,-24.414,-37.598
1789911895.225527,-0.488,-24.414,-27.344,-25.879
1789911895.229365,6.348,-22.949,-30.762,-25.391
1789911895.233203,4.883,-26.855,-35.645,-36.133
1789911895.237041,-8.301,-33.203,-37.598,-34.180
1789911895.240880,-10.742,-37.598,-34.180,-40.527
1789911895.244718,-12.695,-34.668,-31.738,-45.898
1789911895.248556,-15.137,-33.203,-33.691,-28.809
1789911895.252394,-11.719,-35.156,-34.180,-33.203
1789911895.256233,-8.789,-33.691,-29.785,-40.527
1789911895.260071,2.441,-28.320,-29.297,-22.461
1789911895.264760,9.766,-24.414,-24.902,-7.324
1789911895.268600,13.184,-26.367,-22.461,-16.602
1789911895.272439,9.277,-30.762,-26.367,-32.227
1789911895.276278,0.000,-37.598,-24.414,-37.109
1789911895.280117,-0.488,-37.109,-23.926,-48.340
1789911895.283956,-4.883,-33.203,-24.902,-46.387
1789911895.287795,-1.465,-29.297,-27.832,-37.598
1789911895.291634,2.930,-27.344,-27.832,-32.227
1789911895.295473,-0.977,-27.832,-24.414,-31.250
1789911895.299312,-0.488,-24.902,-30.762,-45.410
1789911895.303151,-8.789,-28.320,-29.785,-43.945
1789911895.306990,-16.113,-30.273,-21.973,-32.715
1789911895.311614,-14.648,-26.367,-20.508,-21.484
1789911895.315454,-5.371,-26.367,-18.555,-23.926
1789911895.319294,-2.930,-27.344,-18.066,-36.133
1789911895.323134,-14.648,-32.715,-18.555,-50.293
1789911895.326973,-12.207,-35.156,-21.973,-33.691
1789911895.330813,-0.488,-27.832,-26.855,-17.090
1789911895.334653,5.859,-26.855,-24.902,-27.344
1789911895.338493,6.348,-27.344,-30.273,-15.137
1789911895.342333,12.207,-29.297,-29.297,-13.184
1789911895.346172,13.672,-26.367,-24.414,-26.367
1789911895.350012,6.348,-21.484,-20.020,-23.926
1789911895.353852,4.883,-22.461,-22.949,-27.832
1789911895.358511,1.465,-25.879,-21.973,-23.438
1789911895.362351,-6.348,-32.715,-18.066,-17.578
1789911895.366192,-7.324,-36.133,-22.949,-33.203
1789911895.370032,-4.395,-36.133,-20.508,-42.969
1789911895.373873,-6.348,-38.574,-27.344,-42.969
1789911895.377713,-10.254,-42.969,-37.109,-33.691
1789911895.381554,0.000,-41.992,-36.621,-25.879
1789911895.385395,12.695,-35.645,-34.180,-24.902
1789911895.389235,10.254,-38.574,-34.180,-33.203
1789911895.393076,-3.906,-41.016,-33.691,-38.574
1789911895.396916,-7.324,-39.551,-41.016,-38.574
1789911895.400757,-5.371,-41.504,-38.574,-39.551
1789911895.405267,-5.859,-37.109,-35.645,-32.715
1789911895.409108,-8.301,-36.133,-45.898,-39.551
1789911895.412949,-9.277,-41.992,-45.410,-43.945
1789911895.416790,-1.953,-42.480,-43.457,-33.203
1789911895.420631,-6.836,-41.016,-44.922,-36.621
1789911895.424473,-16.113,-40.527,-44.434,-36.621
1789911895.428314,-13.672,-41.992,-46.387,-35.645
1789911895.432155,-12.695,-45.898,-50.781,-47.363
1789911895.435996,-16.113,-46.387,-54.688,-47.363
1789911895.439837,-15.137,-44.434,-52.734,-50.781
1789911895.443678,-12.207,-41.016,-48.828,-53.223
1789911895.447520,-12.695,-38.086,-41.992,-45.410
1789911895.451984,-3.906,-32.715,-34.180,-31.738
1789911895.455826,9.277,-28.320,-34.180,-25.391
1789911895.459667,17.090,-30.762,-32.227,-29.785
1789911895.463509,20.020,-27.344,-26.855,-24.902
1789911895.467351,12.695,-27.832,-30.273,-29.785
1789911895.471192,14.160,-32.227,-33.203,-19.043
1789911895.475034,15.137,-32.715,-32.227,-14.160
1789911895.478876,6.348,-34.668,-36.621,-29.297
1789911895.482718,0.977,-33.691,-34.668,-30.273
1789911895.486559,-1.465,-31.738,-33.203,-27.344
1789911895.490401,-5.859,-34.668,-34.668,-28.809
1789911895.494243,-7.812,-33.203,-32.715,-31.250
1789911895.499053,-0.488,-31.250,-30.273,-21.973
1789911895.502895,-8.301,-32.715,-31.250,-29.297
1789911895.506738,-1.953,-29.785,-28.809,-34.668
1789911895.510581,12.207,-25.879,-28.320,-30.273
1789911895.514423,7.324,-26.367,-30.762,-28.809
1789911895.518265,8.789,-28.809,-24.414,-35.156
1789911895.522108,17.090,-26.367,-30.273,-33.691
1789911895.525951,15.137,-24.414,-33.203,-38.086
1789911895.529793,16.602,-21.484,-24.414,-45.898
1789911895.533636,18.555,-19.531,-26.367,-36.133
1789911895.537478,14.648,-22.949,-34.668,-20.996
1789911895.541321,5.371,-26.855,-34.668,-22.461
1789911895.546075,5.371,-29.785,-34.668,-34.180
1789911895.549918,11.230,-29.785,-33.691,-34.180
1789911895.553761,11.230,-30.762,-29.297,-33.203
1789911895.557605,12.207,-25.879,-25.391,-21.484
1789911895.561448,21.484,-19.531,-25.879,-7.324
1789911895.565291,25.391,-17.090,-26.367,-18.066
1789911895.569135,25.391,-16.602,-26.855,-21.484
1789911895.572978,19.043,-20.508,-26.367,-31.738
1789911895.576822,12.695,-20.020,-26.367,-27.832
1789911895.580665,6.836,-24.414,-29.297,-30.762
1789911895.584508,-4.883,-36.133,-31.250,-35.645
1789911895.588352,-8.301,-35.156,-27.832,-27.832
1789911895.593081,-6.348,-32.227,-25.879,-30.762
1789911895.596925,-14.648,-28.809,-25.879,-31.250
1789911895.600770,-19.043,-28.809,-25.879,-26.367
1789911895.604614,-14.160,-34.180,-29.297,-28.320
1789911895.608458,-5.371,-33.691,-31.250,-25.391
1789911895.612302,-9.766,-34.180,-30.762,-10.254
1789911895.616146,-8.789,-37.109,-26.855,-16.113
1789911895.619990,0.977,-32.227,-21.973,-22.949
1789911895.623834,-1.953,-30.273,-23.438,-18.066
1789911895.627679,0.000,-34.668,-34.180,-20.508
1789911895.631523,-5.859,-38.574,-32.227,-25.391
1789911895.635367,-8.789,-36.133,-28.809,-20.996
1789911895.639984,0.000,-30.273,-35.645,-33.203
1789911895.643829,-5.371,-33.691,-33.203,-22.949
1789911895.647674,-2.441,-33.691,-31.250,-0.488
1789911895.651518,2.441,-29.785,-27.832,-8.301
1789911895.655363,-5.859,-28.809,-23.926,-20.508
1789911895.659208,-3.906,-23.926,-24.414,-18.555
1789911895.663053,-0.488,-24.902,-30.762,-20.508
1789911895.666898,5.859,-28.320,-30.762,-27.344
1789911895.670742,7.324,-26.855,-23.438,-21.973
1789911895.674587,-6.836,-29.297,-24.902,-31.250
1789911895.678432,-2.930,-28.809,-26.855,-28.809
1789911895.682277,8.301,-30.273,-27.832,-17.578
1789911895.686844,-1.465,-35.645,-29.297,-38.086
1789911895.690690,-6.348,-30.762,-29.785,-44.434
1789911895.694535,2.441,-26.855,-26.855,-19.531
1789911895.698380,0.000,-25.391,-23.926,-9.277
1789911895.702226,-1.953,-20.508,-24.902,-17.578
1789911895.706071,-3.906,-22.949,-26.367,-32.227
1789911895.709917,-4.883,-24.902,-23.926,-27.832
1789911895.713762,2.441,-19.531,-21.973,-11.719
1789911895.717608,-5.859,-21.484,-23.438,-16.602
1789911895.721453,-18.066,-20.996,-20.508,-24.414
1789911895.725298,-17.090,-20.996,-19.043,-22.949
1789911895.729144,-15.137,-27.344,-22.949,-21.484
1789911895.733647,-7.324,-26.367,-28.320,-27.832
1789911895.737493,-10.742,-27.832,-33.203,-45.898
1789911895.741339,-15.137,-31.250,-35.645,-48.340
1789911895.745185,-7.324,-31.738,-34.668,-29.785
1789911895.749031,6.836,-30.273,-34.668,-14.648
1789911895.752877,8.789,-28.320,-32.715,-23.926
1789911895.756723,7.812,-23.926,-27.832,-12.695
1789911895.760569,8.789,-23.926,-26.367,1.465
1789911895.764415,7.812,-23.926,-21.973,-2.930
1789911895.768261,11.230,-19.531,-20.020,-2.441
1789911895.772107,6.348,-27.832,-22.461,1.465
1789911895.775953,2.930,-31.250,-22.949,3.906
1789911895.780394,-0.488,-29.297,-23.926,-6.836
1789911895.784240,0.488,-30.762,-24.902,-19.531
1789911895.788087,2.930,-31.738,-26.855,-14.648
1789911895.791933,7.324,-33.203,-27.344,-3.418
1789911895.795780,3.906,-33.203,-25.391,-6.836
1789911895.799626,6.348,-29.785,-24.414,-9.277
1789911895.803473,10.254,-29.785,-25.391,-1.953
1789911895.807319,-4.883,-31.250,-22.461,-4.395
1789911895.811166,-5.859,-25.391,-21.973,-8.301
1789911895.815012,-4.395,-22.949,-24.902,-10.742
1789911895.818859,-2.930,-22.461,-25.391,-14.160
1789911895.822705,0.488,-20.020,-26.367,-14.648
1789911895.827202,9.277,-18.066,-22.461,-6.348
1789911895.831049,10.742,-16.113,-12.207,2.441
1789911895.834896,2.930,-22.461,-14.160,-19.531
1789911895.838743,9.766,-27.344,-24.414,-23.438
1789911895.842590,0.977,-28.809,-24.414,-20.020
1789911895.846437,-4.883,-27.344,-20.996,-19.043
1789911895.850284,-1.465,-26.367,-25.391,-17.090
1789911895.854131,-3.906,-27.344,-28.809,-18.066
1789911895.857978,5.371,-24.902,-24.902,-13.184
1789911895.861825,25.391,-22.949,-23.438,1.465
1789911895.865672,20.508,-21.484,-24.414,3.906
1789911895.869519,11.230,-22.461,-20.996,-0.488
1789911895.874245,10.254,-21.973,-18.555,9.766
1789911895.878092,7.324,-21.484,-24.414,-0.488
1789911895.881940,7.812,-21.484,-23.926,-6.836
1789911895.885788,7.812,-17.578,-18.066,2.930
1789911895.889636,-1.953,-23.438,-20.508,-8.789
1789911895.893483,-3.906,-30.273,-21.484,-10.254
1789911895.897331,-1.465,-26.367,-21.973,-0.488
1789911895.901179,3.906,-24.414,-20.996,-9.277
1789911895.905026,4.395,-28.320,-18.555,-11.719
1789911895.908874,4.883,-30.762,-16.113,-2.930
1789911895.912722,9.277,-31.738,-20.996,-5.859
1789911895.916570,7.812,-40.527,-23.926,-18.066
1789911895.921276,2.930,-43.457,-26.855,-25.391
1789911895.925124,-2.930,-36.621,-29.297,-19.043
1789911895.928972,-12.207,-37.109,-22.949,-15.625
1789911895.932821,-17.090,-36.133,-22.949,-12.695
1789911895.936669,-17.578,-36.133,-22.461,-12.695
1789911895.940518,-8.301,-35.156,-22.949,-16.602
1789911895.944366,-3.418,-30.273,-26.855,-20.508
1789911895.948215,-7.812,-33.203,-26.855,-31.738
1789911895.952063,-5.859,-35.156,-31.250,-28.320
1789911895.955911,0.488,-35.156,-38.086,-22.949
1789911895.959760,-2.930,-41.016,-39.062,-24.902
1789911895.963608,-13.184,-41.016,-48.828,-20.020
1789911895.968212,-9.766,-37.598,-49.316,-22.949
1789911895.972061,-0.977,-36.621,-41.992,-16.113
1789911895.975910,0.977,-33.203,-47.852,-18.555
1789911895.979759,-1.953,-32.227,-44.434,-14.648
1789911895.983608,-8.789,-36.133,-41.504,-16.602
1789911895.987457,-11.230,-40.039,-45.410,-22.461
1789911895.991306,-9.766,-41.992,-43.945,-27.344
1789911895.995155,-9.766,-37.598,-44.434,-10.742
1789911895.999004,-2.441,-31.738,-41.992,7.812
1789911896.002853,-1.953,-30.273,-41.016,-14.160
1789911896.006702,-3.418,-36.621,-45.410,-26.367
1789911896.010551,-2.441,-41.016,-44.922,-21.484
1789911896.015112,4.395,-33.691,-45.410,-23.438
1789911896.018962,-1.465,-35.645,-53.711,-39.551
1789911896.022812,-10.254,-42.480,-55.664,-30.273
1789911896.026661,-9.277,-43.457,-54.688,-29.297
1789911896.030511,-9.277,-45.898,-57.129,-38.086
1789911896.034360,3.418,-41.016,-56.152,-28.320
1789911896.038210,10.742,-34.180,-54.688,-18.555
1789911896.042059,13.672,-31.250,-56.641,-14.648
1789911896.045909,14.160,-30.273,-48.340,-5.859
1789911896.049759,7.812,-34.180,-49.316,-10.254
1789911896.053608,1.465,-34.668,-50.293,-28.320
1789911896.057458,5.371,-29.297,-48.340,-24.902
1789911896.061973,9.766,-32.227,-48.340,-15.625
1789911896.065823,13.672,-26.855,-41.504,-10.254
1789911896.069674,9.766,-22.949,-41.016,-1.953
1789911896.073524,-5.371,-32.715,-37.598,-7.812
1789911896.077374,-3.418,-33.203,-38.574,-9.766
1789911896.081224,7.324,-29.785,-43.457,-9.277
1789911896.085074,5.371,-28.320,-38.574,-10.742
1789911896.088924,14.648,-26.367,-36.133,9.277
1789911896.092774,38.574,-26.855,-39.062,4.883
1789911896.096624,41.016,-25.879,-42.969,-8.301
1789911896.100474,23.926,-30.762,-43.945,-11.719
1789911896.104325,20.508,-36.621,-46.387,-16.602
1789911896.108791,32.715,-35.645,-54.199,-20.020
1789911896.112641,32.715,-34.668,-54.688,-21.484
1789911896.116492,31.250,-38.574,-49.805,-22.461
1789911896.120343,24.414,-40.527,-50.293,-30.273
1789911896.124193,26.855,-36.621,-51.270,-22.949
1789911896.128044,31.738,-35.645,-44.434,-14.160
1789911896.131894,26.367,-36.621,-51.270,-13.184
1789911896.135745,32.715,-35.156,-49.316,-11.230
1789911896.139596,28.320,-37.109,-43.457,-9.277
1789911896.143446,24.414,-41.992,-53.223,-5.859
1789911896.147297,30.762,-40.039,-48.828,1.465
1789911896.151147,33.203,-35.645,-45.898,3.906
1789911896.155568,29.297,-36.621,-43.457,5.859
1789911896.159419,26.855,-36.621,-41.504,0.488
1789911896.163270,23.438,-36.133,-43.945,-8.789
1789911896.167121,25.879,-32.715,-45.410,-13.184
1789911896.170972,19.043,-34.668,-50.781,-25.391
1789911896.174823,8.789,-41.504,-51.758,-16.113
1789911896.178674,8.789,-39.062,-47.852,-14.160
1789911896.182525,8.789,-36.621,-44.434,-20.508
1789911896.186376,3.906,-36.133,-42.480,-22.461
1789911896.190227,-1.465,-39.062,-43.457,-22.949
1789911896.194078,4.395,-37.598,-43.457,-18.555
1789911896.197929,4.883,-35.645,-43.945,-17.578
1789911896.202298,8.301,-33.203,-43.457,-7.324
1789911896.206149,13.672,-33.691,-44.434,-6.836
1789911896.210001,11.230,-36.133,-42.969,-18.555
1789911896.213852,10.742,-34.180,-40.039,-16.602
1789911896.217703,9.766,-34.668,-42.969,-17.578
1789911896.221555,9.277,-37.598,-41.016,-15.137
1789911896.225406,17.578,-37.598,-41.016,-3.418
1789911896.229258,17.090,-40.039,-46.387,-13.184
1789911896.233109,9.277,-43.945,-47.363,-14.648
1789911896.236960,12.207,-39.062,-42.480,-7.812
1789911896.240812,25.391,-35.645,-41.504,-4.883
1789911896.244663,32.227,-36.621,-41.504,0.000
1789911896.249341,23.926,-40.527,-41.504,0.000
1789911896.253193,17.578,-35.645,-41.504,-5.371
1789911896.257045,22.461,-28.320,-31.738,-0.977
1789911896.260897,33.691,-29.297,-24.902,7.324
1789911896.264749,30.273,-31.738,-28.320,14.648
1789911896.268601,31.738,-32.227,-30.762,8.301
1789911896.272453,27.344,-35.156,-33.203,-2.441
1789911896.276305,22.461,-40.039,-33.203,-5.859
1789911896.280157,14.160,-39.551,-34.668,-6.836
1789911896.284009,0.000,-39.551,-38.574,-5.371
1789911896.287861,-5.859,-41.016,-39.551,-7.812
1789911896.291713,-10.742,-40.527,-40.527,-6.348
1789911896.296396,0.000,-37.598,0.000,0.000
1789911896.300249,0.000,-39.551,0.000,0.000
1789911896.304101,0.000,-39.062,0.000,0.000
1789911896.307954,0.000,-36.133,0.000,0.000
1789911896.311807,0.000,-40.527,0.000,0.000
1789911896.315660,0.000,-42.969,0.000,0.000
1789911896.319512,0.000,-40.039,0.000,0.000
1789911896.323365,0.000,-38.086,0.000,0.000
1789911896.327218,0.000,-42.969,0.000,0.000
1789911896.331070,0.000,-47.852,0.000,0.000
1789911896.334923,0.000,-48.340,0.000,0.000
1789911896.338776,0.000,-46.875,0.000,0.000
1789911896.343334,5.371,-46.387,-45.410,1.953
1789911896.347187,-0.977,-45.410,-46.387,0.977
1789911896.351040,7.812,-41.504,-42.969,-15.137
1789911896.354893,6.836,-37.598,-40.039,-10.254
1789911896.358747,-0.488,-40.039,-40.039,-5.371
1789911896.362600,0.000,-39.551,-43.945,-5.371
1789911896.366453,-3.418,-41.992,-50.293,-12.695
1789911896.370306,-4.883,-46.875,-52.734,-15.625
1789911896.374160,0.000,-42.480,-50.293,-1.465
1789911896.378013,7.812,-43.945,-50.781,0.000
1789911896.381866,3.418,-47.852,-51.758,-4.395
1789911896.385719,1.465,-48.340,-55.176,-5.859
1789911896.390234,-1.465,-57.617,-58.105,-10.254
1789911896.394088,-12.695,-64.941,-58.105,-10.742
1789911896.397942,-3.906,-59.570,-57.617,-4.883
1789911896.401795,3.906,-51.270,-57.129,-8.301
1789911896.405649,0.000,-52.734,-64.453,-22.949
1789911896.409503,11.230,-52.734,-64.453,-14.160
1789911896.413356,20.996,-50.781,-54.199,8.301
1789911896.417210,9.277,-54.688,-49.316,-2.441
1789911896.421064,-3.418,-59.570,-53.711,-8.789
1789911896.424917,-0.977,-62.988,-64.941,-13.672
1789911896.428771,2.930,-64.453,-64.453,-22.461
1789911896.432625,-7.812,-63.477,-68.848,-21.973
1789911896.437173,0.000,-61.523,-73.730,-24.902
1789911896.441027,0.000,-57.617,-67.871,-17.578
1789911896.444881,0.000,-58.105,-64.941,-12.207
1789911896.448735,0.000,-57.129,-66.406,-14.160
1789911896.452590,0.000,-54.199,-66.895,-5.859
1789911896.456444,0.000,-59.082,-65.430,-2.930
1789911896.460298,0.000,-60.059,-66.406,-2.441
1789911896.464152,0.000,-65.918,-72.266,1.953
1789911896.468006,0.000,-75.195,-77.148,-12.207
1789911896.471860,0.000,-70.801,-77.148,-12.695
1789911896.475715,0.000,-62.012,-72.266,-1.953
1789911896.479569,0.000,-54.688,-66.406,9.766
1789911896.483983,17.578,-52.246,-66.406,15.137
1789911896.487837,23.926,-55.664,-63.477,7.812
1789911896.491692,29.785,-58.105,-61.035,12.207
1789911896.495546,28.809,-62.988,-65.918,14.648
1789911896.499401,34.668,-63.965,-69.336,11.719
1789911896.503256,37.109,-61.035,-67.383,13.672
1789911896.507110,25.391,-60.547,-55.664,22.461
1789911896.510965,22.461,-63.965,-54.199,26.367
1789911896.514819,20.508,-63.477,-66.895,6.348
1789911896.518674,20.020,-62.988,-73.242,-14.648
1789911896.522529,15.625,-65.918,-72.266,-10.742
1789911896.526383,6.348,-65.430,-70.801,0.977
1789911896.530764,7.324,-63.965,-72.754,2.441
1789911896.534619,9.766,-64.941,-73.730,-6.348
1789911896.538474,9.766,-60.059,-69.336,-6.348
1789911896.542329,17.090,-54.688,-73.730,8.789
1789911896.546184,12.207,-58.105,-72.754,4.395
1789911896.550039,15.137,-59.082,-72.266,2.441
1789911896.553894,19.531,-61.523,-70.312,23.438
1789911896.557749,13.184,-64.941,-67.871,20.508
1789911896.561604,14.648,-62.988,-71.777,15.625
1789911896.565459,13.184,-62.988,-70.312,20.020
1789911896.569314,14.160,-62.988,-65.918,19.043
1789911896.573169,16.602,-66.406,-71.777,10.254
1789911896.577503,17.090,-64.941,-75.195,-0.977
1789911896.581358,19.043,-61.035,-73.242,5.371
1789911896.585213,20.020,-59.570,-72.754,7.324
1789911896.589069,24.902,-62.012,-75.684,4.883
1789911896.592924,26.367,-62.012,-75.195,4.883
1789911896.596779,19.531,-61.523,-75.195,12.695
1789911896.600635,11.719,-64.453,-82.031,15.625
1789911896.604490,7.812,-69.336,-90.820,0.977
1789911896.608345,13.184,-75.684,-95.215,-7.324
1789911896.612200,14.160,-69.336,-89.844,5.859
1789911896.616056,6.348,-67.871,-85.938,13.184
1789911896.619911,14.648,-66.895,-91.309,6.348
1789911896.624559,24.414,-63.965,-87.402,4.395
1789911896.628415,13.672,-71.777,-81.543,8.789
1789911896.632271,8.789,-73.730,-83.008,20.508
1789911896.636126,9.277,-69.336,-85.938,12.695
1789911896.639982,7.324,-68.848,-102.539,0.000
1789911896.643838,0.977,-72.754,-115.234,-2.930
1789911896.647694,4.883,-71.289,-119.141,-3.906
1789911896.651550,3.906,-73.730,-119.629,-7.324
1789911896.655406,0.000,-73.730,-112.305,-3.418
1789911896.659262,12.695,-68.359,-111.816,5.371
1789911896.663117,10.254,-70.801,-119.629,2.930
1789911896.666973,6.348,-70.801,-116.211,4.395
1789911896.671547,8.301,-66.406,-109.375,4.395
1789911896.675403,6.348,-63.965,-107.910,-3.418
1789911896.679259,6.348,-69.336,-105.957,-2.930
1789911896.683116,7.812,-72.266,-109.375,-1.953
1789911896.686972,-1.465,-74.707,-113.281,-10.254
1789911896.690829,-10.254,-81.055,-118.652,-10.742
1789911896.694685,1.953,-75.684,-115.723,-2.441
1789911896.698541,2.441,-70.312,-108.887,-1.953
1789911896.702398,5.371,-65.918,-102.051,-0.977
1789911896.706254,17.578,-65.430,-100.098,3.418
1789911896.710110,11.719,-64.453,-105.469,-2.441
1789911896.713967,12.695,-61.523,-101.562,6.348
1789911896.718474,16.602,-64.941,-95.215,8.301
1789911896.722331,13.672,-70.312,-97.168,0.977
1789911896.726188,17.090,-69.824,-103.027,-1.465
1789911896.730045,21.973,-67.383,-104.004,0.977
1789911896.733902,16.113,-65.918,-103.027,0.000
1789911896.737758,16.602,-64.453,-104.980,-5.371
1789911896.741615,15.625,-63.477,-100.586,0.977
1789911896.745472,15.137,-63.477,-99.609,2.930
1789911896.749329,19.531,-62.012,-101.074,10.742
1789911896.753186,19.531,-60.547,-105.469,-1.465
1789911896.757043,18.066,-59.082,-107.422,-22.949
1789911896.760899,17.090,-59.570,-96.680,-4.883
1789911896.765429,20.020,-60.059,-88.867,5.859
1789911896.769286,18.555,-61.523,-89.844,-4.395
1789911896.773143,21.484,-58.594,-91.797,-8.301
1789911896.777000,20.508,-53.223,-87.891,3.418
1789911896.780858,19.043,-55.176,-83.984,4.883
1789911896.784715,17.090,-59.570,-89.355,0.000
1789911896.788572,15.625,-56.641,-84.473,0.488
1789911896.792430,29.297,-50.781,-81.543,18.555
1789911896.796287,31.250,-47.852,-86.914,11.719
1789911896.800144,23.438,-46.387,-88.379,-12.207
1789911896.804002,24.414,-44.922,-78.125,-8.301
1789911896.807859,17.090,-47.363,-71.289,-1.465
1789911896.812286,3.906,-56.641,-81.543,-3.906
1789911896.816144,-0.977,-62.012,-90.820,-19.043
1789911896.820001,-4.883,-60.547,-89.844,-26.855
1789911896.823859,-1.953,-61.035,-92.773,-26.855
1789911896.827717,1.465,-60.059,-88.867,-26.367
1789911896.831574,2.441,-57.129,-84.473,-27.832
1789911896.835432,2.441,-55.664,-88.379,-32.715
1789911896.839289,-0.977,-56.152,-85.449,-16.602
1789911896.843147,-5.371,-56.152,-84.961,-12.695
1789911896.847005,-9.277,-57.129,-85.449,-19.531
1789911896.850863,1.953,-55.176,-87.891,-12.695
1789911896.854720,10.742,-55.176,-85.938,-5.371
1789911896.859100,6.348,-59.570,-79.590,-1.465
1789911896.862958,8.301,-62.500,-75.195,-1.953
1789911896.866816,8.301,-62.500,-79.102,-2.441
1789911896.870674,2.441,-61.523,-82.520,-10.254
1789911896.874532,7.324,-57.129,-79.102,1.953
1789911896.878390,12.207,-56.641,-76.660,-5.859
1789911896.882248,13.184,-51.270,-79.590,-14.648
1789911896.886106,9.766,-47.363,-77.148,-4.395
1789911896.889964,5.371,-51.758,-67.871,-10.742
1789911896.893822,-0.977,-49.805,-68.848,-9.277
1789911896.897681,5.859,-52.734,-70.801,-4.395
1789911896.901539,7.812,-57.129,-71.289,-4.395
1789911896.905865,0.000,-53.711,-64.453,1.953
1789911896.909724,0.000,-48.828,-58.105,-4.883
1789911896.913582,0.000,-47.363,-63.477,-1.465
1789911896.917440,0.000,-52.734,-58.105,4.395
1789911896.921299,0.000,-54.199,-65.918,-6.348
1789911896.925157,0.000,-47.852,-69.824,-2.441
1789911896.929015,0.000,-43.457,-64.941,11.719
1789911896.932874,0.000,-46.875,-69.824,14.160
1789911896.936732,0.000,-51.758,-75.684,-3.418
1789911896.940590,0.000,-53.223,-71.289,-2.930
1789911896.944449,0.000,-51.270,-66.406,7.812
1789911896.948307,0.000,-53.223,-73.730,0.488
1789911896.952727,-1.953,-57.617,-72.754,-19.043
1789911896.956585,10.254,-55.664,-78.125,-19.531
1789911896.960444,10.254,-56.641,-78.125,-9.277
1789911896.964303,-11.230,-64.453,-76.660,-9.766
1789911896.968161,-18.555,-66.406,-76.660,-16.602
1789911896.972020,-7.324,-62.500,-73.730,-15.137
1789911896.975879,-14.648,-67.383,-75.195,-19.531
1789911896.979738,-23.438,-71.289,-74.707,-21.973
1789911896.983596,-12.207,-64.941,-76.660,-8.301
1789911896.987455,-15.625,-61.523,-72.754,-3.906
1789911896.991314,-15.625,-64.453,-69.824,-1.953
1789911896.995173,-9.766,-59.570,-63.477,0.488
1789911896.999757,-20.996,-54.199,-61.035,-2.930
1789911897.003616,-24.902,-58.594,-64.453,-22.949
1789911897.007475,-3.906,-59.570,-66.895,-21.484
1789911897.011334,-6.836,-66.895,-70.312,-16.602
1789911897.015194,-19.043,-65.430,-72.266,-19.043
1789911897.019053,-11.719,-54.199,-67.383,-6.348
1789911897.022912,-12.695,-55.176,-70.312,-7.324
1789911897.026771,-7.324,-58.594,-63.965,0.977
1789911897.030631,8.789,-49.805,-54.688,19.531
1789911897.034490,7.812,-50.293,-57.129,8.301
1789911897.038349,14.160,-53.223,-52.246,9.766
1789911897.042208,18.066,-48.828,-46.875,20.508
1789911897.046765,0.000,-49.316,-48.340,10.742
1789911897.050624,0.000,-54.199,-50.781,-5.859
1789911897.054484,0.000,-54.688,-46.875,-0.488
1789911897.058344,0.000,-48.340,-45.898,9.277
1789911897.062203,0.000,-48.828,-51.270,-0.488
1789911897.066063,0.000,-49.316,-50.781,-12.695
1789911897.069923,0.000,-50.293,-57.129,-24.902
1789911897.073782,0.000,-56.152,-58.594,-23.438
1789911897.077642,0.000,-57.617,-50.781,-14.160
1789911897.081502,0.000,-57.617,-46.875,-24.902
1789911897.085361,0.000,-54.688,-50.781,-33.691
1789911897.089221,0.000,-52.246,-51.758,-18.066
1789911897.093744,-5.859,-58.594,-50.781,-27.344
1789911897.097604,-9.277,-57.129,-51.758,-31.738
1789911897.101464,-12.695,-58.105,-49.805,-19.531
1789911897.105324,-18.555,-66.895,-48.340,-18.555
1789911897.109184,-25.391,-67.871,-47.852,-20.996
1789911897.113044,-16.602,-62.988,-51.270,-14.160
1789911897.116904,4.395,-63.477,-52.734,-14.648
1789911897.120764,12.207,-57.617,-48.340,-8.789
1789911897.124625,4.395,-54.199,-50.781,-0.488
1789911897.128485,-2.930,-53.223,-53.223,-9.766
1789911897.132345,0.977,-50.293,-47.852,-11.230
1789911897.136205,6.836,-49.805,-48.340,-17.090
1789911897.140678,-10.254,-53.223,-47.852,-16.113
1789911897.144538,-28.809,-62.012,-49.316,-26.367
1789911897.148399,-20.996,-63.965,-49.805,-29.297
1789911897.152259,-15.137,-61.035,-47.363,-19.043
1789911897.156120,-26.367,-63.477,-48.828,-25.879
1789911897.159980,-26.367,-68.359,-50.781,-32.227
1789911897.163841,-26.855,-69.336,-51.270,-28.809
1789911897.167701,-28.320,-66.406,-45.898,-25.391
1789911897.171562,-28.320,-68.848,-48.340,-38.574
1789911897.175422,-39.551,-73.730,-57.617,-58.105
1789911897.179283,-44.434,-72.754,-57.129,-65.918
1789911897.183143,-39.551,-74.219,-58.105,-60.547
1789911897.187537,0.000,-74.219,-57.617,-54.688
1789911897.191397,0.000,-79.102,-53.223,-59.082
1789911897.195258,0.000,-76.660,-51.270,-46.875
1789911897.199119,0.000,-64.453,-42.480,-33.203
1789911897.202980,0.000,-64.941,-38.574,-23.926
1789911897.206841,0.000,-65.918,-39.062,-10.254
1789911897.210702,0.000,-64.941,-39.551,-18.555
1789911897.214563,0.000,-66.406,-41.016,-25.391
1789911897.218423,0.000,-64.941,-45.898,-32.715
1789911897.222284,0.000,-63.477,-44.434,-40.039
1789911897.226145,0.000,-67.383,-37.109,-28.320
1789911897.230006,0.000,-67.383,-39.062,-30.273
1789911897.234360,-13.184,-65.430,-33.203,-38.574
1789911897.238221,-3.418,-59.082,-35.156,-30.762
1789911897.242083,0.488,-57.617,-41.992,-22.949
1789911897.245944,7.324,-62.012,-38.574,-19.531
1789911897.249805,13.184,-65.918,-29.785,-18.066
1789911897.253666,8.301,-63.477,-32.227,-12.207
1789911897.257527,5.371,-62.500,-41.016,-11.230
1789911897.261388,3.418,-68.359,-36.133,-13.672
1789911897.265249,4.395,-64.941,-41.504,-15.625
1789911897.269111,10.254,-59.570,-52.734,-16.602
1789911897.272972,5.371,-62.500,-48.340,-18.555
1789911897.276833,-12.207,-77.148,-60.547,-40.039
1789911897.281145,-59.082,-128.418,-118.652,-110.352
1789911897.285006,-96.680,-160.156,-148.926,-139.648
1789911897.288868,-104.492,-156.738,-140.137,-131.348
1789911897.292729,-99.121,-154.297,-134.766,-131.836
1789911897.296591,-84.473,-149.902,-131.836,-131.348
1789911897.300452,-76.660,-145.020,-122.559,-132.812
1789911897.304313,-69.824,-134.766,-118.652,-116.699
1789911897.308175,-66.895,-136.230,-119.629,-103.516
1789911897.312036,-64.941,-138.184,-115.234,-113.281
1789911897.315898,-53.223,-130.371,-119.141,-109.863
1789911897.319759,-64.941,-136.230,-112.793,-106.934
1789911897.323621,-75.195,-140.137,-102.051,-95.215
1789911897.327892,-51.270,-132.324,-99.609,-74.219
1789911897.331753,-50.781,-123.535,-98.145,-81.055
1789911897.335615,-66.895,-119.141,-104.004,-106.934
1789911897.339477,-58.594,-110.352,-98.145,-85.938
1789911897.343338,-56.152,-105.469,-78.613,-65.430
1789911897.347200,-64.941,-104.492,-77.148,-72.754
1789911897.351062,-59.570,-102.051,-91.797,-80.078
1789911897.354923,-51.270,-103.516,-98.145,-85.938
1789911897.358785,-54.688,-107.910,-93.262,-89.355
1789911897.362647,-52.246,-105.957,-90.820,-83.496
1789911897.366508,-56.641,-101.562,-83.496,-89.355
1789911897.370370,-57.129,-96.191,-79.102,-81.543
1789911897.374925,-52.246,-89.355,-83.008,-59.570
1789911897.378787,-53.223,-83.496,-80.566,-67.383
1789911897.382649,-68.359,-89.844,-88.867,-82.520
1789911897.386511,-69.336,-99.121,-97.168,-88.867
1789911897.390373,-59.082,-96.680,-90.820,-87.402
1789911897.394235,-50.293,-90.820,-83.008,-74.219
1789911897.398098,-56.152,-92.773,-78.125,-77.148
1789911897.401959,-62.988,-90.332,-80.078,-84.961
1789911897.405822,-57.129,-88.379,-85.938,-73.242
1789911897.409684,-54.688,-91.309,-84.961,-76.172
1789911897.413546,-45.898,-91.797,-84.473,-90.820
1789911897.417408,-47.363,-84.961,-84.961,-76.172
1789911897.421919,-53.711,-80.078,-83.984,-70.801
1789911897.425782,-52.734,-83.008,-77.148,-62.988
1789911897.429644,-61.523,-85.449,-77.148,-57.129
1789911897.433507,-68.359,-83.984,-79.102,-56.641
1789911897.437369,-57.129,-84.961,-75.684,-53.711
1789911897.441232,-46.387,-86.426,-82.520,-66.406
1789911897.445094,-44.922,-84.473,-79.102,-76.660
1789911897.448957,-38.574,-83.496,-69.824,-74.219
1789911897.452819,-39.062,-86.914,-70.312,-73.730
1789911897.456682,-32.227,-84.473,-70.312,-62.988
1789911897.460544,-24.902,-80.078,-72.266,-53.711
1789911897.464407,-24.902,-77.637,-65.918,-55.176
1789911897.468859,-14.648,-71.289,-55.664,-39.062
1789911897.472722,-21.484,-67.871,-54.688,-35.645
1789911897.476585,-36.621,-69.824,-60.547,-54.199
1789911897.480448,-27.344,-68.848,-69.824,-54.199
1789911897.484311,-30.273,-69.336,-69.336,-57.617
1789911897.488174,-48.828,-71.777,-71.289,-69.336
1789911897.492037,-49.805,-75.684,-74.219,-63.477
1789911897.495900,-41.504,-69.824,-66.895,-53.223
1789911897.499763,-41.992,-62.500,-60.547,-56.641
1789911897.503625,-43.457,-64.453,-61.523,-53.711
1789911897.507488,-38.574,-64.941,-55.176,-45.898
1789911897.511351,-30.762,-60.547,-52.734,-52.246
1789911897.515842,0.000,-62.988,-54.688,-56.152
1789911897.519705,0.000,-58.594,-47.363,-49.316
1789911897.523568,0.000,-57.617,-50.293,-53.711
1789911897.527431,0.000,-62.500,-53.711,-50.781
1789911897.531295,0.000,-67.871,-52.246,-54.688
1789911897.535158,0.000,-74.707,-50.781,-67.871
1789911897.539021,0.000,-66.895,-56.641,-59.082
1789911897.542885,0.000,-55.176,-53.223,-58.594
1789911897.546748,0.000,-61.523,-46.875,-57.129
1789911897.550611,0.000,-68.359,-53.711,-65.918
1789911897.554474,0.000,-68.848,-58.105,-71.777
1789911897.558338,0.000,-71.777,-60.059,-61.523
1789911897.562717,-31.738,-71.289,-58.594,-55.176
1789911897.566581,-37.109,-68.848,-53.711,-50.781
1789911897.570444,-35.645,-67.871,-47.363,-58.594
1789911897.574308,-29.297,-66.895,-45.898,-58.105
1789911897.578171,-25.391,-64.941,-46.875,-47.363
1789911897.582035,-30.762,-67.871,-48.340,-49.805
1789911897.585899,-28.320,-65.430,-58.594,-52.734
1789911897.589762,-25.879,-63.477,-50.781,-35.156
1789911897.593626,-32.227,-65.918,-39.551,-38.086
1789911897.597489,-41.016,-62.012,-42.969,-64.453
1789911897.601353,-44.922,-58.594,-40.039,-64.453
1789911897.605217,-29.297,-57.129,-47.363,-59.082
1789911897.609534,-25.391,-56.152,-51.270,-52.246
1789911897.613398,-35.156,-60.547,-47.852,-45.898
1789911897.617262,-36.133,-58.594,-39.551,-39.551
1789911897.621126,-34.180,-49.805,-35.645,-36.133
1789911897.624990,-38.574,-51.270,-39.551,-36.621
1789911897.628853,-40.527,-58.105,-40.039,-40.527
1789911897.632717,-36.621,-60.059,-47.363,-52.734
1789911897.636581,-39.551,-58.105,-50.293,-42.480
1789911897.640445,-42.969,-60.059,-53.711,-47.852
1789911897.644309,-42.480,-60.059,-58.594,-66.895
1789911897.648173,-56.641,-59.570,-64.453,-78.125
1789911897.652036,-66.895,-65.918,-62.988,-96.680
1789911897.656338,-56.641,-63.965,-54.199,-73.730
1789911897.660202,-52.246,-62.988,-55.664,-63.477
1789911897.664066,-60.547,-68.359,-56.641,-72.266
1789911897.667930,-49.316,-69.336,-50.781,-67.383
1789911897.671794,-47.363,-67.871,-48.828,-55.176
1789911897.675658,-50.781,-71.289,-47.363,-47.363
1789911897.679523,-52.246,-67.871,-44.922,-43.945
1789911897.683387,-53.711,-61.523,-45.898,-48.828
1789911897.687251,-45.410,-58.105,-52.246,-66.406
1789911897.691115,-40.039,-58.594,-49.316,-56.152
1789911897.694979,-41.016,-60.547,-46.875,-36.621
1789911897.698843,-51.270,-59.082,-43.945,-50.293
1789911897.703096,-44.922,-56.152,-45.898,-44.434
1789911897.706960,-39.551,-51.758,-52.246,-47.852
1789911897.710824,-50.781,-57.617,-51.758,-62.012
1789911897.714689,-52.734,-62.012,-43.945,-42.480
1789911897.718553,-42.480,-58.105,-50.293,-39.062
1789911897.722418,-41.504,-62.012,-57.129,-43.945
1789911897.726282,-43.945,-65.918,-47.363,-42.969
1789911897.730146,-37.598,-57.617,-46.875,-45.410
1789911897.734010,-35.645,-52.734,-43.945,-48.828
1789911897.737875,-31.250,-53.223,-41.992,-51.270
1789911897.741739,-24.414,-52.734,-45.898,-50.293
1789911897.745604,-16.113,-55.176,-40.039,-51.270
1789911897.750131,-18.555,-51.758,-37.109,-42.480
1789911897.753996,-26.855,-49.805,-39.062,-38.574
1789911897.757860,-30.762,-53.711,-35.645,-51.270
1789911897.761725,-22.461,-52.246,-36.133,-49.316
1789911897.765590,-23.438,-51.758,-41.992,-41.992
1789911897.769455,-31.250,-51.758,-34.180,-41.504
1789911897.773319,-12.207,-47.363,-29.297,-41.504
1789911897.777184,-19.043,-49.316,-42.480,-51.270
1789911897.781049,-32.715,-55.664,-40.527,-40.039
1789911897.784914,-33.203,-63.477,-42.480,-33.203
1789911897.788778,-46.875,-67.871,-51.270,-60.547
1789911897.792643,-40.527,-61.035,-53.223,-67.871
1789911897.797110,0.000,-59.082,-57.129,-59.082
1789911897.800975,0.000,-61.035,-53.223,-61.035
1789911897.804840,0.000,-63.477,-54.199,-70.312
1789911897.808705,0.000,-61.035,-62.500,-63.477
1789911897.812570,0.000,-60.059,-56.641,-55.664
1789911897.816435,0.000,-61.523,-46.387,-68.848
1789911897.820300,0.000,-60.059,-48.828,-77.637
1789911897.824165,0.000,-60.059,-55.176,-78.125
1789911897.828030,0.000,-53.711,-55.176,-61.523
1789911897.831895,0.000,-55.176,-41.504,-52.734
1789911897.835760,0.000,-55.664,-39.551,-80.078
1789911897.839625,0.000,-43.945,-48.340,-72.754
1789911897.843286,-24.902,-44.922,-44.434,-46.387
1789911897.847151,-32.715,-52.246,-42.969,-48.828
1789911897.851016,-47.363,-52.734,-43.945,-63.965
1789911897.854881,-40.527,-49.805,-41.016,-60.059
1789911897.858746,-42.480,-43.945,-41.992,-48.340
1789911897.862611,-43.945,-43.945,-47.852,-55.664
1789911897.866476,-39.062,-48.340,-41.016,-54.199
1789911897.870341,-41.992,-46.875,-38.574,-50.293
1789911897.874206,-29.297,-49.805,-42.480,-54.199
1789911897.878071,-23.438,-48.828,-40.527,-45.410
1789911897.881936,-31.250,-45.898,-42.969,-55.664
1789911897.885801,-25.391,-45.898,-40.039,-66.895
1789911897.890191,-23.438,-45.898,-43.945,-45.898
1789911897.894056,-19.531,-49.316,-49.805,-45.898
1789911897.897921,-23.438,-49.316,-46.875,-53.223
1789911897.901787,-26.367,-45.410,-41.992,-46.387
1789911897.905652,-25.391,-42.969,-35.645,-46.875
1789911897.909517,-28.320,-43.945,-37.598,-58.594
1789911897.913382,-35.156,-49.316,-31.738,-64.941
1789911897.917248,-33.203,-43.945,-25.879,-45.898
1789911897.921113,-12.207,-35.645,-46.875,-33.691
1789911897.924978,-20.996,-41.504,-42.480,-36.621
1789911897.928843,-37.598,-41.992,-29.297,-38.574
1789911897.932709,-37.109,-41.016,-39.551,-55.176
1789911897.937055,-51.758,-54.199,-41.504,-57.617
1789911897.940920,-47.852,-58.594,-38.086,-57.129
1789911897.944786,-31.738,-48.340,-35.156,-51.270
1789911897.948651,-30.762,-45.898,-33.691,-53.223
1789911897.952517,-31.250,-46.875,-37.109,-54.199
1789911897.956383,-36.621,-44.922,-33.691,-54.199
1789911897.960248,-45.898,-39.551,-36.133,-51.758
1789911897.964113,-42.480,-40.039,-34.180,-42.969
1789911897.967979,-40.527,-43.457,-33.691,-40.039
1789911897.971845,-47.852,-44.434,-35.645,-40.527
1789911897.975710,-38.574,-45.898,-32.227,-34.668
1789911897.979576,-35.645,-49.805,-33.691,-30.273
1789911897.983898,-49.316,-57.617,-33.203,-39.551
1789911897.987764,-54.199,-60.059,-28.809,-46.387
1789911897.991630,-41.992,-51.758,-33.691,-41.992
1789911897.995496,-32.715,-49.316,-38.086,-39.062
1789911897.999362,-49.316,-53.711,-33.203,-49.805
1789911898.003227,-59.570,-56.152,-32.227,-62.012
1789911898.007093,-53.223,-53.711,-34.668,-45.410
1789911898.010959,-50.293,-53.711,-36.133,-38.086
1789911898.014825,-42.969,-50.781,-33.203,-47.852
1789911898.018691,-43.457,-47.363,-36.621,-47.363
1789911898.022556,-44.434,-52.246,-42.969,-53.223
1789911898.026422,-48.340,-54.688,-39.551,-68.359
1789911898.030699,-45.410,-49.316,-34.668,-59.082
1789911898.034565,-36.621,-46.875,-28.809,-50.293
1789911898.038431,-37.109,-50.781,-26.855,-53.711
1789911898.042297,-35.645,-45.410,-25.879,-49.805
1789911898.046163,-36.621,-38.574,-24.414,-45.898
1789911898.050029,-35.156,-36.133,-34.180,-61.035
1789911898.053895,-39.551,-40.039,-38.086,-62.500
1789911898.057761,-48.340,-52.734,-36.621,-52.734
1789911898.061627,-50.781,-54.688,-36.133,-56.152
1789911898.065493,-48.828,-52.246,-35.156,-62.988
1789911898.069359,-49.316,-53.223,-36.621,-67.871
1789911898.073225,-57.617,-57.617,-31.250,-54.199
1789911898.077469,-46.387,-53.223,-24.902,-37.109
1789911898.081336,-24.902,-42.969,-20.996,-35.156
1789911898.085202,-35.156,-44.434,-21.484,-42.480
1789911898.089068,-46.875,-44.922,-22.949,-38.086
1789911898.092934,-34.180,-42.969,-23.438,-35.156
1789911898.096800,-22.949,-42.969,-27.832,-32.715
1789911898.100667,-20.020,-41.016,-26.855,-30.273
1789911898.104533,-26.855,-40.039,-28.320,-31.738
1789911898.108399,-30.762,-35.645,-25.879,-22.949
1789911898.112265,-32.715,-35.645,-25.391,-29.297
1789911898.116132,-29.785,-35.156,-25.879,-41.992
1789911898.119998,-31.738,-34.668,-22.461,-51.270
1789911898.124509,0.000,-32.715,-17.090,-41.504
1789911898.128375,0.000,-32.715,-12.695,-41.992
1789911898.132242,0.000,-33.203,-19.043,-57.617
1789911898.136108,0.000,-31.738,-23.438,-56.152
1789911898.139975,0.000,-36.133,-25.879,-55.176
1789911898.143842,0.000,-40.039,-30.273,-60.059
1789911898.147708,0.000,-45.410,-25.879,-67.383
1789911898.151575,0.000,-46.875,-27.344,-72.754
1789911898.155441,0.000,-45.410,-25.879,-63.965
1789911898.159308,0.000,-37.109,-26.367,-45.410
1789911898.163175,0.000,-38.574,-28.320,-38.086
1789911898.167041,0.000,-44.434,-24.414,-43.945
1789911898.171475,-39.551,-40.527,-27.344,-45.898
1789911898.175342,-37.109,-37.109,-25.879,-39.551
1789911898.179209,-22.461,-36.133,-28.809,-40.527
1789911898.183076,-29.297,-40.527,-37.109,-46.387
1789911898.186943,-20.996,-43.457,-37.598,-41.016
1789911898.190810,-8.789,-42.969,-30.762,-34.668
1789911898.194677,-32.227,-48.340,-30.762,-41.992
1789911898.198544,-42.969,-50.781,-28.809,-35.645
1789911898.202411,-34.668,-43.945,-27.832,-17.578
1789911898.206278,-32.715,-44.922,-29.785,-22.461
1789911898.210145,-39.551,-50.781,-30.762,-38.574
1789911898.214011,-38.086,-45.898,-33.203,-40.527
1789911898.218416,-32.227,-37.598,-30.273,-43.457
1789911898.222284,-28.320,-37.109,-32.715,-43.945
1789911898.226151,-29.785,-38.086,-44.434,-49.316
1789911898.230018,-28.320,-37.598,-44.434,-55.176
1789911898.233885,-37.109,-38.574,-40.527,-55.176
1789911898.237752,-40.039,-40.039,-37.598,-46.387
1789911898.241620,-36.621,-38.574,-31.738,-42.480
1789911898.245487,-41.992,-38.574,-29.785,-54.688
1789911898.249354,-44.434,-41.504,-31.738,-50.781
1789911898.253221,-27.344,-39.062,-38.086,-59.570
1789911898.257089,-9.277,-34.668,-37.598,-72.754
1789911898.260956,-25.879,-37.598,-33.691,-51.270
1789911898.265306,-24.902,-37.109,-29.297,-47.363
1789911898.269173,-12.695,-39.551,-34.668,-52.246
1789911898.273041,-29.297,-45.410,-31.250,-40.039
1789911898.276908,-40.039,-42.480,-20.996,-40.039
1789911898.280776,-34.668,-41.016,-26.855,-48.340
1789911898.284643,-32.715,-37.598,-33.203,-42.969
1789911898.288511,-41.016,-41.504,-31.250,-41.504
1789911898.292378,-41.016,-44.922,-29.297,-47.852
1789911898.296246,-36.133,-41.992,-31.250,-44.922
1789911898.300113,-32.715,-46.875,-35.156,-52.246
1789911898.303981,-37.109,-53.223,-38.086,-54.199
1789911898.307848,-39.062,-50.781,-34.668,-56.641
1789911898.312178,-29.297,-47.852,-32.227,-62.012
1789911898.316046,-30.762,-46.875,-35.156,-43.945
1789911898.319913,-38.086,-44.434,-29.785,-32.227
1789911898.323781,-30.762,-37.598,-28.809,-39.062
1789911898.327649,-29.297,-39.062,-28.809,-35.156
1789911898.331517,-52.734,-55.664,-31.738,-41.992
1789911898.335384,-52.734,-55.664,-28.809,-60.059
1789911898.339252,-30.762,-48.828,-26.367,-46.875
1789911898.343120,-31.738,-49.316,-30.762,-48.340
1789911898.346987,-27.344,-47.852,-22.949,-57.617
1789911898.350855,-27.832,-43.945,-26.855,-59.082
1789911898.354723,-41.504,-42.480,-29.297,-59.082
1789911898.359175,-35.645,-43.457,-25.391,-55.664
1789911898.363043,-37.109,-45.410,-29.297,-61.523
1789911898.366911,-37.109,-43.457,-26.855,-49.805
1789911898.370780,-23.438,-43.945,-26.367,-46.875
1789911898.374648,-20.996,-39.062,-26.855,-55.176
1789911898.378515,-20.996,-37.109,-24.902,-55.176
1789911898.382384,-16.113,-39.062,-24.414,-47.852
1789911898.386252,-13.184,-40.527,-18.555,-40.039
1789911898.390120,-19.531,-45.410,-20.996,-41.504
1789911898.393988,-15.137,-45.898,-16.113,-26.855
1789911898.397856,-6.836,-41.016,-7.812,-27.832
1789911898.401724,-3.418,-37.109,-14.648,-44.434
1789911898.405998,-6.348,-42.969,-22.461,-38.086
1789911898.409866,-19.531,-45.410,-18.555,-28.809
1789911898.413734,-21.973,-45.898,-21.973,-37.109
1789911898.417602,-21.484,-41.992,-20.508,-44.434
1789911898.421470,-17.090,-39.551,-23.438,-48.828
1789911898.425339,-16.602,-44.434,-24.902,-54.199
1789911898.429207,-20.020,-42.480,-15.625,-36.133
1789911898.433075,-17.578,-42.969,-16.602,-32.715
1789911898.436944,-8.789,-39.551,-16.602,-33.203
1789911898.440812,4.395,-33.691,-19.531,-29.297
1789911898.444680,1.465,-34.668,-19.531,-41.504
1789911898.448548,-10.254,-38.574,-17.578,-41.016
1789911898.453064,-17.090,-37.598,-18.066,-38.574
1789911898.456932,-17.578,-36.621,-16.113,-33.691
1789911898.460801,-11.230,-35.156,-16.602,-39.551
1789911898.464670,-7.324,-35.156,-21.484,-44.922
1789911898.468538,-8.301,-34.668,-14.648,-37.598
1789911898.472407,-10.742,-29.785,-8.789,-36.621
1789911898.476275,-22.461,-37.109,-12.695,-44.434
1789911898.480144,-17.090,-42.969,-16.113,-48.828
1789911898.484013,-1.465,-35.645,-12.207,-32.715
1789911898.487881,-0.488,-20.508,-4.883,-22.949
1789911898.491750,3.418,-16.113,-2.930,-14.648
1789911898.495618,9.277,-20.996,-1.465,-18.555
1789911898.500094,5.371,-21.484,2.441,-34.668
1789911898.503963,0.977,-20.996,-5.371,-24.414
1789911898.507832,11.230,-18.066,-8.301,-30.762
1789911898.511700,-2.441,-22.461,-8.789,-43.945
1789911898.515569,-13.184,-26.855,-16.113,-20.508
1789911898.519438,1.465,-23.926,-12.695,-19.531
1789911898.523307,1.465,-20.996,-4.883,-23.926
1789911898.527176,3.418,-19.043,-2.930,-9.277
1789911898.531045,5.859,-15.625,-1.953,-20.996
1789911898.534914,2.930,-20.508,0.488,-26.855
1789911898.538783,5.859,-22.461,-3.418,-20.020
1789911898.542652,-2.441,-19.531,-0.977,-19.531
1789911898.547050,1.465,-20.020,-0.488,-16.602
1789911898.550919,-7.812,-20.020,-7.812,-33.203
1789911898.554788,-20.508,-23.438,-17.090,-41.504
1789911898.558658,-17.090,-30.762,-22.949,-48.340
1789911898.562527,-26.855,-31.738,-23.438,-49.805
1789911898.566396,-31.738,-32.227,-21.973,-40.039
1789911898.570265,-25.879,-37.598,-33.691,-51.270
1789911898.574134,-32.715,-40.527,-34.668,-59.570
1789911898.578004,-33.203,-36.133,-29.297,-42.480
1789911898.581873,-31.738,-34.180,-27.344,-36.621
1789911898.585742,-28.809,-31.738,-22.949,-44.434
1789911898.589611,-28.320,-31.250,-24.902,-47.852
1789911898.593977,-24.414,-32.227,-28.320,-48.828
1789911898.597846,-19.531,-29.785,-28.320,-65.430
1789911898.601716,-19.531,-30.273,-26.367,-62.012
1789911898.605585,-14.648,-29.297,-22.949,-25.879
1789911898.609454,-22.949,-29.785,-21.973,-53.711
1789911898.613324,-28.320,-29.297,-17.090,-77.148
1789911898.617193,-24.902,-25.391,-12.207,-44.922
1789911898.621063,-14.648,-26.367,-16.113,-40.039
1789911898.624932,-24.902,-34.180,-19.531,-37.598
1789911898.628802,-34.180,-40.039,-25.879,-36.621
1789911898.632671,-18.555,-31.250,-27.832,-44.434
1789911898.636541,-11.230,-28.809,-18.066,-44.922
1789911898.640887,0.000,-30.762,-15.137,-52.734
1789911898.644757,0.000,-28.809,-23.438,-46.387
1789911898.648626,0.000,-34.668,-29.297,-34.668
1789911898.652496,0.000,-36.621,-25.391,-41.992
1789911898.656366,0.000,-33.691,-28.809,-53.223
1789911898.660235,0.000,-36.133,-32.227,-50.293
1789911898.664105,0.000,-37.598,-28.809,-44.922
1789911898.667975,0.000,-33.203,-31.738,-32.227
1789911898.671844,0.000,-32.227,-28.809,-22.949
1789911898.675714,0.000,-35.156,-29.297,-40.527
1789911898.679584,0.000,-32.715,-29.785,-38.086
1789911898.683454,0.000,-30.273,-29.297,-49.316
1789911898.687756,-20.020,-39.551,-31.250,-48.828
1789911898.691626,-10.254,-42.480,-29.785,-22.461
1789911898.695496,-1.953,-38.574,-27.832,-37.109
1789911898.699366,-4.883,-32.715,-35.156,-36.133
1789911898.703236,-12.695,-31.738,-31.250,-21.484
1789911898.707106,-21.484,-31.738,-21.973,-25.879
1789911898.710975,-15.137,-26.855,-21.973,-21.484
1789911898.714845,-17.090,-32.227,-21.973,-18.066
1789911898.718715,-18.555,-32.715,-29.785,-17.090
1789911898.722585,-10.742,-27.344,-26.367,-29.785
1789911898.726455,-13.672,-29.297,-28.320,-37.598
1789911898.730325,-20.996,-31.738,-29.297,-30.273
1789911898.734627,-27.344,-32.715,-25.391,-23.438
1789911898.738497,-44.922,-32.227,-30.273,-21.484
1789911898.742367,-45.410,-33.691,-32.227,-49.316
1789911898.746237,-36.133,-34.668,-30.273,-54.688
1789911898.750108,-31.250,-32.227,-27.832,-44.434
1789911898.753978,-22.461,-34.668,-32.715,-36.621
1789911898.757848,-26.367,-36.621,-28.809,-39.551
1789911898.761718,-23.926,-33.203,-24.902,-45.898
1789911898.765588,-23.438,-34.180,-30.273,-31.738
1789911898.769458,-19.043,-30.762,-34.668,-29.785
1789911898.773328,-10.742,-24.414,-30.762,-37.598
1789911898.777198,-5.859,-16.602,-21.484,-32.227
1789911898.781426,-6.348,-13.184,-16.602,-26.855
1789911898.785297,-24.414,-21.484,-19.043,-35.156
1789911898.789167,-16.602,-29.785,-27.832,-44.434
1789911898.793037,-13.672,-31.738,-30.273,-46.875
1789911898.796907,-20.996,-31.738,-19.043,-52.734
1789911898.800778,-25.391,-31.250,-20.996,-54.199
1789911898.804648,-26.367,-24.414,-26.855,-40.527
1789911898.808518,-19.043,-27.344,-23.438,-36.621
1789911898.812389,-17.090,-29.297,-28.320,-44.434
1789911898.816259,-27.344,-27.344,-30.273,-56.641
1789911898.820129,-15.137,-22.461,-25.879,-56.641
1789911898.824000,-2.441,-17.578,-25.879,-45.410
1789911898.828230,-1.465,-17.578,-24.414,-40.527
1789911898.832101,4.883,-16.602,-17.578,-32.715
1789911898.835971,1.953,-14.648,-20.508,-35.645
1789911898.839842,-7.812,-15.625,-22.949,-45.898
1789911898.843712,-15.137,-22.461,-20.508,-55.176
1789911898.847583,-14.648,-24.902,-24.414,-42.969
1789911898.851454,-17.090,-21.484,-21.484,-30.273
1789911898.855324,-18.066,-16.602,-19.531,-37.598
1789911898.859195,-17.578,-16.602,-17.090,-39.551
1789911898.863065,-19.531,-17.578,-14.648,-34.180
1789911898.866935,-13.672,-18.066,-14.648,-37.109
1789911898.870806,-18.555,-21.484,-9.277,-44.922
1789911898.875226,-20.508,-24.414,-10.254,-43.945
1789911898.879097,-19.043,-31.250,-24.902,-49.316
1789911898.882968,-28.320,-35.645,-28.320,-57.129
1789911898.886839,-28.320,-37.598,-23.926,-58.105
1789911898.890709,-23.438,-34.180,-10.742,-48.828
1789911898.894580,-33.691,-25.879,-12.695,-54.688
1789911898.898451,-36.133,-29.785,-27.832,-62.500
1789911898.902322,-33.691,-31.738,-26.367,-61.035
1789911898.906193,-38.086,-27.832,-24.414,-51.270
1789911898.910064,-32.227,-29.785,-20.996,-57.129
1789911898.913934,-33.203,-33.691,-26.855,-57.617
1789911898.917805,-36.133,-34.668,-26.855,-44.434
1789911898.922183,-20.508,-32.227,-19.531,-46.875
1789911898.926054,-10.742,-31.738,-25.879,-53.223
1789911898.929925,-22.461,-37.109,-29.785,-46.875
1789911898.933796,-40.527,-44.922,-27.832,-51.270
1789911898.937667,-35.645,-44.434,-24.902,-63.965
1789911898.941538,-24.414,-35.645,-22.949,-61.523
1789911898.945409,-23.438,-36.621,-19.043,-53.223
1789911898.949280,-12.695,-38.086,-17.090,-43.457
1789911898.953151,-12.695,-32.715,-9.766,-40.527
1789911898.957022,-17.090,-28.809,-11.230,-36.133
1789911898.960893,-9.766,-29.297,-17.578,-37.109
1789911898.964764,-16.602,-32.715,-22.949,-42.969
1789911898.969110,-27.832,-34.180,-19.531,-41.992
1789911898.972981,-10.742,-32.715,-18.066,-39.551
1789911898.976852,-5.371,-37.109,-26.855,-41.504
1789911898.980723,-20.996,-39.062,-31.738,-33.203
1789911898.984595,-26.367,-37.109,-28.320,-27.344
1789911898.988466,-27.832,-40.039,-28.809,-43.945
1789911898.992337,-21.973,-41.504,-34.668,-54.199
1789911898.996208,-16.113,-44.434,-34.668,-48.340
1789911899.000080,-11.719,-41.016,-32.227,-43.945
1789911899.003951,-14.160,-37.109,-32.227,-41.016
1789911899.007822,-20.508,-39.551,-34.668,-34.668
1789911899.011693,-15.625,-35.156,-27.832,-24.902
1789911899.016000,-2.930,-27.344,-20.020,-22.949
1789911899.019871,-1.953,-21.484,-33.203,-30.273
1789911899.023743,-17.090,-24.414,-38.086,-36.133
1789911899.027614,-22.461,-32.715,-34.668,-45.410
1789911899.031486,-14.648,-32.715,-31.250,-33.691
1789911899.035357,-19.531,-28.809,-25.879,-28.320
1789911899.039228,-21.973,-26.855,-33.203,-34.668
1789911899.043100,-12.207,-24.414,-33.203,-36.621
1789911899.046972,-17.090,-30.273,-34.668,-38.086
1789911899.050843,-27.344,-34.180,-37.598,-34.180
1789911899.054714,-22.461,-31.250,-38.086,-33.203
1789911899.058586,-16.602,-25.391,-33.203,-32.227
1789911899.062860,-3.906,-20.996,-26.367,-31.738
1789911899.066731,-8.301,-26.367,-27.832,-11.230
1789911899.070603,-24.902,-32.227,-26.367,-5.859
1789911899.074475,-30.762,-33.691,-27.344,-27.832
1789911899.078346,-33.203,-33.691,-30.273,-33.691
1789911899.082218,-33.203,-32.715,-26.367,-29.297
1789911899.086090,-32.227,-31.738,-22.949,-36.621
1789911899.089961,-24.414,-29.297,-27.344,-29.297
1789911899.093833,-25.879,-34.668,-29.297,-22.461
1789911899.097705,-25.391,-34.180,-26.367,-37.109
1789911899.101576,-15.137,-31.250,-29.785,-37.598
1789911899.105448,-20.508,-33.691,-32.715,-37.109
1789911899.109764,-36.621,-34.180,-34.180,-46.875
1789911899.113636,-35.156,-35.645,-42.969,-46.387
1789911899.117507,-22.949,-34.180,-39.551,-43.945
1789911899.121379,-17.578,-29.297,-32.715,-48.828
1789911899.125251,-21.484,-31.250,-27.344,-54.688
1789911899.129123,-16.113,-33.691,-32.227,-51.758
1789911899.132995,-16.602,-33.203,-34.180,-35.156
1789911899.136867,-26.367,-35.645,-34.180,-38.574
1789911899.140739,-14.648,-36.621,-35.645,-52.246
1789911899.144611,-3.906,-36.621,-30.762,-39.062
1789911899.148483,-22.949,-36.621,-31.250,-37.109
1789911899.152354,-36.621,-38.086,-33.691,-49.316
1789911899.156570,-23.926,-38.574,-34.668,-60.547
1789911899.160442,-12.695,-29.297,-29.297,-54.199
1789911899.164314,-5.859,-24.414,-25.879,-37.109
1789911899.168186,-2.930,-27.344,-30.762,-47.363
1789911899.172058,-10.254,-26.367,-31.250,-52.734
1789911899.175930,-17.090,-25.879,-28.320,-44.922
1789911899.179802,-19.043,-29.297,-28.320,-38.086
1789911899.183674,-22.949,-32.715,-25.391,-46.875
1789911899.187546,-38.574,-32.715,-29.297,-63.477
1789911899.191418,-30.762,-27.832,-32.227,-59.082
1789911899.195290,-29.297,-27.832,-28.809,-51.270
1789911899.199162,-41.992,-35.156,-33.691,-54.199
1789911899.203607,-28.320,-39.062,-29.297,-57.129
1789911899.207479,-18.555,-40.039,-23.438,-45.898
1789911899.211352,-22.461,-33.691,-21.484,-39.551
1789911899.215224,-19.043,-35.156,-27.344,-44.922
1789911899.219096,-19.043,-38.086,-34.180,-52.734
1789911899.222969,-21.973,-32.715,-29.785,-46.387
1789911899.226841,-22.949,-29.785,-33.203,-42.969
1789911899.230714,-20.996,-32.715,-33.691,-63.477
1789911899.234586,-14.160,-39.062,-24.414,-63.965
1789911899.238458,-18.555,-38.574,-27.344,-49.316
1789911899.242331,-20.020,-36.621,-36.133,-45.410
1789911899.246203,-9.277,-41.016,-29.297,-54.199
1789911899.250593,-1.465,-41.504,-29.785,-57.617
1789911899.254465,-5.371,-39.062,-34.668,-52.734
1789911899.258338,-10.742,-38.086,-34.180,-50.781
1789911899.262211,-16.602,-41.016,-39.551,-50.781
1789911899.266083,-20.020,-45.898,-38.574,-46.875
1789911899.269956,-14.648,-40.527,-33.691,-46.387
1789911899.273828,-28.320,-43.457,-34.180,-53.711
1789911899.277701,-30.273,-43.457,-35.645,-42.969
1789911899.281574,-19.043,-37.109,-28.809,-22.461
1789911899.285446,-11.230,-38.574,-31.250,-24.414
1789911899.289319,-4.883,-35.645,-30.762,-30.762
1789911899.293191,-8.789,-34.668,-28.809,-31.738
1789911899.297564,-22.461,-38.574,-31.250,-31.250
1789911899.301436,-29.297,-38.574,-29.297,-28.320
1789911899.305309,-19.043,-34.180,-32.715,-35.156
1789911899.309182,-15.137,-35.645,-28.809,-42.480
1789911899.313055,-28.320,-39.062,-20.996,-35.156
1789911899.316928,-31.738,-44.922,-31.250,-41.504
1789911899.320801,-33.203,-50.781,-38.574,-49.805
1789911899.324673,-26.855,-45.410,-31.738,-44.922
1789911899.328546,-18.555,-36.621,-26.367,-30.273
1789911899.332419,-19.531,-33.691,-30.762,-33.203
1789911899.336292,-24.902,-36.133,-33.203,-47.363
1789911899.340165,-15.625,-35.645,-28.320,-38.086
1789911899.344539,0.000,-31.738,-24.414,-24.902
1789911899.348412,0.000,-27.832,-21.484,-21.973
1789911899.352285,0.000,-30.762,-21.973,-20.996
1789911899.356158,0.000,-34.668,-22.949,-27.832
1789911899.360031,0.000,-29.785,-20.020,-29.785
1789911899.363904,0.000,-35.645,-24.414,-25.391
1789911899.367777,0.000,-41.504,-28.809,-23.438
1789911899.371650,0.000,-35.156,-21.484,-30.273
1789911899.375523,0.000,-31.250,-18.555,-27.344
1789911899.379396,0.000,-28.809,-25.391,-17.578
1789911899.383269,0.000,-23.438,-24.902,-16.602
1789911899.387142,0.000,-24.902,-25.879,-21.484
1789911899.391426,-7.812,-29.297,-31.250,-30.273
1789911899.395300,-14.648,-29.297,-34.180,-39.551
1789911899.399173,-14.160,-30.273,-28.320,-28.320
1789911899.403046,-15.625,-32.715,-26.367,-12.695
1789911899.406919,-22.949,-38.574,-34.668,-17.090
1789911899.410793,-20.020,-38.574,-36.133,-13.184
1789911899.414666,-17.578,-38.574,-37.598,-20.020
1789911899.418539,-23.438,-41.504,-28.809,-35.645
1789911899.422412,-22.461,-34.180,-24.414,-31.738
1789911899.426286,-21.484,-34.668,-38.574,-26.855
1789911899.430159,-20.996,-38.086,-42.969,-21.973
1789911899.434032,-19.043,-38.086,-38.086,-28.320
1789911899.438286,-24.414,-40.527,-31.738,-33.203
1789911899.442159,-30.762,-40.039,-37.109,-40.039
1789911899.446033,-23.926,-42.969,-39.062,-41.504
1789911899.449906,-23.926,-43.457,-33.203,-28.809
1789911899.453780,-29.297,-36.621,-26.367,-26.855
1789911899.457653,-30.273,-30.762,-28.320,-45.410
1789911899.461527,-30.273,-32.715,-32.227,-41.504
1789911899.465400,-19.043,-38.574,-24.414,-23.438
1789911899.469274,-25.879,-40.039,-30.762,-19.043
1789911899.473147,-31.738,-41.504,-34.668,-22.461
1789911899.477020,-27.832,-42.969,-27.832,-31.250
1789911899.480894,-26.367,-39.062,-26.855,-23.926
1789911899.485131,-22.461,-39.551,-27.344,-20.996
1789911899.489004,-15.625,-34.668,-33.691,-21.484
1789911899.492878,-10.742,-25.391,-31.738,-25.391
1789911899.496752,-16.602,-23.438,-29.785,-27.344
1789911899.500625,-10.254,-21.484,-32.715,-26.367
1789911899.504499,-11.719,-29.297,-34.180,-24.902
1789911899.508373,-27.344,-39.062,-36.621,-22.949
1789911899.512246,-22.949,-39.551,-36.133,-21.973
1789911899.516120,-18.555,-40.527,-38.086,-27.832
1789911899.519993,-27.832,-39.062,-40.527,-36.621
1789911899.523867,-33.203,-37.109,-32.227,-39.062
1789911899.527740,-27.344,-37.109,-24.414,-30.273
1789911899.531936,-31.738,-39.062,-28.809,-26.855
1789911899.535810,-42.480,-41.504,-32.227,-24.414
1789911899.539684,-34.668,-40.039,-30.762,-11.719
1789911899.543557,-31.738,-41.504,-35.645,-25.391
1789911899.547431,-35.645,-44.434,-39.551,-37.598
1789911899.551305,-32.715,-42.969,-40.527,-41.992
1789911899.555178,-33.691,-37.598,-31.738,-50.293
1789911899.559052,-31.250,-33.203,-30.273,-39.551
1789911899.562926,-25.879,-33.203,-39.062,-38.086
1789911899.566800,-18.066,-29.785,-33.691,-32.227
1789911899.570673,-17.090,-27.832,-29.785,-29.297
1789911899.574547,-13.184,-31.738,-31.250,-37.109
1789911899.578720,-1.953,-29.785,-33.691,-32.227
1789911899.582594,7.324,-25.879,-31.738,-25.391
1789911899.586468,1.465,-27.832,-29.785,-12.695
1789911899.590342,3.418,-27.832,-32.227,-0.977
1789911899.594215,5.371,-28.320,-29.785,2.441
1789911899.598089,-9.277,-30.273,-26.855,2.930
1789911899.601963,-11.719,-32.227,-34.668,-1.953
1789911899.605837,-15.137,-39.062,-42.969,-5.859
1789911899.609711,-16.113,-37.598,-38.574,-14.648
1789911899.613585,-8.301,-34.180,-34.668,-17.578
1789911899.617459,-11.230,-31.738,-38.086,-17.090
1789911899.621333,-21.973,-30.762,-42.480,-40.039
1789911899.625691,-17.090,-33.691,-45.898,-48.340
1789911899.629565,-17.578,-35.156,-46.875,-43.945
1789911899.633440,-27.344,-34.180,-44.434,-44.922
1789911899.637314,-22.461,-28.809,-41.992,-39.551
1789911899.641188,-21.484,-30.273,-41.504,-41.016
1789911899.645062,-29.297,-33.691,-39.062,-58.594
1789911899.648936,-18.555,-32.715,-40.039,-52.734
1789911899.652810,-11.230,-34.668,-45.410,-40.039
1789911899.656684,-23.438,-38.574,-46.875,-46.387
1789911899.660558,-30.762,-37.598,-40.527,-30.273
1789911899.664433,-14.648,-35.645,-39.551,-17.090
1789911899.668307,-7.324,-37.109,-39.062,-26.367
1789911899.672641,-12.207,-34.668,-35.156,-10.742
1789911899.676516,-6.348,-34.668,-35.156,-8.789
1789911899.680390,-13.184,-36.621,-36.133,-33.203
1789911899.684264,-18.066,-32.715,-37.109,-28.320
1789911899.688138,-17.578,-32.715,-33.203,-17.090
1789911899.692013,-9.766,-31.738,-41.504,-17.090
1789911899.695887,-2.441,-31.738,-39.551,-19.043
1789911899.699762,-10.742,-34.668,-22.461,-16.113
1789911899.703636,-22.949,-32.227,-23.926,-6.348
1789911899.707510,-23.926,-31.250,-28.809,-5.859
1789911899.711385,-7.812,-29.297,-31.250,-14.160
1789911899.715259,-3.906,-30.762,-32.715,-18.066
1789911899.719790,-12.695,-40.527,-40.527,-29.785
1789911899.723665,-19.531,-40.039,-35.645,-37.109
1789911899.727539,-20.020,-34.668,-27.832,-24.414
1789911899.731414,-12.695,-34.180,-33.691,-15.625
1789911899.735289,-14.648,-35.645,-34.180,-22.949
1789911899.739163,-18.066,-37.109,-37.109,-25.391
1789911899.743038,-11.719,-32.227,-32.715,-25.391
1789911899.746912,-11.230,-33.691,-27.832,-32.715
1789911899.750787,-21.484,-40.527,-30.273,-30.273
1789911899.754662,-14.160,-37.109,-32.715,-37.109
1789911899.758536,-5.371,-34.180,-37.109,-48.340
1789911899.762411,-14.160,-34.180,-39.062,-25.391
1789911899.766687,-19.531,-38.574,-38.086,-27.344
1789911899.770562,-20.996,-41.504,-36.133,-45.898
1789911899.774437,-13.672,-40.039,-37.598,-35.645
1789911899.778311,-7.324,-41.016,-38.086,-26.367
1789911899.782187,1.953,-37.598,-32.715,-20.020
1789911899.786061,3.906,-35.645,-27.344,-9.277
1789911899.789936,-8.789,-43.457,-32.227,-19.531
1789911899.793811,-16.113,-49.316,-36.621,-25.879
1789911899.797686,-3.906,-46.875,-35.645,-21.973
1789911899.801560,1.953,-47.363,-35.156,-33.691
1789911899.805435,-4.883,-47.363,-41.992,-40.527
1789911899.809310,-7.324,-38.086,-37.598,-25.879
1789911899.813554,-9.766,-35.156,-30.762,-12.207
1789911899.817429,-12.695,-37.598,-32.715,-27.344
1789911899.821304,-9.277,-34.668,-34.668,-29.785
1789911899.825179,-9.766,-40.527,-33.691,-22.949
1789911899.829054,-25.391,-41.504,-33.203,-20.020
1789911899.832929,-23.926,-42.969,-37.598,-18.066
1789911899.836804,-17.578,-49.316,-34.668,-15.137
1789911899.840679,-18.555,-47.852,-38.086,-18.555
1789911899.844554,-17.090,-43.945,-38.574,-25.391
1789911899.848429,-14.648,-41.504,-32.227,-30.273
1789911899.852304,-8.789,-40.039,-33.203,-30.273
1789911899.856179,-5.859,-36.133,-30.273,-20.020
1789911899.860387,-19.043,-41.016,-30.762,-32.227
1789911899.864262,-26.367,-41.992,-33.203,-38.086
1789911899.868137,-21.973,-39.062,-29.785,-31.250
1789911899.872013,-18.066,-44.922,-28.320,-35.156
1789911899.875888,-23.926,-43.457,-26.855,-35.645
1789911899.879763,-23.926,-42.480,-28.320,-33.203
1789911899.883638,-22.461,-48.828,-29.297,-29.297
1789911899.887513,-12.207,-49.316,-30.273,-31.738
1789911899.891388,0.000,-53.711,-32.227,-34.180
1789911899.895263,-17.090,-49.316,-35.156,-37.598
1789911899.899138,-22.461,-42.969,-38.574,-37.109
1789911899.903013,-7.324,-44.434,-34.180,-28.320
1789911899.907196,-12.695,-39.551,-31.250,-38.086
1789911899.911072,-12.695,-35.156,-28.809,-42.480
1789911899.914947,-13.672,-40.527,-35.645,-37.109
1789911899.918822,-9.766,-47.852,-39.551,-31.738
1789911899.922697,-12.695,-48.828,-34.668,-33.203
1789911899.926573,-10.742,-48.340,-35.645,-33.203
1789911899.930448,-12.695,-45.898,-28.320,-38.574
1789911899.934323,-23.926,-40.039,-24.414,-35.156
1789911899.938198,-29.297,-41.992,-38.086,-30.762
1789911899.942074,-26.855,-41.504,-42.480,-34.180
1789911899.945949,-15.137,-40.039,-35.645,-27.832
1789911899.949824,-17.090,-45.898,-37.109,-30.273
1789911899.953983,-24.902,-46.387,-44.434,-29.785
1789911899.957858,-31.250,-44.434,-40.527,-26.855
1789911899.961733,-20.020,-43.945,-37.109,-22.461
1789911899.965609,-10.254,-41.016,-41.992,-25.879
1789911899.969484,-15.137,-38.086,-37.109,-30.273
1789911899.973360,-13.184,-36.621,-27.832,-27.832
1789911899.977235,-14.648,-36.621,-31.250,-29.297
1789911899.981110,-14.648,-29.785,-31.738,-43.945
1789911899.984986,-13.672,-26.855,-22.949,-34.668
1789911899.988861,-19.043,-33.203,-23.926,-28.320
1789911899.992736,-9.766,-41.992,-29.297,-30.762
1789911899.996612,-20.996,-45.410,-32.715,-30.762
1789911900.000958,-29.297,-43.457,-29.785,-29.297
1789911900.004833,-4.395,-42.969,-27.344,-31.738
1789911900.008709,-11.230,-46.875,-33.203,-40.527
1789911900.012584,-21.973,-48.828,-35.156,-46.875
1789911900.016460,-18.555,-44.922,-33.203,-41.992
1789911900.020336,-15.137,-37.109,-39.551,-19.531
1789911900.024211,-16.113,-34.668,-44.922,-21.484
1789911900.028087,-20.996,-37.109,-46.875,-29.785
1789911900.031962,-13.184,-37.598,-39.551,-33.691
1789911900.035838,-0.977,-35.156,-33.203,-35.645
1789911900.039714,-1.953,-31.738,-33.691,-27.344
1789911900.043589,-5.859,-31.738,-32.227,-30.762
1789911900.047904,-16.602,-36.133,-30.762,-35.156
1789911900.051780,-18.555,-43.945,-36.133,-31.738
1789911900.055656,-28.320,-51.270,-36.133,-35.645
1789911900.059532,-33.203,-52.734,-41.016,-36.621
1789911900.063408,-19.531,-50.293,-47.852,-33.691
1789911900.067283,-11.230,-45.898,-41.504,-32.227
1789911900.071159,-11.719,-44.922,-39.062,-34.668
1789911900.075035,-15.625,-45.898,-37.109,-48.828
1789911900.078911,-6.348,-45.898,-33.203,-44.434
1789911900.082787,0.000,-40.039,-32.227,-31.738
1789911900.086662,-6.836,-39.551,-38.086,-35.645
1789911900.090538,-5.859,-46.875,-35.645,-37.109
1789911900.094819,0.488,-41.016,-35.156,-39.062
1789911900.098695,-11.230,-44.434,-43.457,-42.969
1789911900.102571,-22.461,-51.758,-48.340,-43.945
1789911900.106446,-18.555,-50.293,-47.363,-45.410
1789911900.110322,-14.648,-43.457,-46.387,-37.109
1789911900.114198,-13.184,-40.527,-50.293,-25.879
1789911900.118074,-13.672,-41.016,-44.922,-24.414
1789911900.121950,-19.531,-36.133,-38.574,-28.320
1789911900.125826,-7.812,-31.250,-39.062,-16.113
1789911900.129702,-9.277,-35.645,-41.504,-20.020
1789911900.133578,-14.648,-34.668,-38.574,-26.367
1789911900.137454,-1.465,-32.227,-30.273,-29.297
1789911900.141703,-5.371,-38.574,-35.156,-33.691
1789911900.145579,-11.719,-35.156,-44.922,-19.043
1789911900.149455,-8.301,-30.273,-33.203,-19.531
1789911900.153331,-11.719,-29.297,-30.273,-13.672
1789911900.157207,-14.160,-24.902,-30.762,0.000
1789911900.161083,-4.883,-28.320,-27.344,-1.953
1789911900.164959,-4.395,-30.762,-27.344,-4.395
1789911900.168835,-14.648,-33.203,-31.250,-0.488
1789911900.172712,-30.273,-39.551,-32.715,-13.184
1789911900.176588,-29.785,-37.598,-34.180,-16.113
1789911900.180464,-16.113,-33.203,-30.762,-21.484
1789911900.184340,-22.949,-33.691,-22.949,-18.555
1789911900.188564,-14.648,-31.250,-22.949,-2.441
1789911900.192440,-14.648,-27.344,-25.879,-9.277
1789911900.196316,-15.137,-25.879,-22.949,-2.930
1789911900.200192,-14.160,-26.855,-12.695,5.859
1789911900.204069,-31.250,-27.344,-18.555,-6.836
1789911900.207945,-36.621,-31.738,-32.227,-29.785
1789911900.211821,-41.992,-33.203,-31.250,-47.852
1789911900.215698,-40.527,-24.414,-25.879,-46.875
1789911900.219574,-52.246,-20.996,-25.879,-57.617
1789911900.223450,-57.129,-22.461,-23.926,-74.707
1789911900.227326,-58.594,-23.438,-19.043,-67.383
1789911900.231203,-74.707,-22.461,-20.508,-67.383
1789911900.235389,-86.914,-21.973,-25.391,-80.078
1789911900.239265,-86.426,-23.438,-23.438,-75.195
1789911900.243142,-79.590,-23.926,-18.555,-71.289
1789911900.247018,-69.336,-14.160,-13.184,-83.008
1789911900.250895,-80.566,-13.672,-16.113,-99.609
1789911900.254771,-72.266,-10.742,-14.160,-96.191
1789911900.258647,-65.430,-7.812,-9.766,-86.914
1789911900.262524,-83.984,-15.137,-12.695,-77.637
1789911900.266400,-85.938,-18.066,-12.207,-72.754
1789911900.270277,-86.914,-20.508,-17.578,-87.402
1789911900.274153,-89.355,-21.973,-20.996,-101.562
1789911900.278029,-77.148,-21.973,-24.902,-99.609
1789911900.282203,-70.801,-27.344,-22.461,-75.684
1789911900.286080,-70.312,-29.785,-30.273,-59.570
1789911900.289957,-63.477,-31.250,-41.016,-74.219
1789911900.293833,-59.570,-39.551,-39.551,-81.055
1789911900.297709,-57.617,-44.922,-37.598,-63.477
1789911900.301586,-38.574,-42.969,-31.738,-56.152
1789911900.305463,-26.367,-39.551,-27.344,-48.340
1789911900.309339,-39.062,-40.527,-29.785,-47.852
1789911900.313215,-40.039,-46.875,-30.762,-51.270
1789911900.317092,-25.391,-49.805,-31.738,-41.504
1789911900.320969,-23.926,-42.480,-33.203,-37.598
1789911900.324845,-25.879,-40.039,-32.227,-24.902
1789911900.328990,-12.207,-38.574,-30.762,-23.926
1789911900.332867,-17.578,-40.039,-33.691,-27.344
1789911900.336743,-20.508,-41.016,-37.598,-26.367
1789911900.340620,-9.277,-40.527,-35.645,-18.555
1789911900.344496,-1.465,-40.527,-35.156,-12.207
1789911900.348373,5.859,-36.621,-36.621,-21.973
1789911900.352250,-4.395,-36.621,-37.598,-14.648
1789911900.356127,-2.441,-34.668,-39.062,-2.441
1789911900.360003,11.230,-34.180,-35.645,-11.719
1789911900.363880,2.441,-40.527,-33.691,-8.301
1789911900.367756,0.000,-41.504,-34.668,2.441
1789911900.371633,4.395,-41.992,-40.527,-13.672
1789911900.375975,0.000,-37.598,-29.785,-13.184
1789911900.379852,0.000,-31.250,-26.367,-6.836
1789911900.383729,0.000,-30.762,-35.156,-20.996
1789911900.387606,0.000,-36.133,-37.598,-30.273
1789911900.391483,0.000,-44.434,-41.016,-26.855
1789911900.395360,0.000,-45.410,-41.504,-20.996
1789911900.399236,0.000,-41.016,-45.410,-24.902
1789911900.403113,0.000,-49.316,-53.223,-31.738
1789911900.406990,0.000,-58.594,-57.617,-38.086
1789911900.410867,0.000,-61.523,-62.500,-39.062
1789911900.414744,0.000,-60.547,-63.477,-35.645
1789911900.418620,0.000,-62.012,-62.988,-44.922
1789911900.422920,-34.180,-67.871,-57.129,-48.340
1789911900.426796,-18.555,-70.312,-58.105,-41.992
1789911900.430673,-18.066,-68.848,-58.594,-35.645
1789911900.434551,-21.973,-61.035,-52.246,-30.762
1789911900.438427,-17.578,-62.012,-51.758,-27.832
1789911900.442304,-20.020,-60.547,-54.688,-22.949
1789911900.446182,-13.672,-61.035,-60.059,-33.203
1789911900.450058,-12.695,-63.477,-60.547,-40.527
1789911900.453935,-20.020,-60.547,-65.430,-44.434
1789911900.457813,-25.879,-60.547,-63.477,-47.852
1789911900.461689,-28.320,-57.617,-55.664,-36.133
1789911900.465566,-29.785,-53.711,-57.129,-33.691
1789911900.469843,0.000,-63.477,-61.523,-44.922
1789911900.473721,0.000,-76.172,-67.871,-49.805
1789911900.477598,0.000,-80.078,-79.590,-43.457
1789911900.481475,0.000,-82.520,-83.008,-52.246
1789911900.485352,0.000,-83.984,-80.078,-68.848
1789911900.489229,0.000,-83.496,-81.055,-66.895
1789911900.493106,0.000,-81.055,-85.938,-70.801
1789911900.496984,0.000,-82.031,-92.773,-78.613
1789911900.500861,0.000,-79.102,-86.426,-66.406
1789911900.504738,0.000,-73.242,-83.008,-65.430
1789911900.508615,0.000,-69.824,-84.961,-71.777
1789911900.512492,0.000,-70.801,-85.449,-59.570
1789911900.516780,-67.383,-74.707,-79.590,-65.430
1789911900.520658,-72.754,-81.055,-83.008,-71.289
1789911900.524535,-63.965,-80.566,-92.285,-60.547
1789911900.528412,-50.293,-77.637,-86.426,-57.617
1789911900.532290,-54.199,-79.590,-79.590,-64.941
1789911900.536167,-64.941,-75.684,-74.707,-66.406
1789911900.540045,-62.012,-69.336,-63.965,-66.406
1789911900.543922,-47.852,-64.453,-59.082,-52.246
1789911900.547799,-37.598,-54.199,-53.711,-40.527
1789911900.551677,-28.320,-44.922,-49.316,-34.668
1789911900.555554,-39.551,-50.293,-45.410,-14.160
1789911900.559431,-54.688,-53.223,-39.062,-29.297
1789911900.563634,-44.922,-49.316,-48.828,-43.457
1789911900.567511,-40.527,-46.875,-48.340,-35.645
1789911900.571389,-39.551,-43.457,-42.969,-36.621
1789911900.575266,-45.410,-44.434,-43.945,-41.992
1789911900.579144,-55.176,-44.922,-41.016,-39.551
1789911900.583021,-51.758,-44.434,-41.016,-30.762
1789911900.586899,-42.480,-43.945,-44.434,-31.250
1789911900.590776,-38.086,-43.457,-52.734,-23.926
1789911900.594654,-47.363,-48.340,-54.199,-22.949
1789911900.598531,-59.570,-44.922,-43.945,-19.531
1789911900.602409,-52.734,-36.133,-42.480,-22.949
1789911900.606286,-44.922,-36.621,-47.363,-38.574
1789911900.610472,-45.410,-36.133,-50.781,-30.273
1789911900.614350,-50.293,-34.180,-43.457,-37.109
1789911900.618227,-54.199,-41.992,-41.992,-42.969
1789911900.622105,-55.176,-45.898,-51.758,-51.270
1789911900.625983,-56.152,-43.945,-47.852,-56.641
1789911900.629860,-41.992,-51.270,-54.199,-49.805
1789911900.633738,-38.086,-56.152,-56.641,-56.641
1789911900.637615,-50.781,-58.105,-59.082,-58.105
1789911900.641493,-60.059,-60.547,-65.430,-53.711
1789911900.645370,-63.965,-59.082,-66.895,-43.457
1789911900.649248,-62.988,-55.664,-68.848,-40.039
1789911900.653126,-51.758,-54.688,-67.871,-42.969
1789911900.657698,-49.805,-50.781,-67.871,-40.039
1789911900.661576,-38.574,-49.316,-63.477,-43.457
1789911900.665454,-21.973,-53.711,-63.477,-54.199
1789911900.669332,-33.203,-48.340,-62.500,-45.410
1789911900.673209,-41.992,-42.969,-57.129,-29.297
1789911900.677087,-35.645,-43.457,-55.176,-32.227
1789911900.680965,-38.086,-46.875,-53.223,-29.785
1789911900.684843,-32.715,-44.922,-50.781,-14.160
1789911900.688721,-28.320,-39.062,-49.805,-20.996
1789911900.692599,-43.457,-43.457,-51.270,-34.668
1789911900.696477,-40.527,-43.457,-52.246,-29.297
1789911900.700355,-40.527,-42.969,-55.664,-34.180
1789911900.704471,-31.738,-38.086,-56.152,-41.992
1789911900.708349,-20.020,-30.273,-48.828,-30.273
1789911900.712227,-22.461,-29.785,-44.434,-18.066
1789911900.716105,-23.438,-35.645,-43.945,-22.461
1789911900.719983,-24.414,-38.086,-41.992,-26.855
1789911900.723861,-22.949,-34.668,-38.086,-24.902
1789911900.727739,-16.113,-32.227,-39.551,-25.879
1789911900.731617,-13.184,-31.738,-43.945,-29.785
1789911900.735495,-17.090,-31.250,-36.133,-31.738
1789911900.739373,-20.020,-27.832,-34.668,-19.531
1789911900.743251,-33.691,-31.738,-40.527,-25.879
1789911900.747129,-37.598,-36.621,-42.969,-39.551
1789911900.751433,-26.367,-36.133,-41.016,-39.551
1789911900.755312,-22.949,-33.203,-38.086,-31.738
1789911900.759190,-37.109,-36.133,-41.992,-19.043
1789911900.763068,-42.480,-38.086,-40.527,-23.926
1789911900.766946,-36.133,-37.109,-39.551,-27.344
1789911900.770824,-40.527,-40.527,-41.504,-29.297
1789911900.774702,-46.875,-39.062,-36.621,-30.762
1789911900.778581,-48.828,-36.133,-37.109,-23.926
1789911900.782459,-40.527,-33.203,-38.086,-27.344
1789911900.786337,-32.227,-30.273,-38.086,-16.602
1789911900.790215,-29.785,-28.809,-35.156,-19.043
1789911900.794093,-25.879,-27.832,-37.109,-30.273
1789911900.798627,-25.879,-24.414,-37.109,-24.902
1789911900.802506,-29.785,-22.461,-28.809,-27.344
1789911900.806384,-29.785,-27.344,-28.320,-33.691
1789911900.810263,-27.832,-28.809,-31.738,-32.715
1789911900.814141,-36.621,-29.297,-30.273,-27.832
1789911900.818019,-38.086,-34.668,-32.227,-22.461
1789911900.821898,-44.434,-45.410,-32.715,-22.949
1789911900.825776,-47.852,-47.363,-42.480,-46.387
1789911900.829655,-33.203,-46.387,-41.992,-44.922
1789911900.833533,-25.391,-45.898,-36.133,-15.137
1789911900.837411,-35.645,-40.527,-47.363,-2.441
1789911900.841290,-44.922,-39.551,-46.875,-10.742
1789911900.845536,-39.551,-38.086,-39.062,-26.367
1789911900.849414,-39.551,-37.598,-36.133,-20.996
1789911900.853293,-42.480,-41.016,-37.598,-15.137
1789911900.857171,-40.527,-39.062,-36.133,-16.113
1789911900.861050,-42.480,-41.504,-30.273,-16.602
1789911900.864928,-51.758,-44.922,-31.738,-23.926
1789911900.868807,-54.199,-42.969,-36.133,-25.391
1789911900.872686,-51.270,-43.457,-42.480,-26.855
1789911900.876564,-57.129,-43.945,-43.945,-21.973
1789911900.880443,-65.918,-41.992,-42.969,-23.926
1789911900.884321,-64.453,-46.387,-44.434,-40.039
1789911900.888200,-50.293,-44.434,-43.945,-38.574
1789911900.892418,-46.875,-40.039,-41.016,-24.414
1789911900.896297,-57.617,-45.898,-44.434,-24.902
1789911900.900176,-51.270,-43.457,-45.898,-26.367
1789911900.904054,-52.734,-41.016,-41.504,-31.738
1789911900.907933,-60.059,-43.945,-34.180,-41.504
1789911900.911812,-52.246,-39.551,-33.203,-33.203
1789911900.915690,-45.410,-44.434,-43.457,-32.227
1789911900.919569,-46.387,-49.316,-38.574,-25.391
1789911900.923448,-47.363,-47.363,-34.180,-19.531
1789911900.927326,-49.316,-49.805,-37.109,-32.227
1789911900.931205,-57.129,-45.898,-31.738,-35.156
1789911900.935084,-40.527,-39.551,-26.855,-21.484
1789911900.939281,-38.574,-43.457,-37.109,-26.367
1789911900.943159,-60.059,-45.898,-44.434,-42.969
1789911900.947038,-55.664,-42.480,-41.992,-40.527
1789911900.950917,-49.805,-38.086,-42.480,-37.598
1789911900.954796,-43.945,-37.109,-41.016,-38.086
1789911900.958674,-36.621,-38.574,-38.086,-24.902
1789911900.962553,-30.762,-38.574,-35.156,-22.949
1789911900.966432,-29.785,-39.062,-31.738,-28.809
1789911900.970311,-34.180,-41.016,-31.250,-27.344
1789911900.974190,-40.527,-50.293,-34.668,-33.691
1789911900.978069,-36.133,-47.852,-33.203,-29.785
1789911900.981947,-24.902,-39.062,-33.203,-27.344
1789911900.986321,-26.855,-36.133,-35.645,-30.273
1789911900.990200,-32.715,-34.668,-34.180,-33.203
1789911900.994079,-40.039,-37.598,-36.133,-41.992
1789911900.997958,-58.594,-43.457,-34.668,-45.898
1789911901.001837,-58.594,-40.039,-32.227,-33.203
1789911901.005716,-49.316,-36.133,-27.344,-16.602
1789911901.009595,-36.133,-34.180,-21.973,-18.066
1789911901.013474,-26.855,-31.250,-21.973,-12.695
1789911901.017353,-29.785,-27.832,-19.531,-9.766
1789911901.021232,-27.832,-24.902,-20.020,-25.879
1789911901.025111,-31.250,-28.809,-19.531,-30.273
1789911901.028990,-31.250,-26.855,-18.555,-28.809
1789911901.033135,-30.273,-23.926,-18.066,-29.297
1789911901.037014,-33.203,-21.484,-14.160,-20.020
1789911901.040893,-21.973,-18.555,-14.160,-21.484
1789911901.044772,-21.484,-22.949,-20.996,-29.297
1789911901.048651,-22.461,-29.297,-28.809,-25.391
1789911901.052531,-22.461,-29.297,-27.344,-19.531
1789911901.056410,-23.926,-27.344,-26.855,-15.625
1789911901.060289,-10.254,-26.855,-26.367,-24.902
1789911901.064168,-3.418,-24.902,-23.926,-23.926
1789911901.068047,-12.207,-22.949,-19.043,-17.090
1789911901.071926,-9.277,-23.438,-18.066,-14.160
1789911901.075805,-7.324,-23.926,-24.902,-22.461
1789911901.080109,-17.090,-23.926,-31.250,-31.738
1789911901.083989,-10.254,-20.508,-30.273,-29.297
1789911901.087868,-13.672,-24.902,-24.902,-36.133
1789911901.091747,-26.855,-30.273,-31.738,-39.062
1789911901.095627,-14.648,-24.902,-28.320,-32.227
1789911901.099506,-16.602,-25.391,-23.926,-29.785
1789911901.103385,-31.738,-26.367,-29.297,-26.367
1789911901.107265,-24.414,-23.438,-31.250,-22.949
1789911901.111144,-17.090,-22.461,-31.738,-21.973
1789911901.115023,-21.973,-16.602,-22.461,-27.344
1789911901.118902,-18.066,-15.137,-23.438,-26.367
1789911901.122782,-9.277,-19.043,-30.273,-24.414
1789911901.127369,-15.625,-21.973,-27.344,-39.551
1789911901.131249,-20.996,-22.949,-29.785,-43.457
1789911901.135128,-20.508,-20.020,-39.062,-36.133
1789911901.139008,-19.531,-18.555,-35.156,-34.668
1789911901.142887,-15.137,-19.531,-28.809,-26.855
1789911901.146767,-21.973,-25.391,-31.250,-29.297
1789911901.150646,-23.438,-24.902,-36.621,-36.621
1789911901.154526,-19.043,-21.973,-36.621,-38.086
1789911901.158406,-2.930,-19.043,-31.250,-29.297
1789911901.162285,18.066,-17.578,-28.320,-10.254
1789911901.166165,16.113,-14.648,-28.320,-3.418
1789911901.170044,13.672,-13.184,-33.203,-15.625
1789911901.174382,7.812,-18.066,-35.156,-30.273
1789911901.178262,-6.836,-21.484,-30.273,-32.227
1789911901.182142,-17.578,-23.926,-35.645,-35.156
1789911901.186022,-22.461,-20.508,-38.086,-38.574
1789911901.189901,-19.043,-19.531,-33.203,-29.297
1789911901.193781,-14.648,-20.508,-31.738,-16.602
1789911901.197661,-13.672,-25.879,-31.250,-24.902
1789911901.201540,-12.695,-30.762,-30.273,-32.715
1789911901.205420,-3.418,-26.367,-33.203,-25.879
1789911901.209300,6.836,-21.973,-37.598,-26.855
1789911901.213180,-0.488,-27.832,-41.016,-25.391
1789911901.217060,-13.672,-31.738,-39.551,-20.020
1789911901.221482,-13.672,-32.715,-34.668,-20.996
1789911901.225362,-9.277,-34.668,-36.621,-25.879
1789911901.229242,-4.395,-32.715,-41.504,-32.227
1789911901.233122,-8.789,-35.645,-38.574,-27.832
1789911901.237002,-11.230,-38.086,-28.809,-23.926
1789911901.240882,-8.789,-40.527,-30.273,-24.902
1789911901.244762,-10.742,-39.062,-41.504,-28.809
1789911901.248642,-10.742,-34.180,-37.598,-25.879
1789911901.252522,-17.578,-28.320,-23.438,-8.301
1789911901.256402,-31.250,-28.320,-20.508,-0.488
1789911901.260282,-22.949,-33.203,-23.926,-13.184
1789911901.264162,1.465,-30.762,-21.973,-23.438
1789911901.268382,4.883,-27.344,-23.926,-19.043
1789911901.272263,3.418,-29.297,-31.738,-18.555
1789911901.276143,-2.930,-31.250,-25.391,-30.762
1789911901.280023,-20.020,-32.227,-26.855,-22.949
1789911901.283903,-23.438,-41.016,-31.250,-21.484
1789911901.287783,-13.184,-44.434,-34.180,-29.785
1789911901.291663,-10.254,-41.016,-35.156,-32.715
1789911901.295543,-21.484,-37.598,-30.762,-30.762
1789911901.299423,-28.320,-37.109,-31.738,-19.531
1789911901.303303,-10.254,-35.645,-31.250,-24.902
1789911901.307183,-9.766,-32.715,-35.156,-36.133
1789911901.311063,-25.879,-36.133,-38.086,-42.480
1789911901.315232,-19.043,-42.480,-40.039,-37.109
1789911901.319112,-31.738,-47.363,-46.875,-47.363
1789911901.322992,-36.133,-50.781,-45.898,-52.734
1789911901.326873,-27.832,-57.129,-47.852,-55.176
1789911901.330753,-37.598,-68.359,-51.270,-71.777
1789911901.334633,-33.203,-69.824,-55.176,-63.965
1789911901.338513,-30.273,-67.871,-54.688,-61.035
1789911901.342393,-45.410,-72.754,-58.594,-76.172
1789911901.346273,-46.387,-71.777,-65.918,-71.777
1789911901.350154,-32.227,-62.988,-59.082,-70.312
1789911901.354034,-26.367,-61.523,-61.035,-71.289
1789911901.357914,-32.715,-66.406,-62.012,-61.523
1789911901.362257,0.000,-66.895,-57.617,-66.895
1789911901.366137,0.000,-70.801,-57.617,-66.895
1789911901.370017,0.000,-75.684,-56.152,-59.570
1789911901.373898,0.000,-73.242,-57.129,-59.570
1789911901.377778,0.000,-73.242,-53.711,-57.129
1789911901.381658,0.000,-71.777,-54.688,-47.363
1789911901.385539,0.000,-68.359,-59.570,-52.246
1789911901.389419,0.000,-67.383,-53.223,-57.129
1789911901.393300,0.000,-67.383,-60.059,-58.594
1789911901.397180,0.000,-66.895,-64.941,-65.430
1789911901.401060,0.000,-64.453,-60.059,-67.383
1789911901.404941,0.000,-63.965,-65.430,-65.918
1789911901.409263,-50.293,-62.012,-66.895,-71.777
1789911901.413144,-49.316,-59.570,-63.477,-66.406
1789911901.417024,-48.828,-57.617,-61.035,-58.105
1789911901.420905,-47.852,-62.500,-62.500,-72.266
1789911901.424785,-51.270,-68.359,-58.105,-78.613
1789911901.428666,-45.898,-64.941,-58.594,-65.918
1789911901.432546,-47.363,-67.871,-57.617,-76.660
1789911901.436427,-49.316,-74.219,-56.641,-77.637
1789911901.440307,-51.270,-74.707,-59.570,-69.336
1789911901.444188,-49.316,-68.359,-55.664,-70.801
1789911901.448069,-43.945,-65.430,-63.965,-62.012
1789911901.451949,-49.805,-72.266,-67.871,-63.965
1789911901.456039,-49.316,-66.895,-64.941,-67.383
1789911901.459919,-49.316,-57.129,-57.617,-60.059
1789911901.463800,-38.574,-54.688,-49.316,-46.387
1789911901.467681,-38.574,-59.570,-55.664,-45.410
1789911901.471561,-35.156,-62.988,-56.641,-41.992
1789911901.475442,-34.180,-62.988,-51.270,-39.551
1789911901.479322,-38.574,-61.523,-54.688,-33.203
1789911901.483203,-13.184,-55.176,-55.664,-21.484
1789911901.487084,-9.277,-50.293,-50.781,-31.738
1789911901.490964,-20.508,-43.457,-49.805,-26.855
1789911901.494845,-20.020,-44.434,-47.363,-22.461
1789911901.498726,-45.898,-66.406,-60.547,-46.875
1789911901.502979,-63.965,-90.332,-80.078,-70.801
1789911901.506859,-62.988,-91.797,-82.031,-78.125
1789911901.510740,-70.801,-88.379,-76.660,-78.125
1789911901.514621,-54.199,-83.984,-73.242,-69.824
1789911901.518502,-36.133,-75.195,-67.383,-71.289
1789911901.522382,-42.480,-70.801,-67.383,-74.707
1789911901.526263,-48.340,-64.453,-59.082,-68.359
1789911901.530144,-51.758,-63.477,-49.316,-49.805
1789911901.534025,-48.340,-65.430,-50.293,-39.551
1789911901.537905,-49.316,-59.570,-46.875,-41.016
1789911901.541786,-56.152,-64.453,-44.922,-43.945
1789911901.545667,-57.129,-60.547,-53.711,-47.852
1789911901.549901,-50.293,-61.035,-56.641,-51.270
1789911901.553782,-44.922,-62.500,-56.152,-62.012
1789911901.557663,-56.152,-58.105,-56.641,-70.801
1789911901.561544,-62.012,-57.617,-58.594,-69.336
1789911901.565425,-46.875,-57.129,-57.129,-67.383
1789911901.569305,-44.922,-59.570,-54.199,-63.477
1789911901.573186,-60.547,-64.941,-49.805,-59.082
1789911901.577067,-65.918,-67.871,-49.805,-43.457
1789911901.580948,-51.758,-61.035,-51.758,-31.738
1789911901.584829,-47.852,-53.223,-47.363,-37.109
1789911901.588710,-40.527,-51.758,-47.852,-44.434
1789911901.592591,-30.762,-50.293,-47.852,-32.227
1789911901.596792,-36.133,-49.805,-42.969,-24.902
1789911901.600672,-44.922,-51.270,-41.504,-22.949
1789911901.604554,-57.129,-54.688,-40.527,-26.855
1789911901.608435,-52.246,-59.570,-42.480,-29.297
1789911901.612316,-52.734,-58.105,-44.434,-29.297
1789911901.616197,-52.246,-58.105,-40.039,-34.180
1789911901.620078,-47.363,-51.758,-44.434,-15.625
1789911901.623959,-49.805,-49.805,-43.945,-20.508
1789911901.627840,-41.504,-58.105,-40.039,-39.062
1789911901.631721,-43.457,-62.500,-45.898,-52.734
1789911901.635602,-58.594,-63.477,-53.223,-59.570
1789911901.639483,-49.316,-62.500,-55.176,-57.129
1789911901.643689,0.000,-67.871,-57.129,-70.312
1789911901.647571,0.000,-68.848,-68.359,-77.148
1789911901.651452,0.000,-80.078,-77.148,-82.031
1789911901.655333,0.000,-86.426,-73.242,-82.031
1789911901.659214,0.000,-89.844,-84.961,-83.008
1789911901.663095,0.000,-93.262,-100.098,-94.238
1789911901.666976,0.000,-88.379,-89.355,-97.168
1789911901.670857,0.000,-90.332,-83.496,-84.961
1789911901.674738,0.000,-90.332,-92.285,-65.430
1789911901.678620,0.000,-89.844,-91.309,-89.355
1789911901.682501,0.000,-97.656,-94.727,-108.887
1789911901.686382,0.000,-98.145,-94.727,-96.680
1789911901.690530,-96.680,-91.309,-83.496,-87.402
1789911901.694411,-83.496,-89.844,-81.055,-78.613
1789911901.698292,-56.641,-85.449,-83.008,-69.824
1789911901.702173,-52.734,-87.402,-85.938,-68.848
1789911901.706054,-84.961,-102.051,-104.980,-83.496
1789911901.709936,-96.680,-109.863,-110.840,-93.750
1789911901.713817,-82.520,-110.840,-112.793,-93.750
1789911901.717698,-76.172,-104.492,-109.863,-99.609
1789911901.721579,-72.754,-97.656,-95.215,-98.145
1789911901.725461,-67.383,-91.797,-92.773,-91.797
1789911901.729342,-49.805,-84.961,-90.332,-90.332
1789911901.733223,-50.293,-82.520,-83.984,-88.379
1789911901.737360,-72.754,-87.402,-85.938,-84.961
1789911901.741241,-99.121,-112.793,-115.723,-105.469
1789911901.745123,-113.770,-132.812,-134.766,-129.883
1789911901.749004,-104.980,-128.418,-122.559,-131.348
1789911901.752885,-93.262,-123.047,-116.211,-122.559
1789911901.756767,-75.684,-115.234,-111.816,-111.328
1789911901.760648,-80.078,-105.469,-101.074,-90.820
1789911901.764529,-63.477,-90.820,-83.984,-64.453
1789911901.768410,-37.109,-75.684,-74.707,-65.918
1789911901.772292,-39.551,-72.266,-71.777,-61.035
1789911901.776173,-43.457,-67.871,-72.266,-60.059
1789911901.780055,-47.852,-61.523,-69.824,-70.801
1789911901.784170,0.000,-61.035,-67.871,-59.082
1789911901.788052,0.000,-65.918,-66.406,-58.594
1789911901.791933,0.000,-66.406,-62.500,-65.430
1789911901.795814,0.000,-59.570,-61.523,-60.059
1789911901.799696,0.000,-57.617,-60.547,-55.176
1789911901.803577,0.000,-59.570,-49.805,-47.852
1789911901.807459,0.000,-58.105,-46.387,-33.203
1789911901.811340,0.000,-56.641,-51.270,-42.480
1789911901.815221,0.000,-52.246,-48.828,-56.641
1789911901.819103,0.000,-45.410,-47.363,-39.551
1789911901.822984,0.000,-48.828,-49.316,-21.484
1789911901.826866,0.000,-52.734,-52.734,-30.762
1789911901.830960,-27.344,-50.293,-51.270,-38.086
1789911901.834841,-15.625,-50.293,-44.434,-21.484
1789911901.838723,-27.832,-48.340,-44.434,-24.902
1789911901.842604,-27.344,-51.270,-46.875,-39.062
1789911901.846486,-17.578,-51.758,-47.363,-34.180
1789911901.850367,-6.836,-46.875,-38.574,-22.461
1789911901.854249,-26.855,-50.293,-32.715,-20.508
1789911901.858130,-46.387,-44.434,-30.273,-23.926
1789911901.862012,-27.832,-23.926,-18.555,-17.578
1789911901.865893,-1.465,-12.207,-12.695,-3.418
1789911901.869775,2.930,-8.301,-10.254,-1.465
1789911901.873656,9.766,-5.371,-13.672,-8.301
1789911901.877905,0.000,-6.348,-11.230,-11.719
1789911901.881786,0.000,-10.742,-14.648,-29.297
1789911901.885668,0.000,-13.184,-18.555,-39.551
1789911901.889549,0.000,-17.090,-18.066,-37.109
1789911901.893431,0.000,-18.066,-17.578,-26.367
1789911901.897313,0.000,-13.184,-18.066,-17.578
1789911901.901194,0.000,-16.602,-16.113,-16.602
1789911901.905076,0.000,-15.137,-11.719,-5.859
1789911901.908958,0.000,-13.184,-4.883,-15.625
1789911901.912839,0.000,-9.766,-9.766,-15.137
1789911901.916721,0.000,-9.277,-15.137,-6.836
1789911901.920603,0.000,-10.254,-9.277,-12.695
1789911901.924824,0.488,-4.395,-12.207,-10.742
1789911901.928706,3.906,-7.324,-19.531,-9.277
1789911901.932588,0.000,-10.742,-23.438,-22.949
1789911901.936470,-3.906,-9.277,-19.531,-25.879
1789911901.940351,2.930,-4.883,-17.578,-6.836
1789911901.944233,4.395,-6.836,-17.090,-5.859
1789911901.948115,7.812,-15.137,-18.555,-18.555
1789911901.951997,5.371,-19.043,-18.555,-27.832
1789911901.955878,-1.953,-16.113,-20.020,-32.227
1789911901.959760,1.465,-14.648,-24.902,-12.695
1789911901.963642,0.977,-17.578,-27.832,-13.672
1789911901.967524,1.953,-19.043,-29.297,-33.691
1789911901.971716,0.000,-20.508,-24.414,-22.461
1789911901.975598,2.441,-20.020,-17.578,-12.695
1789911901.979480,11.719,-20.020,-16.113,-13.672
1789911901.983361,13.184,-20.508,-14.648,-13.184
1789911901.987243,0.488,-20.996,-13.672,-10.742
1789911901.991125,-6.836,-21.484,-18.555,-19.531
1789911901.995007,-8.789,-25.879,-22.949,-15.625
1789911901.998889,-8.301,-29.785,-33.203,-7.324
1789911902.002771,-5.371,-27.344,-32.715,-13.672
1789911902.006652,-13.184,-25.879,-30.762,-31.738
1789911902.010534,-34.180,-29.785,-36.133,-40.527
1789911902.014416,-31.738,-31.738,-32.227,-41.504
1789911902.018590,-17.578,-35.156,-30.762,-48.828
1789911902.022472,-19.043,-36.133,-28.320,-37.598
1789911902.026354,-25.879,-34.668,-22.949,-23.926
1789911902.030236,-19.043,-39.551,-22.461,-10.742
1789911902.034118,-25.391,-41.504,-29.785,-20.996
1789911902.038000,-24.414,-35.645,-27.344,-16.113
1789911902.041882,-11.719,-31.738,-30.762,-10.254
1789911902.045764,-16.602,-35.156,-31.738,-30.273
1789911902.049646,-27.344,-37.598,-29.297,-20.996
1789911902.053528,-24.414,-37.109,-32.715,-10.742
1789911902.057410,-22.461,-40.527,-29.785,-30.762
1789911902.061292,-27.344,-41.504,-33.691,-42.480
1789911902.065443,-26.855,-45.410,-37.598,-45.410
1789911902.069325,-31.250,-49.805,-41.016,-52.734
1789911902.073207,-33.203,-44.922,-41.016,-48.828
1789911902.077089,-35.645,-44.922,-32.227,-50.293
1789911902.080971,-38.086,-42.969,-32.715,-47.852
1789911902.084853,-33.691,-39.551,-33.691,-42.969
1789911902.088736,-29.785,-40.039,-31.738,-31.738
1789911902.092618,-26.855,-36.621,-31.250,-20.996
1789911902.096500,-20.996,-33.691,-30.273,-32.227
1789911902.100382,4.883,-31.738,-26.367,-32.227
1789911902.104264,8.301,-27.344,-33.203,-26.367
1789911902.108146,-11.230,-33.203,-35.156,-29.297
1789911902.112268,-15.625,-41.016,-29.785,-32.715
1789911902.116151,-23.926,-40.039,-29.785,-22.461
1789911902.120033,-36.133,-41.016,-30.273,-27.832
1789911902.123915,-40.527,-50.293,-38.574,-51.758
1789911902.127797,-41.504,-53.223,-41.504,-55.664
1789911902.131679,-30.273,-45.898,-40.039,-51.270
1789911902.135561,-19.531,-39.062,-41.016,-35.156
1789911902.139443,-22.461,-33.691,-34.180,-33.203
1789911902.143326,-19.531,-30.273,-29.785,-41.992
1789911902.147208,-3.906,-25.391,-27.832,-37.109
1789911902.151090,-0.977,-26.367,-26.367,-29.297
1789911902.154972,-3.906,-39.062,-27.832,-32.227
1789911902.159083,0.977,-39.062,-32.227,-29.785
1789911902.162966,-4.395,-33.691,-36.133,-31.738
1789911902.166848,-1.465,-31.738,-32.227,-27.832
1789911902.170730,-4.883,-31.250,-32.227,-25.391
1789911902.174612,-14.648,-37.109,-39.062,-32.227
1789911902.178494,-15.625,-36.133,-35.645,-26.855
1789911902.182377,-9.277,-27.832,-32.715,-25.879
1789911902.186259,-15.137,-32.715,-36.133,-38.574
1789911902.190141,-24.902,-41.016,-39.062,-39.551
1789911902.194023,-24.414,-41.992,-44.434,-33.691
1789911902.197906,-21.484,-35.645,-42.969,-36.621
1789911902.201788,-26.367,-34.668,-41.504,-34.668
1789911902.206061,-32.715,-38.086,-38.086,-40.039
1789911902.209944,-21.973,-34.668,-32.227,-38.574
1789911902.213826,-16.602,-31.738,-35.156,-32.715
1789911902.217708,-14.160,-29.785,-36.621,-28.809
1789911902.221591,-5.859,-28.809,-41.504,-34.668
1789911902.225473,-0.977,-19.531,-39.551,-46.387
1789911902.229356,2.930,-18.555,-43.945,-37.598
1789911902.233238,-2.930,-31.250,-47.363,-44.922
1789911902.237120,4.395,-29.297,-35.156,-47.363
1789911902.241003,5.371,-29.785,-40.527,-43.945
1789911902.244885,-14.648,-33.691,-49.805,-58.105
1789911902.248767,-10.742,-33.691,-47.852,-54.199
1789911902.252997,-10.254,-40.527,-42.969,-43.945
1789911902.256880,-13.184,-36.133,-42.480,-39.551
1789911902.260762,-8.301,-36.133,-41.992,-38.086
1789911902.264645,-0.977,-43.945,-32.715,-33.203
1789911902.268527,0.977,-41.504,-37.598,-33.203
1789911902.272410,-6.836,-33.691,-43.457,-32.227
1789911902.276292,-11.719,-33.691,-43.457,-28.320
1789911902.280175,-23.438,-38.086,-48.340,-40.527
1789911902.284057,-44.922,-37.598,-51.758,-37.109
1789911902.287940,-59.082,-35.645,-47.363,-26.855
1789911902.291822,-46.387,-31.738,-46.387,-41.504
1789911902.295705,-34.668,-30.762,-51.758,-48.828
1789911902.299919,-32.715,-34.180,-49.316,-38.574
1789911902.303802,-20.996,-35.156,-45.898,-41.016
1789911902.307684,-19.043,-36.621,-51.270,-43.945
1789911902.311567,-28.809,-37.598,-45.410,-44.922
1789911902.315449,-24.902,-33.691,-43.457,-52.246
1789911902.319332,-3.906,-29.297,-49.316,-44.434
1789911902.323215,-10.742,-29.297,-48.828,-61.035
1789911902.327097,-30.762,-32.227,-48.340,-68.359
1789911902.330980,-18.555,-28.320,-45.898,-58.594
1789911902.334862,-22.949,-29.297,-42.969,-56.641
1789911902.338745,-19.531,-29.297,-40.527,-42.969
1789911902.342628,-21.973,-22.949,-39.062,-42.480
1789911902.346818,-25.391,-22.461,-35.645,-41.504
1789911902.350701,-22.461,-28.809,-41.504,-40.527
1789911902.354584,-27.832,-27.832,-46.875,-40.527
1789911902.358466,-13.672,-22.949,-45.898,-28.809
1789911902.362349,-9.277,-25.391,-46.387,-22.949
1789911902.366232,-13.672,-28.320,-47.363,-25.879
1789911902.370115,-5.371,-26.855,-46.387,-17.090
1789911902.373997,-0.488,-26.367,-46.875,-14.648
1789911902.377880,6.348,-23.926,-47.852,-20.508
1789911902.381763,18.066,-22.461,-41.016,-20.996
1789911902.385645,26.855,-23.926,-35.156,-19.043
1789911902.389528,9.766,-18.066,-37.109,-20.508
1789911902.393705,-2.930,-15.137,-36.621,-23.438
1789911902.397587,1.465,-20.020,-33.691,-22.461
1789911902.401470,-1.953,-15.625,-33.691,-32.715
1789911902.405353,-0.488,-14.648,-38.574,-35.156
1789911902.409236,3.418,-17.090,-40.039,-25.879
1789911902.413119,-1.465,-16.602,-38.574,-26.855
1789911902.417001,-6.348,-12.695,-41.504,-21.484
1789911902.420884,2.441,-9.766,-40.039,-15.625
1789911902.424767,9.766,-11.719,-37.109,-21.484
1789911902.428650,9.766,-12.695,-32.715,-29.785
1789911902.432533,-0.488,-14.648,-26.367,-31.250
1789911902.436415,-8.789,-12.695,-26.367,-18.555
1789911902.440559,0.000,-12.695,-20.996,-11.230
1789911902.444442,-15.625,-17.578,-22.949,-18.066
1789911902.448324,-29.297,-19.531,-30.762,-32.227
1789911902.452207,-18.555,-20.020,-30.273,-32.715
1789911902.456090,-12.695,-22.949,-26.855,-23.926
1789911902.459973,-5.859,-20.508,-27.832,-25.879
1789911902.463856,6.836,-15.137,-22.461,-22.949
1789911902.467739,5.371,-10.742,-20.508,0.000
1789911902.471622,4.883,-10.742,-23.926,1.953
1789911902.475505,9.277,-12.207,-28.809,-11.230
1789911902.479388,-0.488,-14.160,-37.598,-22.461
1789911902.483270,5.371,-14.160,-35.156,-21.973
1789911902.487567,7.812,-12.207,-30.762,-16.113
1789911902.491450,-1.465,-12.695,-36.621,-17.578
1789911902.495333,0.977,-15.137,-37.598,-11.230
1789911902.499216,-1.465,-15.625,-37.598,-20.020
1789911902.503099,-2.441,-17.090,-43.457,-22.461
1789911902.506982,2.441,-15.625,-38.574,-15.625
1789911902.510865,-7.324,-18.066,-42.480,-19.531
1789911902.514748,-7.812,-20.508,-50.781,-26.367
1789911902.518631,-15.137,-19.043,-48.828,-27.832
1789911902.522514,-23.926,-21.484,-46.387,-29.785
1789911902.526397,-18.066,-22.461,-45.898,-29.297
1789911902.530280,-13.184,-25.391,-47.852,-15.625
1789911902.534547,-2.930,-26.855,-45.898,-21.973
1789911902.538430,3.906,-19.043,-43.945,-34.180
1789911902.542313,-1.953,-20.508,-46.387,-45.410
1789911902.546196,-8.789,-25.391,-42.480,-40.039
1789911902.550079,-17.090,-26.367,-39.062,-26.367
1789911902.553962,-18.066,-22.461,-40.039,-29.297
1789911902.557846,-4.395,-20.020,-38.086,-26.367
1789911902.561729,-0.488,-23.438,-39.062,-22.461
1789911902.565612,4.395,-23.926,-38.086,-25.391
1789911902.569495,20.020,-18.555,-33.203,-18.066
1789911902.573378,7.324,-19.043,-30.762,-4.395
1789911902.577261,2.441,-21.973,-29.785,-5.371
1789911902.581332,12.207,-20.020,-32.227,-13.184
1789911902.585215,11.230,-14.648,-33.203,-12.695
1789911902.589098,4.395,-10.254,-31.738,-12.207
1789911902.592982,-11.719,-11.719,-29.785,-17.090
1789911902.596865,-5.859,-16.602,-31.250,-10.254
1789911902.600748,9.766,-21.973,-36.621,1.465
1789911902.604631,10.742,-20.020,-34.668,-8.301
1789911902.608515,19.043,-15.137,-32.715,-11.719
1789911902.612398,13.184,-21.484,-35.645,-7.324
1789911902.616281,2.441,-20.508,-32.227,5.859
1789911902.620164,4.883,-16.113,-28.809,14.160
1789911902.624048,10.742,-20.508,-36.133,-4.883
1789911902.628265,9.277,-20.020,-40.527,0.977
1789911902.632148,-4.395,-17.578,-34.180,-0.488
1789911902.636032,-11.719,-16.113,-29.785,-4.395
1789911902.639915,-16.113,-14.648,-26.855,14.160
1789911902.643798,-9.277,-15.137,-25.391,8.789
1789911902.647682,-0.488,-16.113,-26.367,2.441
1789911902.651565,-11.230,-17.578,-27.832,7.324
1789911902.655448,-6.836,-14.648,-29.297,8.789
1789911902.659332,-12.695,-14.160,-32.715,-1.953
1789911902.663215,-22.461,-14.648,-35.645,1.465
1789911902.667099,-11.719,-13.672,-34.180,-2.441
1789911902.670982,-6.836,-16.602,-35.645,-14.648
1789911902.675196,-4.395,-16.602,0.000,-20.020
1789911902.679079,7.812,-20.508,0.000,-16.113
1789911902.682963,15.137,-24.414,0.000,-10.254
1789911902.686846,-2.930,-27.832,0.000,-8.301
1789911902.690730,-20.996,-30.273,0.000,-11.230
1789911902.694613,-24.902,-28.809,0.000,-15.137
1789911902.698497,-24.414,-26.855,0.000,-23.926
1789911902.702380,-10.742,-27.344,0.000,-29.785
1789911902.706264,2.441,-30.273,0.000,-27.832
1789911902.710147,-7.324,-29.297,0.000,-23.926
1789911902.714031,-23.926,-32.227,0.000,-25.391
1789911902.717914,-25.391,-36.133,0.000,-22.949
1789911902.722272,-28.320,-40.527,-47.852,-19.531
1789911902.726156,-30.762,-43.457,-45.898,-29.785
1789911902.730040,-26.855,-42.480,-47.363,-26.855
1789911902.733923,-20.508,-48.340,-51.758,-22.949
1789911902.737807,-19.531,-52.246,-52.246,-23.438
1789911902.741690,-21.484,-44.434,-47.852,-22.949
1789911902.745574,-10.742,-36.133,-41.992,-27.832
1789911902.749458,-12.207,-30.762,-38.574,-16.602
1789911902.753341,-11.719,-31.738,-40.039,0.977
1789911902.757225,-11.719,-31.738,-41.992,-13.672
1789911902.761109,-14.648,-31.250,-41.504,-25.879
1789911902.764992,-13.672,-26.855,-41.992,-15.137
1789911902.769140,-20.996,-29.785,-41.992,-14.160
1789911902.773024,-17.090,-39.551,-44.922,-16.113
1789911902.776907,-13.672,-45.410,-46.875,-13.184
1789911902.780791,-23.926,-43.945,-45.898,-18.555
1789911902.784675,-19.043,-41.016,-44.922,-24.902
1789911902.788558,-20.020,-37.109,-42.480,-31.738
1789911902.792442,-21.973,-35.645,-44.922,-31.738
1789911902.796326,-21.973,-39.551,-46.387,-7.812
1789911902.800210,-26.367,-38.574,-45.410,-9.766
1789911902.804093,-16.113,-33.203,-44.922,-33.691
1789911902.807977,-3.906,-33.203,-44.922,-20.020
1789911902.811861,10.742,-30.762,-49.805,-3.418
1789911902.815990,1.465,-28.809,-47.363,-7.324
1789911902.819874,-5.859,-25.391,-41.016,-3.418
1789911902.823758,1.953,-23.438,-44.922,-3.906
1789911902.827642,-0.977,-27.344,-49.316,-9.277
1789911902.831526,-0.488,-26.855,-44.434,-12.207
1789911902.835409,8.301,-24.414,-44.922,-15.625
1789911902.839293,9.766,-25.391,-48.828,-23.438
1789911902.843177,2.930,-22.949,-49.805,-26.367
1789911902.847061,-6.348,-25.879,-42.480,-15.625
1789911902.850945,0.488,-28.320,-46.387,-16.602
1789911902.854828,5.371,-23.926,-57.617,-8.301
1789911902.858712,-7.324,-22.949,-61.523,1.953
1789911902.862852,-7.324,-25.391,-57.617,-1.465
1789911902.866736,-18.555,-32.227,-60.059,-13.184
1789911902.870620,-14.648,-29.297,-63.477,-19.531
1789911902.874504,-3.418,-27.832,-59.570,-29.785
1789911902.878388,-13.672,-34.668,-65.918,-33.691
1789911902.882272,-11.230,-36.621,-66.406,-35.645
1789911902.886156,-0.488,-33.203,-54.688,-33.203
1789911902.890039,-2.930,-26.367,-50.293,-10.742
1789911902.893923,-4.883,-26.367,-60.547,-2.441
1789911902.897807,-2.930,-30.273,-59.570,-7.324
1789911902.901691,6.348,-29.785,-56.152,-11.230
1789911902.905575,14.160,-30.273,-68.359,-7.324
1789911902.909666,5.371,-30.273,-72.266,-18.066
1789911902.913550,-5.371,-27.832,-60.059,-17.578
1789911902.917434,-7.324,-25.879,-58.594,-11.230
1789911902.921318,5.859,-21.484,-62.988,-8.301
1789911902.925202,-3.906,-21.973,-57.617,-3.906
1789911902.929086,-12.207,-27.832,-57.617,-10.742
1789911902.932970,-17.578,-30.762,-62.012,-9.277
1789911902.936853,-18.066,-29.785,-61.523,-8.301
1789911902.940737,-12.695,-32.715,-61.523,-19.531
1789911902.944621,-18.555,-34.180,-65.430,-21.484
1789911902.948505,-9.277,-34.668,-74.707,-13.184
1789911902.952389,-6.348,-34.668,-69.336,-12.695
1789911902.956444,-15.625,-38.574,-63.477,-19.043
1789911902.960328,-36.621,-39.551,-75.195,-24.414
1789911902.964212,-49.805,-32.227,-74.707,-18.555
1789911902.968096,-39.062,-27.832,-68.359,-21.973
1789911902.971980,-40.039,-22.461,-71.777,-30.273
1789911902.975864,-52.734,-22.949,-69.824,-28.320
1789911902.979748,-42.480,-24.902,-64.941,-20.508
1789911902.983632,-39.062,-24.902,-66.895,-21.973
1789911902.987516,-60.547,-24.414,-68.359,-14.648
1789911902.991400,-45.898,-23.438,-69.336,-13.672
1789911902.995284,-29.785,-25.879,-69.824,-20.996
1789911902.999168,-27.344,-22.949,-71.777,-15.137
1789911903.003376,-13.184,-24.414,-76.172,-21.973
1789911903.007260,-6.836,-33.691,-76.172,-20.996
1789911903.011144,-15.625,-36.621,-81.543,-17.578
1789911903.015028,-13.672,-34.668,-74.707,-25.879
1789911903.018913,-5.859,-29.785,-71.777,-12.695
1789911903.022797,-6.836,-29.785,-74.707,-10.254
1789911903.026681,-12.207,-33.691,-74.707,-31.738
1789911903.030565,-8.301,-29.785,-81.055,-23.926
1789911903.034449,-4.883,-36.133,-75.684,-3.418
1789911903.038333,2.930,-41.016,-80.566,-12.207
1789911903.042217,0.488,-39.551,-82.031,-28.320
1789911903.046101,-11.230,-40.527,-74.219,-23.438
1789911903.050294,-4.395,-42.969,-81.543,-17.090
1789911903.054179,21.973,-40.527,-80.566,-12.207
1789911903.058063,34.668,-34.668,-72.754,-5.859
1789911903.061947,16.113,-37.109,-74.219,-12.207
1789911903.065831,11.719,-38.574,-81.543,-26.367
1789911903.069715,9.766,-35.645,-82.520,-29.785
1789911903.073600,11.719,-33.203,-77.148,-26.367
1789911903.077484,16.113,-31.250,-80.078,-18.555
1789911903.081368,17.090,-30.762,-79.590,-6.836
1789911903.085252,22.949,-30.273,-73.730,-6.836
1789911903.089137,13.184,-29.785,-76.172,-12.207
1789911903.093021,1.465,-32.227,-72.266,-21.973
1789911903.097186,0.000,-37.598,-75.195,-29.297
1789911903.101071,0.000,-36.621,-76.660,-30.762
1789911903.104955,0.000,-36.133,-75.195,-30.762
1789911903.108839,0.000,-36.621,-73.730,-23.926
1789911903.112724,0.000,-39.551,-73.730,-32.715
1789911903.116608,0.000,-43.457,-75.684,-40.039
1789911903.120492,0.000,-39.551,-81.055,-23.926
1789911903.124377,0.000,-31.250,-80.566,-15.137
1789911903.128261,0.000,-29.785,-75.684,-18.066
1789911903.132145,0.000,-32.715,-82.520,-14.648
1789911903.136029,0.000,-32.715,-84.473,-21.484
1789911903.139914,0.000,-33.203,-79.102,-24.902
1789911903.144056,-0.488,-35.156,-80.078,-30.762
1789911903.147940,6.836,-35.156,-84.961,-37.109
1789911903.151824,16.113,-35.645,-79.102,-30.762
1789911903.155709,10.742,-33.691,-74.219,-14.648
1789911903.159593,2.930,-35.645,-74.219,-16.113
1789911903.163478,0.977,-38.574,-78.125,-21.973
1789911903.167362,-4.883,-38.086,-79.102,-25.879
1789911903.171247,-6.348,-40.527,-73.730,-27.344
1789911903.175131,9.277,-39.551,-71.777,-18.555
1789911903.179015,8.301,-39.551,-74.707,-17.578
1789911903.182900,4.883,-37.109,-76.172,-17.578
1789911903.186784,3.906,-34.180,-74.707,-26.367
1789911903.190916,-3.906,-32.715,-70.312,-28.809
1789911903.194800,11.719,-32.227,-70.801,-29.785
1789911903.198684,18.066,-31.738,-67.871,-25.391
1789911903.202569,3.906,-34.668,-60.059,-17.090
1789911903.206453,-3.418,-32.227,-65.430,-22.949
1789911903.210338,-8.789,-29.297,-63.965,-17.090
1789911903.214222,-7.324,-36.133,-62.012,-15.625
1789911903.218107,-4.395,-31.738,-63.965,-17.090
1789911903.221991,-5.859,-30.273,-63.477,-11.719
1789911903.225876,-11.719,-33.691,-66.895,-19.043
1789911903.229760,-15.137,-29.785,-70.312,-22.461
1789911903.233644,-7.812,-32.227,-69.336,-28.809
1789911903.237748,0.000,-30.273,-67.871,-27.344
1789911903.241633,5.859,-23.926,-65.430,-33.691
1789911903.245517,7.812,-25.879,-62.500,-41.016
1789911903.249402,3.418,-25.879,-61.035,-25.391
1789911903.253286,-1.465,-24.414,-62.500,-21.973
1789911903.257171,0.488,-27.832,-62.988,-18.555
1789911903.261055,4.395,-31.738,-54.688,-10.254
1789911903.264940,6.348,-30.273,-60.059,-1.953
1789911903.268825,1.953,-33.203,-64.453,-4.883
1789911903.272709,0.488,-31.250,-59.570,-16.113
1789911903.276593,-3.418,-25.391,-59.082,-10.254
1789911903.280478,-1.465,-23.926,-57.617,-14.160
1789911903.284559,-3.906,-31.250,-63.477,-28.809
1789911903.288443,-13.672,-36.621,-66.895,-24.902
1789911903.292328,-6.348,-32.715,-61.523,-19.531
1789911903.296212,-3.906,-31.738,-61.523,-20.508
1789911903.300097,-33.691,-31.250,-62.500,-30.273
1789911903.303982,-39.551,-28.320,-60.547,-32.715
1789911903.307866,-25.391,-24.414,-51.270,-15.137
1789911903.311751,-28.320,-25.391,-50.781,-17.578
1789911903.315635,-22.461,-26.367,-60.547,-25.391
1789911903.319520,-13.672,-27.344,-60.059,-21.484
1789911903.323405,-13.184,-30.762,-57.617,-31.250
1789911903.327289,-11.719,-31.738,-52.734,-37.598
1789911903.331346,-7.812,-30.273,-50.293,-33.691
1789911903.335231,-9.277,-20.996,-52.246,-24.414
1789911903.339116,-5.371,-22.949,-50.293,-32.715
1789911903.343000,-6.348,-29.297,-48.340,-32.715
1789911903.346885,-5.859,-26.855,-50.293,-28.320
1789911903.350770,0.977,-23.926,-48.340,-24.902
1789911903.354654,-4.883,-23.926,-43.457,-25.879
1789911903.358539,-5.859,-25.391,-50.293,-32.227
1789911903.362423,-0.488,-24.414,-55.664,-18.066
1789911903.366308,-4.883,-20.508,-49.805,-13.672
1789911903.370193,-9.277,-19.531,-43.945,-32.715
1789911903.374077,-18.066,-20.508,-45.898,-38.574
1789911903.378362,-20.020,-18.555,-51.758,-30.762
1789911903.382246,-12.207,-16.113,-52.734,-31.738
1789911903.386131,-11.230,-12.695,-54.199,-34.180
1789911903.390016,-19.043,-17.578,-50.781,-26.855
1789911903.393901,-18.555,-22.461,-45.898,-20.020
1789911903.397786,-14.648,-21.973,-52.246,-20.508
1789911903.401670,-14.160,-24.414,-53.223,-25.879
1789911903.405555,-7.812,-26.855,-49.316,-36.133
1789911903.409440,-2.930,-29.785,-54.199,-45.898
1789911903.413325,-3.418,-28.809,-57.129,-34.180
1789911903.417209,0.000,-25.879,-50.781,-29.785
1789911903.421094,-2.930,-24.902,-50.781,-39.062
1789911903.425272,-11.230,-21.484,-49.805,-36.133
1789911903.429157,-1.953,-17.090,-44.434,-22.461
1789911903.433042,9.277,-11.719,-41.504,-14.160
1789911903.436927,7.324,-11.719,-40.527,-19.043
1789911903.440811,-1.465,-19.043,-44.434,-17.578
1789911903.444696,-12.207,-22.461,-43.945,-20.020
1789911903.448581,-14.160,-27.832,-49.316,-18.555
1789911903.452466,-11.719,-31.250,-57.129,-17.090
1789911903.456351,-7.324,-24.902,-51.758,-22.461
1789911903.460236,-17.090,-25.391,-51.270,-20.020
1789911903.464121,-14.648,-26.855,-54.688,-20.020
1789911903.468005,-8.301,-26.855,-53.223,-23.438
1789911903.472167,-1.953,-28.809,-49.316,-21.484
1789911903.476052,5.859,-27.344,-46.875,-15.625
1789911903.479937,-9.766,-25.879,-45.410,-26.367
1789911903.483822,-17.090,-26.367,-51.270,-27.344
1789911903.487707,-9.766,-24.414,-56.152,-15.625
1789911903.491591,-10.742,-32.715,-55.664,-24.414
1789911903.495476,-24.902,-41.992,-57.129,-43.457
1789911903.499362,-16.113,-35.645,-57.129,-38.086
1789911903.503246,-11.719,-32.227,-51.758,-25.879
1789911903.507131,-19.043,-37.109,-52.734,-31.738
1789911903.511016,-23.438,-38.086,-58.594,-37.109
1789911903.514901,-14.648,-27.344,-52.734,-23.926
1789911903.519062,0.000,-28.320,-48.828,-4.883
1789911903.522947,0.000,-30.273,-50.781,-12.207
1789911903.526832,0.000,-29.785,-47.363,-30.762
1789911903.530717,0.000,-37.109,-51.758,-41.016
1789911903.534602,0.000,-27.832,-57.129,-34.668
1789911903.538487,0.000,-21.973,-50.781,-35.156
1789911903.542372,0.000,-25.879,-48.828,-46.387
1789911903.546257,0.000,-28.320,-47.363,-42.969
1789911903.550143,0.000,-34.180,-52.734,-27.832
1789911903.554028,0.000,-36.621,-53.223,-41.016
1789911903.557913,0.000,-33.691,-49.805,-41.016
1789911903.561798,0.000,-33.691,-50.293,-18.066
1789911903.565911,-23.926,-37.598,-48.828,-25.879
1789911903.569796,-22.461,-35.645,-50.781,-39.551
1789911903.573681,-8.789,-31.250,-53.711,-26.855
1789911903.577566,-9.277,-31.738,-54.199,-29.785
1789911903.581451,-15.137,-31.738,-50.781,-42.969
1789911903.585336,-19.043,-32.715,-52.246,-32.227
1789911903.589221,-21.484,-34.180,-55.176,-27.344
1789911903.593107,-16.113,-28.809,-43.945,-18.555
1789911903.596992,-5.859,-25.391,-39.062,-13.184
1789911903.600877,-4.395,-29.785,-46.875,-21.973
1789911903.604762,-10.742,-32.227,-42.480,-21.973
1789911903.608647,-15.625,-33.691,-39.551,-20.508
1789911903.612745,-27.344,-35.156,-41.504,-32.715
1789911903.616630,-23.926,-35.645,-44.922,-35.645
1789911903.620515,-9.766,-31.738,-46.387,-23.438
1789911903.624400,-12.207,-28.809,-46.387,-29.297
1789911903.628285,-20.508,-30.762,-42.969,-33.203
1789911903.632170,-29.297,-31.738,-39.551,-29.297
1789911903.636056,-30.273,-32.715,-40.527,-35.645
1789911903.639941,-17.578,-31.738,-39.551,-25.391
1789911903.643826,-17.578,-29.297,-34.668,-26.855
1789911903.647711,-2.930,-23.926,-32.227,-26.855
1789911903.651596,0.488,-18.066,-28.320,-24.414
1789911903.655482,-7.812,-14.648,-25.391,-32.715
1789911903.659559,-5.371,-9.766,-21.973,-22.949
1789911903.663445,-23.926,-14.648,-21.484,-23.926
1789911903.667330,-20.020,-18.555,-20.996,-25.879
1789911903.671215,-8.301,-21.973,-23.438,-12.207
1789911903.675101,-7.812,-29.297,-28.809,-15.137
1789911903.678986,-11.719,-27.344,-29.785,-28.320
1789911903.682871,-14.160,-23.438,-28.320,-15.625
1789911903.686756,-6.836,-26.367,-27.832,-7.324
1789911903.690641,-2.930,-24.902,-27.344,-16.113
1789911903.694527,-12.207,-24.902,-29.297,-19.043
1789911903.698412,-20.508,-27.832,-31.250,-31.250
1789911903.702297,-15.625,-23.926,-28.809,-27.344
1789911903.706353,-5.859,-23.926,-26.367,-10.742
1789911903.710238,-1.465,-26.855,-27.832,-12.695
1789911903.714123,-11.230,-24.414,-27.344,-18.555
1789911903.718009,-13.672,-25.391,-23.926,-10.742
1789911903.721894,-0.977,-26.367,-26.367,-6.836
1789911903.725779,0.000,-23.926,-26.855,-20.996
1789911903.729665,-2.441,-27.832,-28.809,-35.645
1789911903.733550,-12.695,-30.273,-36.621,-40.527
1789911903.737435,-27.832,-22.461,-29.297,-41.992
1789911903.741320,-21.973,-17.090,-28.320,-24.414
1789911903.745206,-15.625,-20.508,-34.180,-28.809
1789911903.749091,-20.996,-23.438,-29.297,-37.598
1789911903.753474,0.000,-21.973,-27.344,-27.344
1789911903.757360,0.000,-20.508,-34.180,-30.273
1789911903.761245,0.000,-24.902,-35.156,-36.133
1789911903.765130,0.000,-24.902,-34.180,-32.227
1789911903.769016,0.000,-22.949,-33.691,-28.809
1789911903.772901,0.000,-22.461,-32.227,-37.109
1789911903.776787,0.000,-23.926,-28.809,-46.875
1789911903.780672,0.000,-24.902,-29.297,-41.992
1789911903.784558,0.000,-24.414,-32.227,-46.387
1789911903.788443,0.000,-27.832,-40.039,-37.598
1789911903.792328,0.000,-32.715,-39.551,-36.133
1789911903.796214,0.000,-25.391,-29.297,-41.992
1789911903.800105,-31.250,-16.113,0.000,-31.738
1789911903.803991,-40.039,-19.531,0.000,-24.902
1789911903.807876,-37.109,-23.926,0.000,-22.461
1789911903.811762,-26.855,-24.414,0.000,-31.738
1789911903.815647,-21.973,-26.367,0.000,-29.785
1789911903.819533,-22.949,-26.367,0.000,-20.508
1789911903.823418,-30.273,-22.949,0.000,-17.578
1789911903.827304,-30.273,-28.320,0.000,-26.367
1789911903.831189,-31.250,-34.180,0.000,-30.273
1789911903.835074,-31.250,-35.645,0.000,-27.832
1789911903.838960,-36.133,-32.715,0.000,-19.531
1789911903.842845,-40.039,-31.738,0.000,-15.625
1789911903.847006,-23.438,-29.297,-31.738,-24.414
1789911903.850892,-6.348,-25.391,-28.320,-37.109
1789911903.854777,-12.207,-26.855,-27.832,-50.293
1789911903.858663,-28.320,-27.832,-29.297,-46.875
1789911903.862548,-27.344,-30.762,-32.715,-38.574
1789911903.866434,-31.250,-32.715,-35.645,-31.250
1789911903.870319,-33.203,-31.738,-35.156,-25.879
1789911903.874205,-34.180,-37.109,-31.738,-20.020
1789911903.878090,-32.227,-40.527,-31.250,-32.715
1789911903.881976,-26.367,-34.180,-30.273,-41.016
1789911903.885862,-10.254,-33.691,-32.227,-31.250
1789911903.889747,-9.766,-40.039,-33.691,-31.250
1789911903.893874,-24.902,-41.504,-34.668,-42.969
1789911903.897760,-21.973,-37.598,-33.203,-40.039
1789911903.901645,-26.367,-40.527,-30.762,-30.762
1789911903.905531,-30.273,-40.527,-31.250,-27.832
1789911903.909417,-24.414,-34.180,-30.273,-31.738
1789911903.913302,-26.855,-33.203,-29.297,-37.109
1789911903.917188,-31.250,-33.203,-34.180,-33.691
1789911903.921073,-19.531,-29.785,-33.691,-28.320
1789911903.924959,-18.066,-32.227,-32.227,-20.508
1789911903.928845,-17.090,-36.133,-36.133,-27.832
1789911903.932730,-16.602,-39.551,-36.621,-35.156
1789911903.936616,-16.113,-39.062,-33.203,-27.344
1789911903.940728,-7.324,-36.133,-34.180,-27.344
1789911903.944613,-4.883,-34.180,-34.180,-31.250
1789911903.948499,-7.324,-36.133,-32.715,-37.598
1789911903.952385,-10.254,-39.062,-32.715,-28.320
1789911903.956270,-13.184,-40.527,-30.762,-15.137
1789911903.960156,-19.531,-34.180,-24.902,-30.762
1789911903.964042,-19.531,-32.227,-24.902,-45.410
1789911903.967927,-25.391,-34.668,-31.738,-38.574
1789911903.971813,-32.715,-33.691,-30.273,-36.133
1789911903.975699,-35.156,-36.133,-31.738,-46.875
1789911903.979584,-32.715,-38.086,-37.109,-49.805
1789911903.983470,-23.438,-36.621,-33.203,-41.992
1789911903.987563,-17.578,-35.156,-28.320,-44.434
1789911903.991449,-24.902,-36.133,-33.691,-53.223
1789911903.995335,-34.180,-36.621,-36.133,-53.223
1789911903.999221,-32.227,-35.645,-31.738,-51.270
1789911904.003106,-22.949,-28.320,-28.320,-42.969
1789911904.006992,-13.184,-29.785,-31.250,-48.828
1789911904.010878,0.977,-38.086,-35.156,-53.223
1789911904.014764,-13.672,-36.133,-31.738,-39.551
1789911904.018649,-25.879,-32.715,-27.832,-42.969
1789911904.022535,-10.742,-31.738,-26.855,-37.109
1789911904.026421,-3.418,-32.715,-24.414,-33.203
1789911904.030307,0.000,-33.203,-24.902,-42.480
1789911904.034527,-2.441,-32.715,-26.855,-34.668
1789911904.038413,1.465,-34.668,-24.902,-29.785
1789911904.042299,3.906,-34.668,-24.414,-36.621
1789911904.046185,9.277,-34.180,-34.180,-21.484
1789911904.050071,3.906,-39.062,-32.715,-24.414
1789911904.053957,-9.277,-40.527,-27.344,-38.574
1789911904.057842,-3.906,-35.156,-32.715,-23.438
1789911904.061728,-7.324,-31.250,-31.250,-14.160
1789911904.065614,-6.348,-30.273,-27.832,-24.902
1789911904.069500,10.254,-31.738,-23.926,-31.738
1789911904.073386,-4.883,-34.180,-22.461,-37.598
1789911904.077271,-19.531,-34.668,-25.391,-46.387
1789911904.081338,-20.508,-35.645,-24.902,-46.387
1789911904.085224,-30.273,-39.062,-22.949,-40.527
1789911904.089110,-15.137,-38.574,-21.973,-44.922
1789911904.092996,-9.277,-38.086,-30.273,-51.758
1789911904.096881,-27.832,-35.645,-31.738,-48.828
1789911904.100767,-21.973,-26.367,-26.367,-39.062
1789911904.104653,-16.113,-28.809,-28.320,-22.461
1789911904.108539,-17.578,-33.691,-25.879,-26.367
1789911904.112425,-17.090,-33.203,-25.879,-30.762
1789911904.116311,-20.020,-38.086,-31.250,-27.832
1789911904.120197,-18.066,-42.969,-32.715,-32.227
1789911904.124083,-26.855,-39.062,-31.738,-28.320
1789911904.128438,-34.180,-35.645,-27.344,-38.086
1789911904.132324,-23.926,-36.621,-25.391,-45.898
1789911904.136211,-16.113,-27.832,-23.926,-33.691
1789911904.140097,-19.043,-26.855,-22.949,-31.250
1789911904.143983,-12.207,-33.691,-24.902,-33.203
1789911904.147869,-12.207,-36.133,-26.855,-33.691
1789911904.151755,-17.090,-36.621,-29.297,-27.832
1789911904.155641,-18.066,-34.668,-27.344,-15.625
1789911904.159527,-18.555,-35.156,-21.973,-15.625
1789911904.163413,-20.508,-40.039,-26.855,-30.762
1789911904.167299,-28.320,-42.969,-33.203,-38.086
1789911904.171185,-29.297,-38.574,-29.785,-27.344
1789911904.175344,-19.043,-33.203,-26.367,-17.578
1789911904.179229,-12.207,-31.250,-15.137,-27.344
1789911904.183116,-13.184,-31.738,-19.043,-38.574
1789911904.187002,-5.859,-39.551,-29.785,-41.016
1789911904.190888,-6.836,-42.480,-23.438,-29.785
1789911904.194774,-3.906,-37.598,-23.438,-16.602
1789911904.198660,-5.859,-36.133,-23.438,-14.160
1789911904.202546,-6.348,-38.574,-23.438,-13.184
1789911904.206432,-12.695,-40.527,-20.508,-11.719
1789911904.210319,-16.602,-35.156,-19.043,-18.555
1789911904.214205,-11.719,-32.715,-19.043,-24.902
1789911904.218091,-14.648,-31.738,-20.508,-22.461
1789911904.222265,0.000,-34.180,-15.625,-22.461
1789911904.226151,0.000,-37.109,-10.742,-25.391
1789911904.230038,0.000,-36.133,-16.113,-32.715
1789911904.233924,0.000,-32.715,-12.695,-28.320
1789911904.237810,0.000,-36.621,-19.531,-29.297
1789911904.241696,0.000,-36.133,-26.367,-35.156
1789911904.245582,0.000,-32.715,-22.949,-35.156
1789911904.249469,0.000,-33.691,-22.461,-28.809
1789911904.253355,0.000,-31.738,-19.043,-20.020
1789911904.257241,0.000,-35.645,-21.484,-32.715
1789911904.261127,0.000,-38.086,-24.414,-41.016
1789911904.265013,0.000,-33.203,-17.090,-33.691
1789911904.269129,-22.461,-30.273,-8.789,-31.250
1789911904.273015,-18.555,-31.250,-16.113,-28.320
1789911904.276901,-8.789,-36.621,-17.090,-34.180
1789911904.280787,3.418,-38.574,-12.695,-32.227
1789911904.284674,1.465,-39.551,-16.113,-30.762
1789911904.288560,-8.789,-38.086,-20.996,-32.715
1789911904.292446,-15.625,-36.133,-22.461,-28.320
1789911904.296333,-15.137,-45.410,-20.508,-30.762
1789911904.300219,-5.371,-48.828,-20.508,-28.809
1789911904.304105,-16.602,-49.316,-22.949,-36.621
1789911904.307991,-18.555,-54.199,-21.484,-41.504
1789911904.311878,-5.859,-53.223,-17.090,-34.180
1789911904.315985,-8.789,-48.340,-16.113,-27.832
1789911904.319872,-18.555,-45.410,-18.555,-32.715
1789911904.323758,-20.996,-44.922,-16.113,-25.879
1789911904.327644,-13.184,-44.922,-12.207,-27.832
1789911904.331531,-2.930,-49.805,-15.137,-42.969
1789911904.335417,-12.207,-57.129,-19.531,-34.180
1789911904.339303,-27.832,-60.547,-28.809,-40.039
1789911904.343190,-23.438,-53.711,-23.926,-44.434
1789911904.347076,-20.996,-54.688,-20.508,-31.250
1789911904.350962,-7.812,-57.129,-20.996,-36.133
1789911904.354849,1.465,-53.223,-22.461,-46.875
1789911904.358735,-21.484,-58.105,-27.344,-53.223
1789911904.362970,-22.461,-55.176,-22.949,-49.805
1789911904.366857,-9.277,-42.969,-18.066,-41.992
1789911904.370743,-13.184,-41.016,-14.160,-29.297
1789911904.374629,-3.906,-39.551,-15.137,-31.738
1789911904.378516,10.742,-39.551,-20.508,-36.133
1789911904.382402,5.859,-41.016,-15.137,-31.738
1789911904.386289,3.906,-38.574,-13.184,-28.320
1789911904.390175,3.418,-43.945,-16.113,-20.508
1789911904.394062,-9.766,-51.270,-17.090,-32.227
1789911904.397948,-11.719,-49.805,-24.902,-47.363
1789911904.401834,-12.207,-45.898,-25.879,-38.574
1789911904.405721,-5.859,-41.992,-21.973,-33.691
1789911904.410090,-0.977,-41.016,-27.344,-28.320
1789911904.413977,2.930,-43.457,-25.879,-32.227
1789911904.417864,15.137,-41.992,-23.438,-37.109
1789911904.421750,8.301,-41.992,-29.785,-31.250
1789911904.425637,-8.789,-44.922,-27.344,-30.762
1789911904.429523,-4.883,-37.109,-21.484,-43.945
1789911904.433410,10.742,-33.203,-26.855,-41.504
1789911904.437296,5.371,-34.668,-23.438,-23.926
1789911904.441183,-3.906,-31.738,-18.555,-26.367
1789911904.445070,-16.602,-32.715,-26.367,-32.715
1789911904.448956,-20.508,-32.715,-26.367,-32.715
1789911904.452843,-3.906,-33.691,-22.949,-35.645
1789911904.457536,-14.160,-30.762,-24.902,-46.387
1789911904.461423,-26.367,-27.832,-23.438,-46.875
1789911904.465309,-19.043,-33.691,-26.855,-52.734
1789911904.469196,-23.926,-38.086,-28.320,-52.734
1789911904.473083,-21.484,-38.574,-21.484,-37.598
1789911904.476970,-6.348,-37.598,-20.996,-36.621
1789911904.480857,-5.371,-39.551,-27.344,-34.668
1789911904.484743,-20.508,-41.992,-25.879,-32.227
1789911904.488630,-20.508,-35.645,-20.020,-27.344
1789911904.492517,-10.742,-33.691,-19.043,-20.996
1789911904.496404,-3.418,-41.016,-19.531,-25.879
1789911904.500291,1.953,-44.434,-20.996,-24.414
1789911904.504515,0.488,-41.992,-20.996,-26.367
1789911904.508402,-7.324,-40.527,-17.578,-25.391
1789911904.512289,-12.695,-45.898,-23.926,-27.832
1789911904.516176,-9.277,-44.434,-26.855,-41.016
1789911904.520063,-1.465,-35.156,-17.578,-31.250
1789911904.523950,0.977,-30.762,-10.254,-28.809
1789911904.527837,2.930,-34.180,-14.648,-33.691
1789911904.531724,7.324,-39.551,-19.531,-28.320
1789911904.535611,-5.859,-42.969,-12.695,-34.180
1789911904.539498,-27.344,-41.992,-9.766,-35.645
1789911904.543385,-21.484,-31.738,-14.160,-26.367
1789911904.547271,-13.184,-31.250,-15.625,-25.391
1789911904.551788,-2.441,-33.691,-20.020,-21.973
1789911904.555675,0.488,-29.297,-17.090,-27.832
1789911904.559562,-11.719,-34.668,-18.066,-34.668
1789911904.563449,-22.949,-39.551,-21.973,-48.340
1789911904.567336,-22.949,-39.551,-20.508,-50.781
1789911904.571223,-15.137,-40.039,-21.973,-42.480
1789911904.575110,-9.277,-40.039,-24.902,-53.223
1789911904.578997,-3.418,-33.691,-25.391,-50.781
1789911904.582885,-15.137,-31.738,-25.879,-41.016
1789911904.586772,-12.695,-34.668,-27.344,-33.691
1789911904.590659,3.418,-28.809,-25.391,-37.109
1789911904.594546,-1.953,-28.320,-21.973,-36.133
1789911904.599378,-4.883,-28.320,-20.508,-26.855
1789911904.603266,1.465,-25.391,-21.973,-24.902
1789911904.607153,4.883,-29.297,-27.344,-27.344
1789911904.611040,3.906,-35.645,-28.320,-24.414
1789911904.614928,0.000,-37.109,-25.879,-21.484
1789911904.618815,0.977,-33.691,-28.320,-19.043
1789911904.622702,1.953,-35.156,-28.809,-15.625
1789911904.626590,0.488,-36.621,-23.438,-14.648
1789911904.630477,2.930,-32.227,-20.996,-10.742
1789911904.634364,-5.859,-33.203,-28.320,-8.301
1789911904.638252,-11.230,-39.551,-32.715,-12.207
1789911904.642139,-4.883,-36.621,-26.855,-8.789
1789911904.646517,-6.836,-34.180,-21.484,-9.766
1789911904.650405,-13.672,-38.086,-18.066,-9.277
1789911904.654292,-7.812,-39.062,-17.090,-2.441
1789911904.658180,-7.812,-35.156,-20.508,-4.883
1789911904.662067,-20.996,-26.855,-23.438,-10.742
1789911904.665955,-26.855,-25.879,-19.531,-17.090
1789911904.669842,-10.254,-27.832,-21.973,-14.648
1789911904.673730,0.977,-26.367,-17.578,-8.789
1789911904.677617,-10.742,-23.926,-15.137,-10.742
1789911904.681505,-16.113,-27.344,-20.020,-15.137
1789911904.685392,-14.648,-29.785,-20.508,-22.461
1789911904.689280,-13.184,-29.785,-19.531,-31.738
1789911904.693925,-17.578,-35.156,-25.391,-28.809
1789911904.697812,-13.672,-38.086,-29.297,-23.926
1789911904.701700,-19.043,-38.086,-24.414,-20.020
1789911904.705588,-20.996,-41.016,-28.809,-13.184
1789911904.709476,-7.812,-37.598,-28.809,-14.160
1789911904.713363,-6.348,-39.062,-21.484,-27.832
1789911904.717251,-1.465,-40.527,-23.926,-26.855
1789911904.721139,-11.719,-38.574,-27.832,-12.207
1789911904.725027,-28.320,-38.086,-21.973,-12.207
1789911904.728914,-20.508,-37.598,-19.043,-19.531
1789911904.732802,-7.324,-35.156,-20.996,-16.113
1789911904.736690,4.883,-25.879,-13.672,-10.254
1789911904.740885,14.648,-23.438,-13.184,-5.859
1789911904.744773,-0.488,-21.484,-17.090,-7.324
1789911904.748661,-13.184,-23.926,-23.926,-20.996
1789911904.752548,-6.836,-35.645,-28.320,-25.879
1789911904.756436,-6.348,-43.945,-22.949,-27.344
1789911904.760324,-8.301,-43.945,-26.367,-40.527
1789911904.764212,-15.137,-44.434,-34.668,-46.387
1789911904.768100,-20.020,-41.016,-31.738,-41.992
1789911904.771988,-17.090,-38.086,-27.832,-45.898
1789911904.775875,-24.902,-38.086,-36.133,-45.410
1789911904.779763,-33.203,-41.016,-33.691,-41.504
1789911904.783651,-31.250,-40.039,-28.809,-37.109
1789911904.787683,0.000,-35.645,-32.715,-34.668
1789911904.791571,0.000,-33.203,-29.785,-27.344
1789911904.795459,0.000,-32.715,-22.949,-33.203
1789911904.799347,0.000,-29.297,-22.461,-37.109
1789911904.803234,0.000,-24.902,-16.602,-28.809
1789911904.807122,0.000,-28.809,-10.742,-27.832
1789911904.811010,0.000,-33.691,-15.625,-17.578
1789911904.814898,0.000,-39.062,-17.578,-24.902
1789911904.818786,0.000,-39.551,-16.113,-23.926
1789911904.822674,0.000,-36.133,-21.484,-19.531
1789911904.826562,0.000,-37.109,-15.625,-20.996
1789911904.830449,0.000,-39.062,-10.254,-19.531
1789911904.834466,-9.277,-37.598,-19.531,-31.250
1789911904.838354,-9.766,-34.668,-16.602,-31.738
1789911904.842242,-5.371,-29.785,-15.625,-5.859
1789911904.846129,-9.277,-34.180,-21.973,-19.531
1789911904.850017,3.906,-32.227,-16.602,-34.180
1789911904.853905,9.766,-20.508,-18.555,-29.785
1789911904.857793,-2.930,-23.926,-19.531,-36.133
1789911904.861681,1.953,-28.320,-16.113,-35.645
1789911904.865569,0.488,-31.250,-19.043,-29.297
1789911904.869457,-3.906,-34.668,-23.438,-33.203
1789911904.873345,-5.371,-33.203,-19.043,-30.273
1789911904.877233,2.930,-29.297,-14.160,-23.438
1789911904.881371,2.441,-30.273,-14.160,-27.832
1789911904.885259,-12.695,-33.691,-14.648,-35.156
1789911904.889147,-15.137,-29.297,-17.090,-34.180
1789911904.893035,-12.695,-27.344,-18.066,-23.438
1789911904.896923,-4.883,-28.320,-13.184,-34.180
1789911904.900811,-5.371,-24.414,-8.789,-46.387
1789911904.904699,-27.344,-29.297,-18.555,-48.340
1789911904.908587,-20.508,-32.227,-15.625,-39.062
1789911904.912475,-5.859,-26.855,-3.418,-32.715
1789911904.916363,-13.184,-26.367,-9.766,-36.133
1789911904.920251,-15.625,-32.715,-17.578,-39.551
1789911904.924139,-22.461,-35.156,-14.160,-41.504
1789911904.928275,-34.668,-30.273,-13.184,-42.969
1789911904.932163,-32.227,-25.879,-19.531,-50.293
1789911904.936051,-24.902,-28.809,-20.020,-53.711
1789911904.939939,-19.531,-31.738,-20.020,-43.945
1789911904.943827,-27.344,-32.715,-21.973,-30.762
1789911904.947715,-18.555,-27.832,-16.602,-36.621
1789911904.951603,-6.836,-26.367,-18.555,-42.969
1789911904.955491,-9.766,-28.809,-21.484,-34.668
1789911904.959379,-1.953,-30.762,-21.973,-24.902
1789911904.963267,5.859,-28.320,-25.391,-19.531
1789911904.967155,9.277,-30.762,-23.926,-26.855
1789911904.971043,4.395,-35.645,-20.996,-35.156
1789911904.975147,-0.977,-32.227,-19.043,-28.809
1789911904.979035,-11.230,-42.969,-20.996,-22.949
1789911904.982923,-16.113,-50.781,-21.484,-18.066
1789911904.986811,-12.695,-43.457,-21.484,-20.508
1789911904.990699,-10.742,-41.504,-26.367,-34.180
1789911904.994587,-8.301,-43.945,-23.438,-34.668
1789911904.998475,-8.301,-42.969,-27.344,-37.598
1789911905.002363,-12.207,-41.016,-28.320,-42.969
1789911905.006252,-8.789,-37.109,-19.043,-28.320
1789911905.010140,-3.418,-29.297,-19.043,-21.973
1789911905.014028,-14.160,-30.762,-20.508,-35.156
1789911905.017916,0.488,-28.320,-15.137,-44.434
1789911905.022001,0.000,-28.320,-16.113,-41.504
1789911905.025889,0.000,-34.668,-17.578,-34.180
1789911905.029777,0.000,-32.227,-18.555,-33.203
1789911905.033665,0.000,-32.227,-20.508,-26.367
1789911905.037553,0.000,-36.621,-23.438,-20.508
1789911905.041441,0.000,-38.574,-24.414,-11.719
1789911905.045329,0.000,-39.551,-24.414,-17.578
1789911905.049217,0.000,-38.574,-26.367,-31.250
1789911905.053106,0.000,-38.574,-28.809,-28.320
1789911905.056994,0.000,-37.109,-29.297,-26.855
1789911905.060882,0.000,-31.738,-21.973,-23.926
1789911905.064770,0.000,-28.809,-21.973,-33.691
1789911905.068983,-6.836,-25.391,-23.438,-36.133
1789911905.072871,-12.695,-23.926,-18.555,-24.414
1789911905.076760,-12.695,-26.367,-20.996,-24.414
1789911905.080648,-15.137,-31.738,-22.949,-33.203
1789911905.084536,-5.859,-26.855,-17.578,-24.902
1789911905.088424,3.906,-20.996,-14.160,-22.461
1789911905.092313,5.371,-20.996,-15.625,-20.996
1789911905.096201,10.254,-25.391,-18.066,-30.273
1789911905.100089,11.230,-34.180,-23.438,-41.016
1789911905.103977,-5.859,-35.645,-18.066,-32.227
1789911905.107866,-9.277,-25.879,-20.020,-21.973
1789911905.111754,1.953,-16.602,-22.461,-19.531
1789911905.115801,-2.930,-19.043,-19.531,-20.508
1789911905.119689,-10.254,-27.832,-22.949,-20.508
1789911905.123578,-4.883,-25.879,-24.902,-21.973
1789911905.127466,1.953,-18.555,-22.461,-22.461
1789911905.131354,-7.324,-24.902,-22.949,-29.785
1789911905.135242,-13.672,-29.785,-25.391,-30.273
1789911905.139131,-13.184,-32.715,-22.949,-46.875
1789911905.143019,-13.672,-35.156,-19.043,-52.734
1789911905.146907,-3.906,-29.297,-21.484,-30.762
1789911905.150795,-6.836,-30.273,-16.602,-33.691
1789911905.154684,-17.578,-29.785,-12.207,-45.410
1789911905.158572,-21.973,-28.320,-17.578,-41.504
1789911905.162604,-28.320,-32.715,-20.996,-41.016
1789911905.166492,-23.926,-36.133,-20.508,-32.715
1789911905.170380,-24.414,-30.273,-16.602,-23.438
1789911905.174268,-25.879,-27.832,-15.625,-27.832
1789911905.178157,-15.137,-28.320,-15.625,-35.645
1789911905.182045,-13.184,-21.973,-13.672,-36.133
1789911905.185934,-14.648,-24.902,-10.742,-25.879
1789911905.189822,-21.973,-31.738,-5.859,-21.484
1789911905.193710,-20.508,-25.879,-8.301,-19.531
1789911905.197598,-21.484,-21.484,-11.230,-21.973
1789911905.201487,-22.949,-28.809,-13.672,-22.461
1789911905.205375,-7.324,-30.762,-15.625,-9.277
1789911905.209425,-14.648,-29.297,-13.184,-8.789
1789911905.213314,-27.832,-29.785,-20.508,-26.855
1789911905.217202,-10.742,-27.832,-25.879,-23.438
1789911905.221090,2.441,-25.879,-20.508,-14.160
1789911905.224979,3.418,-17.090,-14.648,-12.695
1789911905.228867,5.859,-12.695,-9.277,-11.230
1789911905.232755,-4.395,-20.020,-6.348,-11.230
1789911905.236644,-10.742,-27.344,-11.719,-5.371
1789911905.240532,-10.254,-26.855,-19.531,-4.395
1789911905.244421,-13.672,-25.879,-18.066,-19.043
1789911905.248309,-6.348,-22.949,-17.578,-18.066
1789911905.252197,3.418,-16.602,-20.020,-16.602
1789911905.256335,0.000,-20.508,-18.555,-19.531
1789911905.260224,0.000,-23.926,-23.438,-14.160
1789911905.264112,0.000,-20.508,-22.949,-14.648
1789911905.268001,0.000,-20.996,-19.531,-9.766
1789911905.271889,0.000,-22.461,-21.484,-7.324
1789911905.275778,0.000,-21.973,-18.555,0.488
1789911905.279666,0.000,-18.066,-15.137,2.930
1789911905.283555,0.000,-25.391,-21.484,-19.531
1789911905.287443,0.000,-27.832,-25.879,-37.109
1789911905.291332,0.000,-19.531,-22.949,-19.531
1789911905.295220,0.000,-23.438,-20.996,-10.742
1789911905.299108,0.000,-29.785,-23.438,-24.414
1789911905.303251,5.371,-29.297,-23.926,-19.043
1789911905.307139,4.883,-26.855,-17.578,-6.348
1789911905.311028,-0.488,-27.832,-17.578,-10.254
1789911905.314916,1.465,-26.367,-24.414,-16.602
1789911905.318805,-7.324,-27.832,-26.855,-14.160
1789911905.322693,-4.395,-27.832,-19.043,-9.277
1789911905.326582,9.277,-24.414,-19.531,-14.160
1789911905.330470,-3.906,-23.438,-22.461,-20.508
1789911905.334359,-9.766,-23.438,-20.508,-20.996
1789911905.338247,-2.930,-25.391,-23.926,-15.625
1789911905.342136,-6.836,-27.344,-26.855,-20.508
1789911905.346024,-3.418,-22.461,-18.555,-24.902
1789911905.350119,7.324,-14.648,-12.207,-14.160
1789911905.354008,1.953,-21.973,-20.508,-20.020
1789911905.357896,2.441,-26.367,-20.508,-25.879
1789911905.361785,2.441,-21.484,-20.020,-20.996
1789911905.365674,-4.395,-22.949,-17.090,-22.461
1789911905.369562,3.906,-26.367,-18.555,-17.090
1789911905.373451,-2.441,-26.367,-20.020,-14.160
1789911905.377339,0.977,-25.879,-16.602,-15.625
1789911905.381228,6.348,-30.273,-18.555,-14.160
1789911905.385116,-12.207,-31.250,-19.531,-11.230
1789911905.389005,-28.809,-31.250,-23.926,-4.883
1789911905.392894,-20.996,-31.738,-19.043,-9.277
1789911905.396972,-5.371,-26.855,-16.113,-4.883
1789911905.400861,-14.648,-25.879,-20.996,-9.766
1789911905.404750,-15.137,-28.320,-26.855,-25.879
1789911905.408638,7.324,-27.344,-28.320,-21.973
1789911905.412527,12.695,-27.344,-26.367,-9.277
1789911905.416416,-1.465,-27.832,-25.879,-8.789
1789911905.420304,-5.371,-23.926,-22.461,-26.855
1789911905.424193,-4.395,-17.090,-20.020,-18.066
1789911905.428082,-11.230,-22.949,-24.902,-1.465
1789911905.431970,-7.812,-23.926,-24.414,-15.137
1789911905.435859,0.000,-17.578,-18.066,-17.578
1789911905.439747,2.441,-17.578,-21.973,-16.602
1789911905.443810,5.371,-17.090,-25.391,-11.719
1789911905.447699,-3.906,-19.531,-22.461,-9.766
1789911905.451588,-17.090,-18.066,-20.996,-18.555
1789911905.455476,-22.949,-20.020,-23.438,-24.902
1789911905.459365,-23.926,-24.414,-24.902,-18.066
1789911905.463254,-18.555,-20.996,-22.461,-19.043
1789911905.467142,-5.371,-16.113,-19.043,-6.836
1789911905.471031,-1.465,-17.090,-13.672,4.883
1789911905.474920,-5.859,-23.438,-18.555,-9.277
1789911905.478808,-14.160,-24.414,-25.879,-19.531
1789911905.482697,-22.949,-26.855,-26.367,-24.902
1789911905.486586,-25.391,-27.832,-26.367,-24.902
1789911905.490633,-21.973,-23.926,-25.391,-20.020
1789911905.494522,-17.090,-23.438,-21.484,-24.414
1789911905.498410,-5.859,-20.020,-21.973,-17.578
1789911905.502299,-1.953,-24.902,-24.902,-10.254
1789911905.506188,-18.066,-33.203,-22.949,-17.090
1789911905.510077,-30.762,-27.344,-27.344,-23.926
1789911905.513965,-25.391,-27.832,-31.250,-27.832
1789911905.517854,-14.648,-23.438,-25.391,-17.578
1789911905.521743,-10.254,-22.949,-23.438,-18.066
1789911905.525631,-11.230,-28.320,-27.344,-25.879
1789911905.529520,-9.766,-24.414,-28.320,-24.414
1789911905.533409,4.883,-22.949,-26.855,-22.949
1789911905.537440,9.766,-27.344,-24.902,-26.367
1789911905.541328,3.418,-33.691,-22.461,-27.344
1789911905.545217,-5.859,-32.715,-21.484,-22.949
1789911905.549106,-8.301,-31.250,-19.531,-20.996
1789911905.552995,3.418,-24.902,-19.531,-11.719
1789911905.556883,3.418,-23.926,-24.414,-12.207
1789911905.560772,-11.719,-29.785,-29.297,-12.207
1789911905.564661,-11.719,-27.832,-31.250,-8.789
1789911905.568550,-18.066,-25.391,-26.367,-30.762
1789911905.572438,-26.367,-23.438,-25.391,-39.551
1789911905.576327,-22.949,-18.066,-30.273,-32.227
1789911905.580216,-36.133,-18.066,-29.297,-41.992
1789911905.584376,-40.039,-19.531,-32.715,-40.039
1789911905.588265,-36.621,-19.531,-34.180,-39.062
1789911905.592154,-38.086,-26.367,-31.250,-38.574
1789911905.596042,-31.738,-33.691,-31.738,-25.391
1789911905.599931,-20.020,-27.832,-31.250,-20.508
1789911905.603820,-18.555,-22.461,-21.484,-23.926
1789911905.607709,-24.414,-28.809,-12.207,-36.133
1789911905.611598,-37.598,-36.621,-21.973,-39.551
1789911905.615487,-34.668,-32.715,-17.090,-32.715
1789911905.619375,-28.320,-31.250,-5.371,-25.879
1789911905.623264,-29.785,-31.738,-14.160,-31.250
1789911905.627153,-29.297,-30.273,-22.949,-33.203
1789911905.631166,-24.414,-31.738,-24.902,-22.949
1789911905.635055,-23.926,-34.180,-25.879,-20.996
1789911905.638944,-39.062,-35.156,-28.320,-13.672
1789911905.642833,-29.785,-31.250,-29.785,-13.672
1789911905.646721,-16.602,-24.902,-27.344,-20.020
1789911905.650610,-20.996,-24.902,-23.926,-25.391
1789911905.654499,-25.879,-28.320,-21.973,-31.738
1789911905.658388,-30.762,-28.320,-24.902,-25.391
1789911905.662277,-40.039,-26.367,-27.344,-28.809
1789911905.666166,-43.945,-25.391,-28.320,-30.762
1789911905.670054,-48.340,-30.273,-24.414,-28.320
1789911905.673943,-44.434,-35.645,-26.855,-31.250
1789911905.678067,-23.438,-32.227,-22.949,-28.320
1789911905.681956,-19.043,-27.344,-21.484,-35.156
1789911905.685845,-30.273,-32.715,-25.879,-37.598
1789911905.689734,-38.086,-37.109,-22.461,-39.551
1789911905.693623,-33.203,-42.480,-20.996,-36.621
1789911905.697512,-20.020,-41.992,-24.414,-15.137
1789911905.701401,-11.230,-35.156,-33.203,-16.113
1789911905.705290,-8.301,-33.203,-32.227,-20.996
1789911905.709178,-15.625,-30.762,-27.344,-19.043
1789911905.713067,-23.438,-33.203,-26.855,-27.344
1789911905.716956,-18.066,-34.180,-27.344,-32.227
1789911905.720845,-28.320,-34.180,-32.227,-38.086
1789911905.724941,-21.973,-32.715,-36.133,-38.574
1789911905.728830,-10.742,-30.762,-28.809,-40.527
1789911905.732719,-20.508,-29.785,-24.414,-34.180
1789911905.736608,-20.996,-25.879,-25.391,-29.297
1789911905.740497,-18.066,-24.414,-20.020,-37.598
1789911905.744386,-14.160,-26.855,-20.996,-41.504
1789911905.748275,-16.602,-28.320,-24.414,-32.227
1789911905.752164,-25.391,-29.297,-31.250,-34.668
1789911905.756053,-16.602,-25.391,-30.762,-39.062
1789911905.759942,-13.184,-19.531,-29.297,-35.645
1789911905.763831,-19.531,-16.602,-28.320,-30.762
1789911905.767720,-12.207,-19.043,-26.855,-33.203
1789911905.771800,-23.438,-26.367,-35.645,-23.438
1789911905.775689,-40.527,-19.043,-38.086,-21.973
1789911905.779578,-44.922,-10.254,-33.203,-36.133
1789911905.783467,-36.133,-7.324,-25.391,-36.621
1789911905.787356,-29.297,-8.301,-19.043,-33.691
1789911905.791245,-32.715,-12.695,-21.484,-30.762
1789911905.795134,-29.297,-13.672,-25.879,-27.344
1789911905.799023,-22.461,-12.695,-20.508,-16.113
1789911905.802912,-24.414,-14.160,-14.648,-21.973
1789911905.806801,-20.020,-14.648,-19.531,-38.086
1789911905.810690,-22.949,-13.672,-20.996,-35.156
1789911905.814579,-32.227,-13.672,-19.043,-24.414
1789911905.818649,0.000,-18.555,-29.297,-34.180
1789911905.822538,0.000,-23.926,-35.645,-47.363
1789911905.826427,0.000,-22.949,-32.715,-39.551
1789911905.830317,0.000,-20.508,-30.762,-33.203
1789911905.834205,0.000,-23.926,-29.297,-40.527
1789911905.838094,0.000,-24.414,-34.180,-39.551
1789911905.841984,0.000,-15.625,-32.715,-41.016
1789911905.845873,0.000,-15.137,-25.391,-46.875
1789911905.849762,0.000,-20.508,-29.297,-44.434
1789911905.853651,0.000,-21.484,-31.250,-44.922
1789911905.857540,0.000,-24.414,-27.832,-38.086
1789911905.861429,0.000,-22.949,-26.855,-29.785
1789911905.865473,-9.277,-19.531,-22.949,-27.344
1789911905.869362,-5.859,-20.996,-20.508,-25.391
1789911905.873251,-13.184,-21.484,-24.902,-27.832
1789911905.877140,-9.766,-16.602,-25.391,-29.297
1789911905.881029,-14.648,-19.531,-25.391,-30.273
1789911905.884918,-16.602,-23.438,-26.855,-32.227
1789911905.888808,-10.254,-23.438,-27.832,-26.855
1789911905.892697,-18.555,-23.438,-27.832,-23.438
1789911905.896586,-28.809,-24.902,-30.273,-42.480
1789911905.900475,-20.996,-23.438,-29.785,-34.668
1789911905.904364,-12.695,-18.555,-24.902,-17.090
1789911905.908253,-14.160,-20.020,-28.809,-21.484
1789911905.912277,-13.672,-31.250,-37.598,-20.996
1789911905.916167,-8.301,-35.156,-35.645,-20.996
1789911905.920056,-4.395,-31.738,-35.156,-20.508
1789911905.923945,-3.906,-32.715,-46.875,-24.414
1789911905.927834,-3.906,-32.715,-40.039,-36.621
1789911905.931723,-6.836,-30.273,-35.156,-40.039
1789911905.935612,-5.859,-29.785,-42.480,-29.297
1789911905.939501,-8.301,-26.855,-39.551,-21.484
1789911905.943391,-15.625,-29.297,-37.598,-21.484
1789911905.947280,-21.973,-34.180,-44.434,-33.691
1789911905.951169,-20.508,-34.668,-41.504,-37.109
1789911905.955058,-21.973,-36.133,-35.156,-36.133
1789911905.959067,-20.020,-32.715,-33.203,-38.574
1789911905.962956,-23.926,-27.832,-29.297,-24.414
1789911905.966846,-27.832,-26.367,-24.902,-13.672
1789911905.970735,-26.855,-26.367,-25.391,-22.461
1789911905.974624,-28.320,-26.367,-29.785,-24.902
1789911905.978513,-34.668,-23.926,-37.598,-22.949
1789911905.982402,-29.785,-24.902,-31.738,-17.090
1789911905.986291,-25.391,-25.879,-23.438,-13.184
1789911905.990181,-36.621,-30.273,-39.551,-21.973
1789911905.994070,-38.574,-35.645,-44.922,-21.973
1789911905.997959,-15.625,-33.691,-38.574,-18.066
1789911906.001848,-9.766,-33.691,-34.668,-21.484
1789911906.005846,-13.184,-40.039,-39.551,-22.949
1789911906.009735,-18.066,-40.039,-39.062,-23.926
1789911906.013625,-24.414,-43.945,-39.062,-32.227
1789911906.017514,-24.902,-49.316,-38.574,-33.691
1789911906.021403,-16.113,-44.434,-32.715,-26.367
1789911906.025292,5.371,-38.086,-29.785,-14.160
1789911906.029181,2.930,-41.016,-25.879,-16.602
1789911906.033071,-9.277,-43.945,-29.297,-30.762
1789911906.036960,-9.277,-42.969,-33.203,-15.137
1789911906.040849,-10.742,-41.992,-27.344,-14.160
1789911906.044738,-13.672,-43.457,-28.320,-27.832
1789911906.048627,-11.230,-45.898,-25.879,-23.438
1789911906.052744,3.418,-41.504,-22.949,-19.043
1789911906.056633,3.906,-37.598,-27.344,-12.207
1789911906.060522,-7.324,-36.621,-29.297,-15.625
1789911906.064412,-3.418,-38.086,-25.879,-13.672
1789911906.068301,-9.277,-44.922,-23.926,-17.090
1789911906.072190,-12.207,-47.363,-30.273,-21.973
1789911906.076079,-7.324,-45.410,-33.203,-21.484
1789911906.079969,-12.695,-44.922,-36.133,-22.949
1789911906.083858,-13.184,-44.922,-29.297,-19.043
1789911906.087747,-7.324,-41.016,-25.391,-13.184
1789911906.091637,-17.090,-39.551,-29.785,-14.160
1789911906.095526,-30.762,-39.062,-26.855,-32.227
1789911906.099618,-20.996,-37.109,-26.367,-42.969
1789911906.103507,-16.113,-37.109,-24.902,-37.109
1789911906.107397,-11.719,-35.156,-23.926,-28.320
1789911906.111286,-17.090,-34.668,-24.902,-27.344
1789911906.115175,-25.391,-37.109,-28.809,-31.738
1789911906.119065,-20.020,-37.109,-33.203,-37.598
1789911906.122954,-16.602,-38.086,-33.691,-32.715
1789911906.126843,-19.531,-36.621,-31.250,-30.762
1789911906.130732,-21.484,-28.809,-30.273,-20.020
1789911906.134622,-13.672,-30.762,-30.273,-14.648
1789911906.138511,-18.555,-32.227,-29.785,-25.879
1789911906.142400,-22.461,-27.344,-27.832,-9.277
1789911906.146505,-12.695,-26.855,-21.484,-0.977
1789911906.150395,-3.906,-28.809,-27.344,-13.672
1789911906.154284,-9.277,-31.738,-37.109,-16.602
1789911906.158174,-8.789,-25.391,-31.738,-12.695
1789911906.162063,-3.906,-25.879,-30.273,-10.254
1789911906.165952,-12.695,-30.273,-35.156,-13.184
1789911906.169842,-8.301,-27.344,-33.691,-15.625
1789911906.173731,1.953,-24.902,-30.273,-19.531
1789911906.177620,-9.277,-27.344,-32.227,-24.902
1789911906.181510,-14.160,-28.320,-27.832,-16.602
1789911906.185399,-8.301,-30.762,-24.414,-13.672
1789911906.189288,-5.859,-34.180,-24.902,-17.578
1789911906.193346,-5.371,-30.273,-25.879,-28.320
1789911906.197235,-10.254,-29.297,-37.109,-32.227
1789911906.201124,-17.090,-29.297,-39.551,-20.508
1789911906.205014,-15.137,-29.297,-30.762,-24.414
1789911906.208903,-21.484,-34.668,-28.809,-29.297
1789911906.212793,-23.926,-37.109,-36.133,-32.227
1789911906.216682,-24.414,-29.297,-35.156,-34.668
1789911906.220572,-22.949,-25.879,-27.344,-29.785
1789911906.224461,-12.695,-28.809,-25.879,-20.996
1789911906.228350,-10.254,-25.879,-31.250,-18.555
1789911906.232240,-10.254,-22.461,-28.809,-20.508
1789911906.236129,-13.184,-22.949,-28.320,-21.484
1789911906.240168,-32.227,-26.367,-32.227,-28.320
1789911906.244057,-34.668,-29.785,-26.367,-33.203
1789911906.247947,-18.066,-26.855,-24.414,-27.832
1789911906.251836,-13.184,-24.414,-33.691,-16.602
1789911906.255726,-27.832,-30.273,-37.109,-24.414
1789911906.259615,-25.879,-31.250,-32.715,-33.691
1789911906.263505,-13.672,-26.855,-29.297,-23.438
1789911906.267394,-11.719,-25.391,-28.320,-12.207
1789911906.271283,-17.090,-28.809,-33.203,-16.602
1789911906.275173,-20.996,-30.273,-29.297,-22.461
1789911906.279062,-14.648,-26.855,-27.832,-24.414
1789911906.282952,-15.137,-26.855,-27.344,-21.484
1789911906.287016,-17.578,-22.461,-28.320,-18.555
1789911906.290905,-1.465,-21.484,-24.414,-21.973
1789911906.294795,-40.527,-27.832,-25.391,-19.531
1789911906.298684,-110.352,-33.203,-31.250,-20.020
1789911906.302574,-140.137,-35.645,-31.738,-7.812
1789911906.306463,-155.762,-33.691,-33.203,-10.742
1789911906.310353,-167.969,-26.855,-31.250,-20.508
1789911906.314242,-174.316,-26.855,-32.227,-14.648
1789911906.318132,-174.805,-38.574,-44.922,-28.320
1789911906.322021,-179.688,-41.504,-39.062,-26.367
1789911906.325911,-169.434,-36.621,-35.645,-19.043
1789911906.329800,-165.527,-33.691,-39.062,-29.297
1789911906.333813,-171.875,-33.203,-30.762,-29.297
1789911906.337703,-156.738,-31.250,-27.832,-17.090
1789911906.341592,-162.109,-29.785,-30.273,-30.273
1789911906.345482,-170.898,-31.250,-34.180,-41.016
1789911906.349371,-158.203,-32.227,-34.668,-39.551
1789911906.353261,-146.973,-31.250,-32.227,-28.320
1789911906.357150,-141.602,-24.414,-27.344,-13.184
1789911906.361040,-137.207,-24.902,-23.926,-18.066
1789911906.364929,-135.254,-29.785,-27.344,-17.090
1789911906.368819,-137.207,-32.227,-30.273,-13.672
1789911906.372708,-141.602,-35.156,-29.785,-27.832
1789911906.376598,-143.066,-35.156,-26.855,-32.715
1789911906.380596,-143.066,-34.180,-25.391,-27.832
1789911906.384486,-132.324,-27.344,-28.320,-34.668
1789911906.388375,-109.863,-20.996,-27.832,-44.434
1789911906.392265,-103.027,-18.555,-24.902,-38.574
1789911906.396154,-100.098,-14.160,-25.391,-28.809
1789911906.400044,-103.027,-14.648,-25.391,-10.742
1789911906.403934,-104.980,-22.949,-26.367,-3.906
1789911906.407823,-97.168,-29.297,-27.832,-18.555
1789911906.411713,-96.191,-30.273,-26.367,-31.738
1789911906.415602,-100.098,-27.344,-23.926,-31.250
1789911906.419492,-88.867,-27.344,-18.066,-22.461
1789911906.423381,-87.891,-28.320,-26.855,-19.043
1789911906.427635,-84.473,-29.785,-39.551,-21.484
1789911906.431525,-76.660,-34.180,-41.016,-31.250
1789911906.435415,-88.379,-39.551,-41.504,-40.527
1789911906.439305,-87.402,-35.156,-39.551,-36.621
1789911906.443194,-86.914,-30.762,-36.133,-32.227
1789911906.447084,-90.820,-34.180,-37.109,-34.180
1789911906.450974,-77.148,-35.156,-37.109,-36.621
1789911906.454863,-63.477,-33.691,-35.156,-34.668
1789911906.458753,-60.059,-29.785,-37.598,-29.297
1789911906.462642,-51.758,-31.250,-38.086,-24.902
1789911906.466532,-39.062,-33.203,-32.227,-31.250
1789911906.470422,-37.598,-31.250,-28.809,-29.785
1789911906.474508,-35.645,-32.715,-39.062,-31.738
1789911906.478398,-30.273,-29.297,-36.133,-33.691
1789911906.482287,-31.250,-26.855,-28.809,-33.691
1789911906.486177,-27.344,-26.367,-35.156,-33.203
1789911906.490067,-20.508,-26.855,-30.273,-25.879
1789911906.493956,-20.996,-29.785,-26.367,-36.133
1789911906.497846,-21.973,-33.203,-33.203,-43.457
1789911906.501736,-21.484,-33.203,-37.598,-31.250
1789911906.505625,-13.184,-32.227,-33.203,-23.438
1789911906.509515,-18.555,-32.227,-29.297,-19.531
1789911906.513405,-36.621,-36.621,-34.668,-22.949
1789911906.517295,-33.691,-40.039,-37.598,-32.715
1789911906.521375,-30.273,-36.133,-32.227,-31.738
1789911906.525265,-15.137,-34.668,-28.809,-17.090
1789911906.529155,-0.488,-33.203,-33.691,-11.230
1789911906.533045,-12.695,-29.297,-33.691,-21.484
1789911906.536934,-20.508,-28.320,-32.227,-23.926
1789911906.540824,-19.043,-34.180,-36.133,-14.160
1789911906.544714,-18.555,-33.203,-37.598,-16.113
1789911906.548604,-9.766,-29.785,-35.645,-28.809
1789911906.552494,-1.953,-34.668,-35.156,-39.062
1789911906.556383,-16.602,-38.574,-37.109,-41.504
1789911906.560273,-27.832,-37.109,-38.086,-33.691
1789911906.564163,-24.902,-33.203,-37.598,-33.691
1789911906.568234,-25.391,-37.109,-40.039,-33.203
1789911906.572124,-22.461,-41.992,-45.898,-34.180
1789911906.576014,-20.508,-41.504,-45.410,-29.785
1789911906.579903,-18.555,-38.574,-39.551,-19.531
1789911906.583793,-13.672,-36.133,-39.551,-23.926
1789911906.587683,-5.859,-30.762,-39.062,-19.531
1789911906.591573,1.953,-24.902,-37.109,-12.207
1789911906.595463,-1.465,-27.832,-36.133,-19.043
1789911906.599352,-7.324,-35.156,-36.621,-22.949
1789911906.603242,-22.949,-38.574,-39.551,-32.227
1789911906.607132,-31.250,-38.086,-36.621,-36.621
1789911906.611022,-22.461,-31.738,-32.227,-28.320
1789911906.615080,-26.855,-30.273,-34.180,-32.715
1789911906.618969,-24.414,-40.039,-35.156,-44.434
1789911906.622859,-14.160,-42.969,-40.527,-38.574
1789911906.626749,-22.461,-40.527,-47.852,-39.062
1789911906.630639,-25.879,-42.969,-46.387,-57.617
1789911906.634529,-24.414,-42.969,-46.387,-45.898
1789911906.638419,-35.156,-41.992,-49.316,-37.598
1789911906.642308,-31.250,-41.992,-48.340,-36.133
1789911906.646198,-22.949,-39.062,-46.875,-30.762
1789911906.650088,-24.414,-33.203,-41.992,-20.020
1789911906.653978,-26.367,-35.645,-45.898,-16.113
1789911906.657868,-30.273,-38.574,-46.875,-22.949
1789911906.661888,-29.297,-34.180,-39.062,-20.508
1789911906.665778,-30.273,-31.250,-35.156,-21.973
1789911906.669667,-19.531,-33.691,-34.668,-26.855
1789911906.673558,-19.043,-36.621,-32.715,-29.297
1789911906.677447,-20.020,-30.762,-28.320,-19.043
1789911906.681337,-22.461,-24.902,-33.203,-15.625
1789911906.685227,-24.902,-30.273,-35.645,-20.508
1789911906.689117,-11.719,-29.297,-37.598,-15.137
1789911906.693007,-15.625,-27.832,-40.039,-17.090
1789911906.696897,-15.625,-29.785,-34.668,-13.672
1789911906.700787,-3.418,-27.344,-33.691,-14.648
1789911906.704676,-3.906,-28.809,-35.645,-26.855
1789911906.708683,-11.719,-28.320,-34.180,-25.391
1789911906.712573,-18.555,-28.809,-28.809,-22.461
1789911906.716463,-21.484,-33.691,-27.344,-19.043
1789911906.720353,-5.859,-32.715,-33.203,-16.602
1789911906.724242,-0.488,-29.297,-32.715,-25.391
1789911906.728132,-11.719,-28.809,-28.320,-24.414
1789911906.732022,-12.207,-28.320,-29.785,-14.648
1789911906.735912,-8.301,-27.832,-32.715,-4.883
1789911906.739802,-7.324,-25.879,-27.832,4.883
1789911906.743692,-10.254,-33.691,-26.367,-8.789
1789911906.747582,-14.160,-39.062,-24.414,-12.695
1789911906.751472,-6.348,-33.203,-18.555,-1.953
1789911906.755726,6.836,-25.879,-20.508,-8.301
1789911906.759616,-6.348,-22.461,-26.855,-14.160
1789911906.763506,-16.113,-23.438,-28.809,-26.855
1789911906.767396,-14.648,-21.973,-25.879,-33.203
1789911906.771286,-11.719,-23.438,-24.902,-31.738
1789911906.775176,-4.395,-28.320,-28.320,-28.809
1789911906.779066,-5.371,-24.902,-31.250,-30.762
1789911906.782956,-18.555,-23.438,-38.086,-40.527
1789911906.786846,-32.227,-26.367,-37.109,-35.156
1789911906.790736,-29.785,-26.367,-28.320,-26.855
1789911906.794626,-12.207,-23.926,-26.855,-26.855
1789911906.798516,-9.277,-21.973,-23.926,-18.555
1789911906.802622,-26.855,-24.414,-23.438,-23.926
1789911906.806512,-21.973,-27.832,-28.320,-31.738
1789911906.810402,-13.672,-30.273,-30.273,-23.438
1789911906.814292,-15.137,-29.297,-31.738,-23.926
1789911906.818182,-5.859,-28.320,-34.180,-26.855
1789911906.822072,-12.695,-30.273,-35.156,-37.109
1789911906.825962,-28.320,-33.203,-34.668,-28.809
1789911906.829852,-40.039,-40.527,-30.273,-25.879
1789911906.833742,-37.598,-38.086,-28.809,-29.785
1789911906.837632,-24.414,-36.133,-30.273,-21.973
1789911906.841522,-26.855,-41.504,-32.715,-14.160
1789911906.845412,-20.508,-42.480,-37.109,-25.391
1789911906.849501,-9.277,-33.691,-31.738,-23.438
1789911906.853391,-10.742,-28.809,-27.832,-17.090
1789911906.857281,-16.602,-31.250,-31.738,-35.645
1789911906.861171,-4.883,-28.320,-29.785,-32.715
1789911906.865062,-5.859,-33.691,-27.832,-33.203
1789911906.868952,-12.207,-33.691,-26.855,-35.156
1789911906.872842,2.441,-21.973,-25.391,-18.555
1789911906.876732,9.277,-28.320,-24.902,-20.996
1789911906.880622,7.324,-31.738,-29.785,-30.762
1789911906.884512,-2.441,-27.832,-33.691,-19.531
1789911906.888402,-12.695,-33.203,-31.250,-28.320
1789911906.892292,-16.602,-34.668,-32.227,-34.180
1789911906.896364,-23.926,-31.250,-36.621,-31.738
1789911906.900254,-26.367,-28.320,-38.574,-38.574
1789911906.904144,-22.949,-30.273,-39.062,-36.133
1789911906.908034,-22.461,-35.156,-41.992,-41.504
1789911906.911925,-12.207,-33.691,-41.016,-35.156
1789911906.915815,-5.371,-32.715,-40.527,-26.855
1789911906.919705,-14.648,-34.668,-37.598,-36.133
1789911906.923595,-27.832,-31.250,-32.715,-37.598
1789911906.927485,-26.855,-30.273,-33.203,-32.227
1789911906.931375,-9.766,-33.203,-33.203,-36.133
1789911906.935265,-7.324,-30.273,-30.273,-36.621
1789911906.939156,-20.996,-29.785,-30.762,-15.137
1789911906.943208,-18.066,-33.203,-33.203,-17.578
1789911906.947098,-13.672,-32.715,-30.273,-34.668
1789911906.950988,-19.043,-29.785,-28.320,-34.180
1789911906.954878,-12.207,-30.273,-31.738,-38.086
1789911906.958769,-1.465,-29.785,-36.133,-36.133
1789911906.962659,-12.207,-28.809,-37.109,-36.621
1789911906.966549,-15.137,-28.320,-30.762,-30.273
1789911906.970439,-3.906,-30.273,-25.879,-10.742
1789911906.974329,-6.348,-35.156,-27.832,-19.043
1789911906.978220,-15.625,-43.457,-30.762,-38.086
1789911906.982110,-12.695,-44.434,-33.203,-37.598
1789911906.986000,-14.160,-35.645,-32.227,-25.879
1789911906.990055,-9.766,-34.668,-34.180,-26.855
1789911906.993945,-4.883,-32.715,-35.156,-37.598
1789911906.997835,-9.277,-29.297,-33.203,-35.156
1789911907.001725,-8.301,-31.738,-34.668,-25.391
1789911907.005615,-7.812,-33.691,-39.062,-18.555
1789911907.009506,-14.160,-36.621,-37.598,-28.320
1789911907.013396,-24.414,-38.574,-35.156,-20.508
1789911907.017286,-29.297,-38.086,-38.574,-15.625
1789911907.021176,-26.855,-37.109,-37.598,-20.020
1789911907.025067,-22.461,-36.133,-37.109,-24.414
1789911907.028957,-9.277,-32.227,-35.645,-19.043
1789911907.032847,-4.883,-31.738,-34.180,-15.625
1789911907.036864,0.000,-32.715,-37.598,-30.273
1789911907.040754,0.000,-22.949,-30.762,-29.297
1789911907.044644,0.000,-16.602,-27.344,-24.902
1789911907.048534,0.000,-20.508,-33.203,-22.949
1789911907.052425,0.000,-24.414,-30.762,-25.391
1789911907.056315,0.000,-25.391,-29.785,-27.344
1789911907.060205,0.000,-22.949,-29.297,-20.508
1789911907.064095,0.000,-22.949,-28.320,-19.531
1789911907.067986,0.000,-29.785,-25.879,-32.715
1789911907.071876,0.000,-25.879,-24.414,-23.438
1789911907.075766,0.000,-20.508,-26.855,-1.953
1789911907.079657,0.000,-22.461,-27.832,-3.906
1789911907.083661,-4.395,-17.090,-27.832,-23.438
1789911907.087551,-12.695,-13.184,-27.832,-21.973
1789911907.091441,-4.883,-17.090,-21.484,-8.301
1789911907.095332,-13.672,-23.926,-26.367,-25.879
1789911907.099222,-20.508,-33.203,-41.016,-32.227
1789911907.103112,-6.836,-27.344,-37.598,-15.137
1789911907.107002,-4.395,-25.879,-31.738,-23.926
1789911907.110893,-14.160,-36.133,-30.273,-38.574
1789911907.114783,-12.207,-34.668,-35.645,-32.227
1789911907.118674,-13.672,-34.668,-39.062,-20.020
1789911907.122564,-22.949,-31.250,-30.762,-5.859
1789911907.126454,-23.438,-27.344,-32.227,-22.461
1789911907.130470,-19.531,-28.809,-30.273,-39.551
1789911907.134361,-11.719,-25.391,-25.391,-41.992
1789911907.138251,6.836,-22.949,-31.250,-38.086
1789911907.142141,10.254,-24.902,-31.250,-35.156
1789911907.146032,-3.906,-27.344,-36.133,-37.598
1789911907.149922,-14.160,-30.762,-45.898,-31.250
1789911907.153812,-26.855,-41.016,-48.340,-39.062
1789911907.157702,-29.785,-41.504,-48.340,-28.809
1789911907.161593,-14.648,-38.086,-37.109,-11.719
1789911907.165483,-10.254,-41.992,-33.203,-21.973
1789911907.169374,-20.996,-46.875,-40.039,-29.297
1789911907.173264,-27.344,-48.340,-42.480,-29.297
1789911907.177365,-27.832,-47.852,-45.898,-17.578
1789911907.181255,-19.531,-43.945,-48.828,-16.602
1789911907.185145,-13.184,-40.527,-49.805,-32.715
1789911907.189036,-12.695,-39.551,-52.246,-46.387
1789911907.192926,-8.301,-36.621,-51.270,-48.828
1789911907.196817,-15.137,-38.086,-55.664,-45.410
1789911907.200707,-31.250,-39.062,-58.594,-40.039
1789911907.204597,-27.832,-37.109,-50.781,-40.527
1789911907.208488,-11.719,-37.598,-50.293,-40.039
1789911907.212378,-6.836,-39.062,-52.246,-36.621
1789911907.216268,3.418,-35.645,-44.922,-39.551
1789911907.220159,8.789,-31.250,-39.551,-43.945
1789911907.224277,0.000,-32.715,-42.969,-37.109
1789911907.228168,0.000,-32.227,-41.992,-30.762
1789911907.232058,0.000,-24.902,-35.156,-27.344
1789911907.235949,0.000,-20.996,-36.133,-10.742
1789911907.239839,0.000,-21.973,-37.109,-16.602
1789911907.243730,0.000,-19.043,-32.227,-11.230
1789911907.247620,0.000,-21.973,-29.297,-0.977
1789911907.251510,0.000,-26.855,-36.621,-15.137
1789911907.255401,0.000,-27.344,-37.598,-15.625
1789911907.259291,0.000,-27.344,-34.180,-17.578
1789911907.263182,0.000,-26.855,-38.086,-25.879
1789911907.267072,0.000,-28.320,-43.457,-31.250
1789911907.271138,-42.969,-30.762,-38.086,-30.273
1789911907.275029,-26.367,-31.250,-34.180,-23.438
1789911907.278919,-27.344,-32.227,-41.504,-37.598
1789911907.282810,-54.688,-33.203,-44.922,-48.340
1789911907.286700,-64.453,-29.297,-43.945,-32.715
1789911907.290591,-56.641,-27.344,-40.527,-27.832
1789911907.294481,-46.387,-27.832,-39.551,-33.203
1789911907.298372,-38.086,-31.250,-33.203,-31.738
1789911907.302262,-37.109,-33.203,-29.785,-23.438
1789911907.306153,-31.250,-34.180,-37.109,-20.508
1789911907.310043,-23.438,-31.738,-41.016,-28.320
1789911907.313934,-19.043,-31.738,-43.945,-24.902
1789911907.317990,-23.926,-34.668,-45.898,-26.367
1789911907.321880,-21.484,-29.297,-42.969,-19.043
1789911907.325771,-6.836,-30.762,-43.457,-10.254
1789911907.329661,-7.324,-33.203,-40.039,-22.461
1789911907.333552,-12.207,-31.250,-39.062,-29.785
1789911907.337442,-9.277,-30.762,-40.527,-31.738
1789911907.341333,-16.113,-30.762,-41.504,-22.949
1789911907.345223,-23.926,-27.344,-35.645,-11.230
1789911907.349114,-18.066,-28.809,-36.621,-28.320
1789911907.353004,-20.996,-30.273,-41.016,-41.016
1789911907.356894,-23.438,-29.785,-37.598,-26.855
1789911907.360785,-11.719,-29.785,-41.992,-24.414
1789911907.364942,-19.043,-27.832,-46.875,-24.414
1789911907.368833,-22.461,-31.738,-41.016,-28.809
1789911907.372723,-20.996,-33.691,-37.598,-35.156
1789911907.376614,-27.832,-33.691,-43.945,-41.016
1789911907.380504,-19.043,-35.645,-44.922,-44.434
1789911907.384395,-16.113,-36.621,-38.574,-40.527
1789911907.388285,-24.414,-40.039,-38.574,-29.297
1789911907.392176,-20.996,-37.109,-34.668,-21.484
1789911907.396067,-10.742,-33.691,-27.832,-28.809
1789911907.399957,-12.207,-29.297,-31.250,-22.461
1789911907.403848,-25.391,-29.785,-31.250,-22.461
1789911907.407738,-28.320,-35.645,-31.250,-31.250
1789911907.411754,-23.438,-40.527,-35.645,-29.785
1789911907.415645,-21.484,-40.527,-31.738,-17.090
1789911907.419535,-16.602,-33.691,-27.832,-10.254
1789911907.423426,-14.648,-32.715,-25.879,-10.254
1789911907.427317,-17.578,-36.133,-31.250,-21.484
1789911907.431207,-16.113,-35.156,-33.691,-33.203
1789911907.435098,-15.625,-33.691,-35.156,-32.715
1789911907.438988,-12.695,-36.621,-40.527,-35.645
1789911907.442879,-10.254,-36.133,-39.551,-34.180
1789911907.446769,4.883,-34.180,-40.527,-25.879
1789911907.450660,3.906,-33.203,-36.133,-20.508
1789911907.454551,-0.977,-31.738,-29.297,-26.367
1789911907.458568,0.000,-25.879,-31.250,-21.973
1789911907.462459,0.000,-24.414,-31.738,-12.207
1789911907.466349,0.000,-28.320,-27.832,-14.648
1789911907.470240,0.000,-23.926,-23.926,-15.137
1789911907.474131,0.000,-25.879,-21.973,-23.926
1789911907.478021,0.000,-29.297,-21.484,-32.227
1789911907.481912,0.000,-31.250,-26.855,-32.715
1789911907.485802,0.000,-34.668,-30.273,-35.156
1789911907.489693,0.000,-31.738,-27.832,-41.992
1789911907.493584,0.000,-28.320,-29.297,-37.109
1789911907.497474,0.000,-32.227,-32.227,-38.086
1789911907.501365,0.000,-32.715,-34.668,-60.547
1789911907.505348,-31.738,-30.273,-33.691,-55.664
1789911907.509239,-21.973,-29.297,-36.621,-42.969
1789911907.513129,-8.789,-30.762,-42.969,-53.711
1789911907.517020,-11.719,-33.203,-40.527,-60.547
1789911907.520911,-18.555,-35.645,-35.156,-55.176
1789911907.524801,-1.953,-31.738,-31.738,-40.039
1789911907.528692,-5.371,-34.668,-37.109,-40.039
1789911907.532583,-12.695,-35.156,-41.016,-47.363
1789911907.536473,10.742,-20.508,-32.715,-36.621
1789911907.540364,5.859,-20.020,-29.785,-25.879
1789911907.544255,-1.953,-28.320,-31.250,-19.531
1789911907.548145,4.883,-28.320,-31.250,-13.184
1789911907.552237,-9.277,-28.809,-34.668,-25.391
1789911907.556127,-14.648,-24.902,-32.227,-35.156
1789911907.560018,-4.395,-26.855,-29.297,-26.367
1789911907.563909,-9.277,-30.273,-25.879,-22.949
1789911907.567799,-10.742,-29.785,-24.414,-25.391
1789911907.571690,-9.766,-30.273,-26.855,-28.809
1789911907.575581,-15.625,-28.809,-33.203,-26.367
1789911907.579472,-19.043,-25.879,-32.715,-21.973
1789911907.583362,-28.320,-29.785,-29.785,-23.438
1789911907.587253,-25.879,-32.715,-33.203,-31.738
1789911907.591144,-20.508,-25.391,-29.785,-25.391
1789911907.595034,-15.625,-20.996,-26.367,-20.020
1789911907.599131,-8.789,-20.508,-27.344,-23.926
1789911907.603022,1.953,-24.902,-25.879,-18.555
1789911907.606913,17.578,-30.273,-28.320,-17.578
1789911907.610804,12.695,-26.367,-30.762,-17.578
1789911907.614694,2.441,-21.973,-26.367,-19.043
1789911907.618585,1.465,-17.090,-27.344,-18.066
1789911907.622476,-1.953,-15.625,-26.855,-6.836
1789911907.626367,1.465,-16.113,-23.438,2.441
1789911907.630257,14.160,-12.695,-16.113,-8.301
1789911907.634148,12.695,-14.648,-11.230,-7.324
1789911907.638039,-14.160,-20.508,-20.020,-10.742
1789911907.641930,-21.484,-20.020,-27.832,-20.020
1789911907.646002,0.000,-20.508,-24.902,-28.320
1789911907.649893,0.000,-23.438,-24.902,-30.762
1789911907.653784,0.000,-27.832,-28.809,-25.391
1789911907.657674,0.000,-27.832,-30.273,-19.531
1789911907.661565,0.000,-24.414,-32.227,-21.484
1789911907.665456,0.000,-26.855,-29.785,-23.926
1789911907.669347,0.000,-27.344,-28.320,-13.184
1789911907.673238,0.000,-24.902,-28.320,-6.348
1789911907.677128,0.000,-22.949,-29.297,-4.883
1789911907.681019,0.000,-25.879,-31.250,-19.531
1789911907.684910,0.000,-28.320,-38.086,-36.621
1789911907.688801,0.000,-28.809,-41.016,-39.062
1789911907.692849,3.906,-30.762,-41.504,-38.086
1789911907.696740,9.766,-31.738,-38.086,-34.668
1789911907.700631,-11.230,-33.203,-28.809,-35.645
1789911907.704522,-18.555,-36.133,-34.180,-31.250
1789911907.708413,-11.230,-35.156,-40.527,-26.367
1789911907.712303,-16.113,-33.203,-36.621,-38.086
1789911907.716194,-17.090,-35.645,-30.273,-33.691
1789911907.720085,-6.348,-29.785,-25.879,-12.695
1789911907.723976,-7.812,-22.949,-25.391,-7.324
1789911907.727867,-0.488,-24.902,-24.414,-9.766
1789911907.731758,-3.418,-30.762,-26.367,-21.484
1789911907.735648,-17.090,-35.156,-37.109,-23.438
1789911907.739934,0.000,-29.297,-36.621,-15.137
1789911907.743825,0.000,-26.367,-31.738,-20.508
1789911907.747716,0.000,-29.297,-32.715,-19.531
1789911907.751607,0.000,-31.738,-29.785,-19.531
1789911907.755498,0.000,-33.203,-27.832,-23.926
1789911907.759388,0.000,-30.273,-29.785,-25.879
1789911907.763279,0.000,-27.344,-28.320,-34.668
1789911907.767170,0.000,-32.715,-31.738,-39.062
1789911907.771061,0.000,-39.551,-35.645,-34.668
1789911907.774952,0.000,-36.621,-37.598,-24.902
1789911907.778843,0.000,-27.344,-34.180,-22.461
1789911907.782734,0.000,-23.926,-25.391,-27.832
1789911907.786753,-8.301,-22.949,-25.879,-28.320
1789911907.790644,-7.812,-23.926,-29.297,-25.879
1789911907.794535,-5.859,-23.926,-24.414,-24.902
1789911907.798426,-0.488,-25.879,-24.414,-26.855
1789911907.802317,-14.160,-29.297,-32.227,-38.086
1789911907.806208,-22.461,-27.344,-36.621,-35.645
1789911907.810098,-17.578,-28.809,-37.109,-22.461
1789911907.813989,-7.324,-28.320,-33.691,-28.809
1789911907.817880,-3.906,-25.391,-31.738,-40.527
1789911907.821771,-4.883,-20.508,-32.715,-24.414
1789911907.825662,7.324,-20.508,-30.762,-20.020
1789911907.829553,6.836,-23.926,-32.227,-24.902
1789911907.833570,-3.906,-29.297,-33.691,-34.668
1789911907.837461,-9.277,-32.227,-36.133,-39.062
1789911907.841352,-2.930,-27.832,-34.668,-15.625
1789911907.845243,2.441,-21.484,-33.691,-6.836
1789911907.849133,3.906,-21.973,-36.133,-18.066
1789911907.853024,6.836,-23.438,-41.992,-18.066
1789911907.856915,5.859,-18.066,-45.898,-10.254
1789911907.860806,9.277,-17.090,-43.945,-12.695
1789911907.864697,-0.488,-19.531,-42.480,-12.695
1789911907.868588,-4.883,-21.973,-42.969,-22.949
1789911907.872479,10.254,-21.973,-39.062,-19.531
1789911907.876370,6.348,-18.066,-29.785,-19.531
1789911907.880492,-8.301,-21.484,-31.250,-29.785
1789911907.884383,-1.465,-25.879,-36.621,-20.508
1789911907.888274,10.742,-19.043,-36.133,-10.742
1789911907.892165,3.418,-19.043,-36.621,-23.926
1789911907.896056,0.977,-20.508,-37.109,-26.855
1789911907.899947,1.465,-21.484,-43.945,-22.461
1789911907.903838,-11.719,-29.297,-45.898,-18.066
1789911907.907729,-21.484,-33.691,-42.480,-25.391
1789911907.911620,-10.254,-32.715,-40.039,-35.645
1789911907.915511,0.488,-30.762,-41.992,-34.180
1789911907.919402,-2.930,-31.738,-42.969,-25.391
1789911907.923293,-3.906,-34.180,-37.598,-26.367
1789911907.927417,0.000,-30.762,-35.645,-26.367
1789911907.931308,0.000,-26.855,-35.156,-21.484
1789911907.935199,0.000,-22.461,-39.551,-23.438
1789911907.939090,0.000,-23.438,-40.039,-26.367
1789911907.942981,0.000,-27.832,-34.180,-28.809
1789911907.946872,0.000,-29.297,-34.668,-31.738
1789911907.950763,0.000,-35.645,-35.156,-29.785
1789911907.954654,0.000,-34.180,-29.297,-28.320
1789911907.958545,0.000,-28.809,-24.414,-36.133
1789911907.962436,0.000,-26.855,-20.508,-25.391
1789911907.966328,0.000,-25.879,-14.648,-16.602
1789911907.970219,0.000,-24.414,-11.719,-15.625
1789911907.974305,-1.953,-20.508,-14.648,-19.043
1789911907.978196,-2.441,-20.996,-17.578,-15.625
1789911907.982087,-3.418,-21.973,-25.391,-20.508
1789911907.985978,-14.160,-22.461,-27.832,-31.738
1789911907.989870,-15.625,-19.531,-21.973,-28.809
1789911907.993761,-9.766,-19.531,-23.926,-38.086
1789911907.997652,-19.043,-21.484,-24.902,-44.922
1789911908.001543,-21.484,-26.855,-25.879,-40.527
1789911908.005434,-16.113,-32.227,-30.273,-21.973
1789911908.009325,-7.324,-33.691,-38.086,-20.020
1789911908.013216,4.395,-29.297,-35.645,-41.504
1789911908.017107,0.488,-26.367,-30.762,-41.016
1789911908.021170,-8.789,-30.762,-32.227,-29.297
1789911908.025061,-8.789,-29.785,-33.203,-29.297
1789911908.028952,-4.883,-23.926,-32.715,-29.785
1789911908.032844,-8.301,-24.414,-32.227,-23.926
1789911908.036735,-10.742,-29.297,-31.250,-25.879
1789911908.040626,-16.602,-32.227,-29.297,-22.949
1789911908.044517,-17.578,-36.133,-27.832,-14.648
1789911908.048408,-9.766,-33.203,-24.414,-5.859
1789911908.052299,-11.230,-31.250,-25.391,-9.766
1789911908.056190,-3.906,-28.320,-28.809,-15.625
1789911908.060082,6.348,-23.438,-27.832,-20.996
1789911908.063973,-4.883,-22.461,-27.832,-22.949
1789911908.068017,-11.719,-25.879,-33.691,-28.320
1789911908.071909,-3.906,-23.438,-34.180,-26.855
1789911908.075800,-0.488,-19.531,-33.691,-22.949
1789911908.079691,-20.508,-25.391,-36.621,-32.715
1789911908.083582,-25.879,-32.715,-40.527,-35.156
1789911908.087473,-13.672,-30.762,-38.086,-30.273
1789911908.091365,-13.184,-24.902,-29.297,-12.207
1789911908.095256,-12.695,-26.367,-22.949,7.324
1789911908.099147,-12.207,-29.297,-20.508,-12.695
1789911908.103038,-5.371,-27.344,-26.855,-22.949
1789911908.106930,0.488,-26.855,-32.715,-11.719
1789911908.110821,3.906,-21.484,-25.391,-4.395
1789911908.114853,3.418,-21.973,-23.438,-8.301
1789911908.118745,-1.953,-27.344,-30.762,-19.531
1789911908.122636,-1.465,-21.484,-25.879,-10.742
1789911908.126527,0.488,-19.043,-24.902,-3.906
1789911908.130419,-5.371,-20.020,-27.832,-14.160
1789911908.134310,-9.277,-22.461,-28.809,-20.020
1789911908.138201,-5.859,-29.297,-28.320,-24.902
1789911908.142092,-2.441,-28.809,-30.273,-16.602
1789911908.145983,-10.254,-28.320,-31.738,-10.742
1789911908.149875,-11.719,-31.250,-32.227,-32.227
1789911908.153766,-12.207,-33.203,-33.203,-28.320
1789911908.157657,-13.184,-31.738,-30.762,-24.902
1789911908.161673,-10.742,-32.715,-24.414,-28.809
1789911908.165564,-10.742,-34.668,-25.391,-24.414
1789911908.169455,-9.277,-33.203,-27.832,-25.391
1789911908.173347,-2.441,-30.762,-28.320,-24.414
1789911908.177238,-0.488,-25.391,-25.879,-17.578
1789911908.181129,-4.883,-22.461,-26.367,-17.578
1789911908.185020,4.883,-18.066,-27.344,-9.766
1789911908.188912,10.254,-20.508,-22.461,-6.836
1789911908.192803,-8.301,-25.879,-29.297,-10.254
1789911908.196694,-12.695,-23.438,-28.809,-4.395
1789911908.200585,-16.602,-32.715,-30.273,-27.832
1789911908.204477,-23.438,-42.969,-37.109,-39.551
1789911908.208482,-1.465,-38.086,-36.133,-32.715
1789911908.212373,1.953,-32.715,-37.598,-23.438
1789911908.216264,-14.160,-35.156,-36.133,-23.438
1789911908.220155,5.371,-32.715,-36.621,-24.902
1789911908.224047,15.625,-28.320,-39.062,-20.508
1789911908.227938,6.348,-29.297,-36.621,-12.207
1789911908.231829,4.883,-34.668,-33.691,-14.160
1789911908.235721,4.883,-36.133,-42.969,-29.785
1789911908.239612,11.230,-26.367,-39.062,-17.578
1789911908.243503,7.324,-24.902,-25.391,-4.395
1789911908.247394,-5.371,-31.738,-30.762,-13.184
1789911908.251286,-7.812,-31.738,-37.109,-20.508
1789911908.255425,-5.371,-30.273,-36.133,-20.996
1789911908.259317,-10.742,-34.180,-37.109,-20.996
1789911908.263208,-32.715,-39.551,-42.969,-23.926
1789911908.267100,-35.645,-37.109,-42.969,-24.414
1789911908.270991,-19.043,-31.250,-32.227,-7.812
1789911908.274882,-13.672,-29.785,-30.762,-7.324
1789911908.278774,-11.719,-32.227,-30.762,-19.531
1789911908.282665,-1.465,-35.156,-26.367,-19.531
1789911908.286556,-27.344,-28.809,-24.902,-20.508
1789911908.290448,-95.215,-30.273,-22.949,-4.395
1789911908.294339,-130.371,-33.691,-25.391,-7.812
1789911908.298230,-148.438,-28.320,-25.879,-23.926
1789911908.302323,-163.574,-26.855,-30.273,-20.508
1789911908.306215,-175.781,-26.855,-30.273,-17.578
1789911908.310106,-174.316,-23.438,-29.785,-12.207
1789911908.313998,-167.480,-22.461,-32.715,-12.695
1789911908.317889,-171.387,-23.926,-32.227,-24.414
1789911908.321780,-172.363,-26.367,-29.785,-33.691
1789911908.325672,-165.527,-24.902,-26.367,-21.973
1789911908.329563,-159.180,-24.414,-26.855,-16.113
1789911908.333454,-164.551,-21.484,-23.926,-21.973
1789911908.337346,-164.551,-20.020,-19.043,-14.648
1789911908.341237,-148.438,-22.949,-22.949,-24.902
1789911908.345129,-145.508,-23.926,-26.855,-35.156
1789911908.349198,-152.832,-22.949,-23.438,-35.156
1789911908.353090,-140.625,-22.949,-28.320,-36.133
1789911908.356981,-132.324,-22.461,-30.762,-21.973
1789911908.360873,-118.652,-28.320,-30.762,-22.461
1789911908.364764,-110.352,-29.785,-33.691,-27.344
1789911908.368655,-113.770,-25.879,-30.273,-22.461
1789911908.372547,-113.770,-29.297,-26.855,-17.090
1789911908.376438,-111.816,-31.738,-28.809,-12.207
1789911908.380330,-108.398,-33.203,-28.320,-7.812
1789911908.384221,-109.375,-37.109,-32.227,-14.160
1789911908.388113,-104.492,-34.180,-38.574,-16.602
1789911908.392004,-81.543,-27.832,-35.156,-6.348
1789911908.396076,-70.312,-22.461,-31.738,-10.742
1789911908.399968,-81.055,-20.996,-32.227,-14.160
1789911908.403859,-79.590,-24.902,-35.645,-11.719
1789911908.407751,-68.359,-27.832,-32.227,-16.602
1789911908.411642,-64.453,-32.227,-30.762,-17.090
1789911908.415534,-63.965,-37.109,-35.645,-19.531
1789911908.419425,-60.059,-37.109,-40.527,-23.438
1789911908.423317,-42.969,-31.738,-34.668,-26.367
1789911908.427208,-37.598,-31.738,-31.250,-33.691
1789911908.431100,-54.688,-30.273,-33.691,-39.062
1789911908.434991,-57.129,-27.832,-33.203,-42.480
1789911908.438883,-59.570,-34.180,-32.227,-33.203
1789911908.442924,-62.988,-31.738,-31.738,-21.484
1789911908.446815,-51.758,-25.879,-34.180,-24.414
1789911908.450707,-55.664,-28.809,-32.227,-34.668
1789911908.454598,-54.199,-27.832,-24.902,-25.879
1789911908.458490,-26.855,-24.902,-29.785,-8.301
1789911908.462381,-24.414,-27.832,-31.250,-10.254
1789911908.466273,-10.254,-29.785,-27.344,-13.184
1789911908.470165,34.180,-28.809,-28.809,-4.395
1789911908.474056,61.523,-31.738,-26.855,-15.137
1789911908.477947,82.520,-24.902,-26.367,-19.531
1789911908.481839,95.215,-15.625,-26.367,-10.742
1789911908.485730,86.914,-20.996,-27.344,-19.531
1789911908.489769,0.000,-25.391,-30.273,-21.973
1789911908.493661,0.000,-23.438,-27.832,-15.625
1789911908.497552,0.000,-20.020,-28.320,-6.348
1789911908.501444,0.000,-20.508,-29.297,-11.719
1789911908.505335,0.000,-17.578,-28.809,-23.926
1789911908.509227,0.000,-16.113,-31.250,-24.414
1789911908.513119,0.000,-18.555,-28.809,-15.625
1789911908.517010,0.000,-20.508,-20.996,-5.859
1789911908.520901,0.000,-21.484,-19.043,-4.883
1789911908.524793,0.000,-19.531,-19.043,-11.230
1789911908.528685,0.000,-21.484,-22.461,-19.043
1789911908.532576,0.000,-24.902,-30.273,-21.973
1789911908.536589,78.125,-24.902,-29.785,-26.367
1789911908.540480,75.684,-28.809,-24.414,-24.414
1789911908.544372,78.125,-27.832,-27.832,-15.137
1789911908.548264,83.008,-22.461,-26.855,-19.531
1789911908.552155,74.219,-19.043,-20.996,-15.137
1789911908.556047,74.707,-17.578,-20.020,-19.531
1789911908.559938,70.312,-19.531,-18.066,-30.762
1789911908.563830,63.477,-18.555,-24.902,-20.508
1789911908.567721,59.082,-22.461,-28.320,-21.484
1789911908.571613,51.270,-20.020,-25.391,-18.555
1789911908.575505,48.340,-19.531,-22.949,-16.113
1789911908.579396,38.574,-19.043,-20.508,-22.461
1789911908.583517,29.297,-21.484,-27.832,-34.180
1789911908.587408,37.109,-22.461,-27.832,-33.691
1789911908.591300,44.434,-18.555,-24.414,-25.391
1789911908.595191,41.016,-22.461,-24.902,-35.645
1789911908.599083,45.410,-26.367,-28.320,-33.203
1789911908.602975,57.617,-20.996,-27.832,-12.207
1789911908.606866,56.152,-17.578,-19.531,0.488
1789911908.610758,50.781,-17.578,-20.020,-2.441
1789911908.614650,47.852,-17.090,-26.367,-14.648
1789911908.618541,39.551,-23.438,-28.320,-12.695
1789911908.622433,42.969,-25.879,-30.762,-14.648
1789911908.626324,48.828,-22.949,-31.738,-13.672
1789911908.630305,43.945,-27.344,-28.809,-14.160
1789911908.634197,38.574,-27.832,-23.438,-24.414
1789911908.638088,36.133,-22.461,-20.020,-19.531
1789911908.641980,24.902,-17.090,-16.113,-20.020
1789911908.645872,27.344,-18.555,-14.648,-20.020
1789911908.649763,27.832,-23.926,-17.090,-19.043
1789911908.653655,23.438,-27.344,-19.531,-24.902
1789911908.657547,25.879,-30.762,-18.555,-24.902
1789911908.661438,18.066,-29.785,-23.926,-21.484
1789911908.665330,17.090,-23.926,-27.832,-7.324
1789911908.669221,22.461,-26.855,-26.367,-6.348
1789911908.673113,17.090,-34.180,-33.203,-21.973
1789911908.677198,13.672,-30.762,0.000,-21.484
1789911908.681090,23.926,-23.926,0.000,-20.508
1789911908.684982,32.227,-22.461,0.000,-17.090
1789911908.688874,16.602,-25.391,0.000,-18.555
1789911908.692765,11.719,-24.414,0.000,-24.414
1789911908.696657,19.043,-18.066,0.000,-20.996
1789911908.700549,16.113,-18.066,0.000,-21.973
1789911908.704440,23.438,-22.461,0.000,-29.297
1789911908.708332,21.484,-20.996,0.000,-20.020
1789911908.712224,20.996,-22.461,0.000,-1.953
1789911908.716115,22.949,-33.203,0.000,-21.973
1789911908.720007,12.207,-33.691,0.000,-34.180
1789911908.724077,14.160,-29.297,-36.133,-24.902
1789911908.727969,13.672,-27.832,-37.598,-34.180
1789911908.731860,10.742,-27.832,-32.715,-39.062
1789911908.735752,21.484,-25.879,-31.738,-29.297
1789911908.739644,8.789,-24.902,-28.809,-28.320
1789911908.743536,2.930,-23.926,-26.855,-33.203
1789911908.747427,10.742,-19.043,-32.715,-29.297
1789911908.751319,-4.395,-26.367,-37.598,-40.527
1789911908.755211,5.371,-29.785,-33.203,-40.527
1789911908.759103,13.184,-26.855,-26.367,-27.832
1789911908.762994,-7.324,-30.273,-25.391,-28.320
1789911908.766886,-5.371,-29.785,-22.949,-22.949
1789911908.771178,10.254,-24.414,-19.043,-11.230
1789911908.775070,17.578,-23.926,-24.902,-5.859
1789911908.778962,13.184,-24.414,-23.438,-14.160
1789911908.782854,4.883,-22.949,-18.555,-10.742
1789911908.786745,-0.977,-27.344,-29.785,-9.766
1789911908.790637,-10.254,-35.156,-35.645,-22.461
1789911908.794529,-6.836,-37.598,-32.715,-22.949
1789911908.798421,2.441,-32.227,-31.738,-19.531
1789911908.802313,0.488,-34.180,-33.691,-19.043
1789911908.806204,-7.812,-40.527,-35.645,-24.414
1789911908.810096,0.488,-36.133,-36.621,-24.414
1789911908.813988,18.066,-29.297,-30.762,-31.738
1789911908.818150,2.930,-26.367,-31.738,-35.645
1789911908.822042,0.000,-27.344,-28.809,-27.832
1789911908.825933,17.578,-27.832,-23.438,-29.785
1789911908.829825,12.695,-24.414,-20.996,-25.391
1789911908.833717,15.137,-22.461,-20.996,-19.531
1789911908.837609,21.973,-14.648,-20.020,-15.137
1789911908.841501,19.531,-8.301,-18.066,-14.160
1789911908.845393,17.090,-9.766,-18.555,-12.695
1789911908.849285,9.277,-10.742,-23.438,-13.672
1789911908.853177,12.207,-6.348,-25.879,-9.277
1789911908.857069,8.789,-6.348,-25.879,-16.113
1789911908.860960,-12.695,-11.719,-25.391,-27.832
1789911908.864991,-22.461,-17.090,-27.344,-24.902
1789911908.868883,-14.160,-16.602,-27.832,-25.391
1789911908.872775,-4.395,-16.602,-26.367,-40.527
1789911908.876667,-3.418,-14.160,-21.484,-43.945
1789911908.880559,3.906,-11.719,-24.902,-36.133
1789911908.884451,5.859,-12.207,-25.879,-43.945
1789911908.888343,0.488,-6.836,-20.508,-39.062
1789911908.892235,6.836,-2.930,-27.344,-36.133
1789911908.896127,12.207,1.465,-25.879,-32.715
1789911908.900019,-7.812,0.000,-25.879,-33.203
1789911908.903911,-13.672,0.000,-28.320,-38.574
1789911908.907802,-7.324,2.930,-31.738,-27.832
1789911908.911811,-10.254,0.000,0.000,-37.598
1789911908.915703,-12.695,-5.859,0.000,-53.223
1789911908.919595,-4.883,-1.953,0.000,-50.293
1789911908.923487,-13.672,-5.859,0.000,-51.758
1789911908.927378,-24.902,-12.695,0.000,-49.805
1789911908.931270,-11.230,-11.719,0.000,-43.457
1789911908.935162,-14.648,-15.625,0.000,-45.898
1789911908.939054,-25.879,-12.695,0.000,-50.293
1789911908.942946,-17.578,-10.254,0.000,-51.270
1789911908.946838,-14.648,-12.207,0.000,-43.457
1789911908.950730,-13.184,-7.812,0.000,-45.410
1789911908.954622,-7.324,-5.371,0.000,-46.875
1789911908.958732,-8.789,-1.465,-38.086,-30.762
1789911908.962624,-3.906,-1.465,-33.203,-10.742
1789911908.966516,-4.883,-9.766,-37.109,-12.207
1789911908.970408,-11.719,-10.254,-39.062,-25.391
1789911908.974300,-1.465,-3.906,-31.250,-23.926
1789911908.978192,-7.812,-6.348,-32.715,-27.832
1789911908.982084,-9.277,-12.207,-38.086,-31.738
1789911908.985976,-3.906,-9.277,-34.180,-35.156
1789911908.989868,-4.395,-6.836,-35.645,-40.527
1789911908.993760,-6.836,-2.930,-43.945,-40.039
1789911908.997652,-12.207,-10.742,-44.434,-34.668
1789911909.001544,-13.184,4.395,-46.387,-35.156
1789911909.005528,-7.324,136.719,-41.504,-37.598
1789911909.009420,5.371,225.586,-34.180,-25.879
1789911909.013312,5.371,212.402,-31.250,-25.879
1789911909.017204,10.254,201.660,-32.715,-24.902
1789911909.021096,11.230,189.453,-37.598,-17.090
1789911909.024988,-10.254,174.316,-35.156,-14.648
1789911909.028880,-9.277,158.691,-33.691,-11.719
1789911909.032772,2.930,147.949,-38.086,-19.531
1789911909.036664,-4.395,145.996,-29.785,-19.043
1789911909.040556,-14.160,145.508,-20.020,-7.812
1789911909.044448,0.000,139.648,-26.855,-8.789
1789911909.048340,-3.418,124.023,-37.109,-17.578
1789911909.052423,-14.160,109.375,-36.133,-22.461
1789911909.056315,5.371,104.980,-36.621,-29.297
1789911909.060207,-3.418,94.727,-44.922,-28.809
1789911909.064099,-18.066,83.496,-41.992,-31.250
1789911909.067991,-13.184,76.660,-36.133,-32.227
1789911909.071883,-15.137,72.266,-41.016,-32.715
1789911909.075775,-13.184,65.918,-42.480,-36.621
1789911909.079667,-11.719,60.059,-40.527,-36.133
1789911909.083559,-19.531,53.223,-46.387,-41.016
1789911909.087451,-13.672,44.434,-46.875,-32.227
1789911909.091343,-3.418,38.574,-45.410,-19.043
1789911909.095235,-6.836,31.738,-54.688,-21.973
1789911909.099299,-7.324,26.367,-52.734,-27.832
1789911909.103191,-5.859,31.738,-44.922,-23.438
1789911909.107083,-18.066,26.367,-44.922,-24.414
1789911909.110975,-20.508,19.043,-44.922,-27.832
1789911909.114867,-6.348,23.438,-35.156,-12.695
1789911909.118759,-5.371,25.391,-36.133,-13.672
1789911909.122652,-18.555,23.926,-44.434,-25.391
1789911909.126544,-12.207,19.531,-34.668,-14.648
1789911909.130436,6.348,17.578,-29.785,6.348
1789911909.134328,-6.348,11.719,-38.086,2.930
1789911909.138220,-9.277,1.953,-41.504,-5.859
1789911909.142112,-0.488,4.395,-45.410,-13.184
1789911909.146178,0.000,1.953,-49.805,-25.391
1789911909.150070,0.000,-5.371,-44.922,-25.879
1789911909.153962,0.000,-4.395,-39.062,-31.250
1789911909.157854,0.000,-4.883,-36.621,-26.367
1789911909.161747,0.000,-6.348,-36.621,-16.602
1789911909.165639,0.000,-6.836,-40.039,-21.973
1789911909.169531,0.000,-12.207,-41.016,-28.320
1789911909.173423,0.000,-15.625,-33.203,-25.879
1789911909.177315,0.000,-12.207,-29.297,-19.531
1789911909.181207,0.000,-10.254,-38.574,-25.879
1789911909.185099,0.000,-14.648,-44.434,-38.086
1789911909.188991,0.000,-18.555,-41.504,-34.180
1789911909.193139,-3.418,-16.113,-37.109,-25.879
1789911909.197031,4.395,-12.695,-34.668,-19.043
1789911909.200923,-3.906,-19.043,-34.668,-23.438
1789911909.204816,-7.324,-22.949,-35.156,-26.367
1789911909.208708,11.719,-19.043,-33.691,-12.695
1789911909.212600,8.789,-19.043,-30.273,-12.207
1789911909.216492,0.977,-18.555,-27.832,-21.973
1789911909.220384,-9.766,-23.438,-30.273,-25.391
1789911909.224277,-13.184,-30.762,-36.621,-20.020
1789911909.228168,3.906,-23.438,-38.086,-16.113
1789911909.232061,1.465,-16.602,-30.273,-21.484
1789911909.235953,-4.395,-19.531,-26.367,-18.555
1789911909.239987,0.000,-20.996,-27.832,-13.184
1789911909.243879,0.000,-20.996,-28.809,-25.391
1789911909.247772,0.000,-20.508,-28.320,-21.484
1789911909.251664,0.000,-21.973,-29.297,-13.184
1789911909.255556,0.000,-20.996,-29.297,-20.508
1789911909.259448,0.000,-20.996,-30.762,-29.785
1789911909.263340,0.000,-21.484,-36.621,-38.086
1789911909.267232,0.000,-13.184,-33.203,-36.621
1789911909.271125,0.000,-12.695,-32.715,-36.621
1789911909.275017,0.000,-20.020,-35.645,-36.133
1789911909.278909,0.000,-21.973,-36.621,-31.250
1789911909.282801,0.000,-28.320,-34.668,-38.086
1789911909.286918,-12.695,-26.367,-37.598,-35.645
1789911909.290811,-8.301,-22.949,-38.574,-22.949
1789911909.294703,7.812,-25.391,-33.203,-15.137
1789911909.298595,9.766,-26.367,-34.180,-13.672
1789911909.302487,-6.836,-33.691,-36.133,-23.438
1789911909.306380,-9.766,-34.668,-33.203,-22.461
1789911909.310272,2.441,-31.250,-29.297,-16.113
1789911909.314164,8.301,-29.785,-36.621,-8.789
1789911909.318056,2.441,-33.203,-34.668,-13.184
1789911909.321949,1.953,-35.645,-26.367,-21.484
1789911909.325841,10.254,-33.691,-28.320,-26.855
1789911909.329733,3.906,-41.016,-36.621,-26.367
1789911909.333727,-10.742,-38.574,-35.156,-20.020
1789911909.337619,-6.348,-33.203,-30.762,-36.133
1789911909.341511,-8.789,-39.062,-38.086,-42.480
1789911909.345404,-3.906,-36.133,-45.410,-32.715
1789911909.349296,2.930,-32.715,-41.992,-29.785
1789911909.353188,-7.324,-30.273,-37.109,-20.996
1789911909.357080,1.465,-29.297,-36.133,-27.832
1789911909.360973,20.508,-30.762,-35.156,-26.855
1789911909.364865,6.348,-28.320,-30.273,-20.996
1789911909.368757,-7.324,-30.762,-29.297,-25.391
1789911909.372650,-7.812,-28.320,-29.297,-14.648
1789911909.376542,-12.207,-28.320,-35.156,-18.555
1789911909.380520,-6.836,-33.203,-36.621,-21.973
1789911909.384412,-1.953,-30.762,-35.156,-16.113
1789911909.388304,5.371,-26.855,-29.785,-10.254
1789911909.392197,4.395,-31.250,-32.227,-3.418
1789911909.396089,8.301,-32.715,-37.598,-9.766
1789911909.399981,6.836,-32.227,-36.621,-22.461
1789911909.403874,-4.883,-36.621,-40.527,-32.227
1789911909.407766,-1.953,-32.715,-39.551,-29.785
1789911909.411658,-3.418,-30.762,-32.227,-21.973
1789911909.415550,-4.395,-29.785,-29.297,-29.785
1789911909.419443,-13.184,-32.227,-34.668,-30.762
1789911909.423335,-22.461,-37.598,-39.551,-30.273
1789911909.427448,-11.230,-38.574,-41.504,-42.969
1789911909.431341,-12.695,-34.668,-41.016,-38.086
1789911909.435233,-30.762,-40.039,-40.527,-31.738
1789911909.439125,-25.879,-45.410,-46.387,-44.434
1789911909.443018,-13.672,-37.109,-42.480,-45.410
1789911909.446910,-16.602,-34.668,-35.645,-34.668
1789911909.450802,-20.020,-38.574,-38.574,-35.156
1789911909.454695,-18.555,-45.410,-43.945,-44.922
1789911909.458587,-17.090,-43.945,-38.574,-44.434
1789911909.462479,-14.648,-30.762,-35.645,-36.621
1789911909.466372,-24.414,-30.762,-43.457,-58.105
1789911909.470264,-36.621,-33.203,-37.109,-73.730
1789911909.474328,-38.574,-24.902,-36.621,-63.477
1789911909.478220,-39.062,-26.367,-38.086,-55.176
1789911909.482112,-42.480,-29.785,-32.715,-60.547
1789911909.486005,-60.547,-24.414,-34.668,-73.730
1789911909.489897,-74.707,-13.184,-32.227,-78.613
1789911909.493789,-78.125,-15.625,-27.832,-87.891
1789911909.497682,-84.961,-16.113,-28.809,-111.816
1789911909.501574,-98.633,-4.395,-35.645,-131.836
1789911909.505466,-100.098,-2.930,-31.738,-125.977
1789911909.509359,-101.074,0.977,-29.297,-123.535
1789911909.513251,-120.117,5.859,-33.203,-144.531
1789911909.517143,-129.395,7.324,-28.809,-148.438
1789911909.521189,-127.441,8.301,-26.367,-146.973
1789911909.525081,-128.418,3.418,-29.785,-142.578
1789911909.528974,-125.977,4.883,-33.203,-139.160
1789911909.532866,-115.723,6.836,-26.855,-140.137
1789911909.536759,-115.723,6.348,-19.043,-128.418
1789911909.540651,-116.699,2.930,-25.879,-112.793
1789911909.544544,-98.633,-5.859,-31.738,-108.398
1789911909.548436,-76.660,-7.324,-35.645,-107.422
1789911909.552328,-70.801,-12.695,-39.062,-98.145
1789911909.556221,-78.613,-22.461,-38.086,-97.168
1789911909.560113,-77.637,-26.367,-39.551,-97.168
1789911909.564005,-59.570,-24.902,-43.457,-90.332
1789911909.568263,-57.129,-30.762,-42.480,-87.402
1789911909.572155,-49.805,-39.062,-41.016,-76.660
1789911909.576048,-44.434,-44.922,-43.457,-63.477
1789911909.579940,-49.316,-46.387,-41.992,-48.828
1789911909.583833,-39.551,-46.387,-42.480,-39.062
1789911909.587725,-21.484,-46.387,-43.945,-38.574
1789911909.591618,-21.973,-45.410,-44.434,-44.434
1789911909.595510,-64.453,-49.805,-41.504,-32.227
1789911909.599403,-99.121,-52.246,-46.875,-8.301
1789911909.603295,-116.699,-53.711,-55.664,0.000
1789911909.607188,-125.488,-48.828,-51.758,4.883
1789911909.611080,-128.418,-46.875,-46.875,-1.953
1789911909.615099,-142.090,-48.828,-51.758,-17.090
1789911909.618991,-148.926,-55.664,-57.129,-18.555
1789911909.622884,-142.578,-62.012,-57.617,-9.277
1789911909.626776,-128.418,-57.129,-57.617,0.000
1789911909.630669,-113.770,-57.617,-58.105,11.719
1789911909.634562,-126.953,-59.082,-56.152,8.789
1789911909.638454,-120.605,-53.223,-53.711,4.883
1789911909.642346,-104.004,-57.129,-52.734,3.418
1789911909.646239,-111.816,-56.641,-55.176,0.000
1789911909.650131,-107.910,-57.129,-58.594,-1.465
1789911909.654024,-114.258,-59.082,-60.059,7.812
1789911909.657917,-114.746,-55.664,-65.918,8.301
1789911909.661917,-104.004,-53.711,-72.266,-3.906
1789911909.665810,-99.121,-53.711,-73.730,-3.906
1789911909.669702,-91.309,-58.105,-70.312,4.883
1789911909.673595,-84.473,-57.129,-63.965,10.742
1789911909.677487,-73.730,-54.199,-59.570,6.836
1789911909.681380,-64.941,-52.734,-56.152,6.348
1789911909.685272,-46.387,-50.781,-57.617,13.184
1789911909.689165,-41.504,-57.129,-62.012,20.508
1789911909.693058,-60.547,-56.641,-72.266,10.742
1789911909.696950,-33.203,-52.246,-67.383,5.859
1789911909.700843,7.812,-51.758,-63.965,12.207
1789911909.704735,31.250,-48.828,-66.406,14.648
1789911909.708724,60.059,-43.457,-62.012,8.301
1789911909.712617,62.500,-38.574,-63.965,2.930
1789911909.716509,60.059,-37.598,-65.430,-2.441
1789911909.720402,59.570,-36.621,-67.871,-2.441
1789911909.724294,74.707,-30.762,-58.105,8.301
1789911909.728187,91.309,-33.203,-54.199,6.348
1789911909.732080,74.707,-39.551,-68.359,-3.418
1789911909.735972,63.477,-46.387,-73.730,-11.719
1789911909.739865,80.566,-47.363,-73.242,-2.441
1789911909.743757,91.309,-40.039,-67.871,27.344
1789911909.747650,88.867,-41.992,-58.105,25.391
1789911909.751542,84.961,-43.457,-61.523,-2.441
1789911909.755531,92.773,-38.086,-64.941,-0.488
1789911909.759423,96.680,-38.086,-57.129,15.625
1789911909.763316,87.402,-39.062,-56.152,13.184
1789911909.767209,79.590,-42.480,-64.941,8.789
1789911909.771101,79.590,-41.504,-63.965,12.207
1789911909.774994,80.566,-35.156,-61.523,18.555
1789911909.778886,70.801,-39.551,-61.035,11.230
1789911909.782779,60.059,-48.340,-63.965,-4.395
1789911909.786671,53.711,-50.781,-67.871,-12.207
1789911909.790564,63.965,-47.363,-63.965,-0.488
1789911909.794456,61.035,-42.480,-53.223,3.906
1789911909.798349,46.875,-40.039,-57.129,-8.789
1789911909.802436,47.852,-38.086,-65.918,-7.324
1789911909.806329,48.828,-38.574,-64.453,-8.301
1789911909.810221,47.363,-40.039,-61.035,-7.324
1789911909.814114,51.758,-41.504,-62.012,-13.184
1789911909.818007,38.086,-44.922,-68.848,-22.949
1789911909.821899,28.809,-48.340,-71.777,-16.602
1789911909.825792,25.879,-46.875,-66.895,-20.020
1789911909.829684,22.461,-38.574,-63.477,-16.113
1789911909.833577,23.926,-40.527,-60.059,-10.742
1789911909.837470,26.367,-42.480,-61.523,-7.812
1789911909.841362,26.367,-41.504,-60.059,-27.344
1789911909.845255,29.297,-43.457,-57.617,-35.645
1789911909.849451,0.000,-43.457,0.000,0.000
1789911909.853343,0.000,-43.457,0.000,0.000
1789911909.857236,0.000,-45.898,0.000,0.000
1789911909.861129,0.000,-46.387,0.000,0.000
1789911909.865021,0.000,-42.969,0.000,0.000
1789911909.868914,0.000,-38.574,0.000,0.000
1789911909.872807,0.000,-41.504,0.000,0.000
1789911909.876699,0.000,-44.434,0.000,0.000
1789911909.880592,0.000,-45.898,0.000,0.000
1789911909.884485,0.000,-51.758,0.000,0.000
1789911909.888377,0.000,-53.711,0.000,0.000
1789911909.892270,0.000,-54.688,0.000,0.000
1789911909.896315,-0.488,-58.594,-72.266,-29.785
1789911909.900208,0.000,-59.082,-77.148,-34.180
1789911909.904101,8.301,-57.617,-73.730,-35.645
1789911909.907993,5.859,-57.617,-73.242,-33.203
1789911909.911886,8.301,-54.199,-75.684,-29.785
1789911909.915779,1.465,-53.711,-70.312,-30.762
1789911909.919672,-2.930,-58.105,-65.918,-31.738
1789911909.923564,4.883,-53.711,-65.918,-27.832
1789911909.927457,1.953,-46.387,-64.941,-24.902
1789911909.931350,-2.441,-44.922,-60.547,-25.879
1789911909.935242,11.719,-43.945,-57.617,-28.320
1789911909.939135,21.484,-46.387,-58.594,-17.578
1789911909.943176,3.906,-55.664,-59.082,-16.113
1789911909.947068,-6.348,-50.293,-62.012,-19.043
1789911909.950961,-9.766,-40.527,-58.594,-18.555
1789911909.954854,-6.348,-42.969,-63.477,-24.414
1789911909.958747,0.977,-44.922,-63.477,-21.973
1789911909.962639,-5.859,-46.875,-58.105,-22.461
1789911909.966532,-0.977,-50.293,-64.941,-24.414
1789911909.970425,9.277,-50.293,-63.965,-20.996
1789911909.974318,5.371,-47.363,-58.105,-11.719
1789911909.978210,-5.371,-51.758,-63.477,-17.090
1789911909.982103,-17.578,-60.059,-62.988,-22.461
1789911909.985996,-5.859,-61.523,-58.105,-21.484
1789911909.990017,-1.953,-61.523,-65.430,-27.832
1789911909.993910,-11.719,-62.988,-64.941,-34.180
1789911909.997802,6.836,-60.059,-60.059,-28.809
1789911910.001695,12.695,-53.711,-57.129,-16.602
1789911910.005588,-0.977,-51.270,-51.270,-7.812
1789911910.009481,-0.977,-49.316,-44.922,1.953
1789911910.013373,6.836,-47.363,-48.340,-15.137
1789911910.017266,8.301,-43.945,-47.852,-21.484
1789911910.021159,12.695,-43.457,-46.387,-8.789
1789911910.025052,-1.953,-40.527,-45.410,-1.465
1789911910.028944,-54.199,-45.410,-47.363,0.000
1789911910.032837,-106.934,-53.711,-53.223,-14.160
1789911910.036848,-136.230,-49.805,-53.223,-14.648
1789911910.040740,-142.578,-47.363,-55.176,-6.348
1789911910.044633,-143.555,-45.898,-55.664,-16.602
1789911910.048526,-149.902,-42.480,-54.688,-25.391
1789911910.052419,-159.668,-41.016,-55.176,-15.137
1789911910.056311,-154.297,-45.410,-50.781,-11.719
1789911910.060204,-139.160,-46.387,-49.316,-9.277
1789911910.064097,-148.438,-45.898,-51.758,0.977
1789911910.067990,-151.855,-47.363,-54.199,-6.836
1789911910.071882,-142.578,-44.922,-52.246,-11.230
1789911910.075775,-144.043,-46.387,-51.758,-17.578
1789911910.079668,-142.090,-48.340,-59.570,-24.414
1789911910.083657,-128.418,-44.922,-60.547,-20.996
1789911910.087550,-119.141,-43.945,-51.758,-22.949
1789911910.091442,-122.070,-41.992,-48.828,-24.902
1789911910.095335,-117.676,-39.062,-51.270,-13.184
1789911910.099228,-111.816,-43.457,-50.781,-18.555
1789911910.103121,-99.121,-41.992,-48.340,-21.484
1789911910.107014,-98.633,-35.645,-43.945,0.000
1789911910.110906,-105.957,-41.504,-46.875,-0.488
1789911910.114799,-98.633,-48.340,-46.875,-16.113
1789911910.118692,-102.051,-46.387,-41.992,-13.672
1789911910.122585,-113.281,-47.852,-47.363,-4.883
1789911910.126478,-117.188,-56.641,-55.176,-11.719
1789911910.130692,-104.004,-51.270,-53.711,-20.996
1789911910.134585,-100.098,-48.340,-51.270,-20.508
1789911910.138478,-97.168,-55.176,-49.805,-23.438
1789911910.142371,-88.867,-55.176,-56.641,-26.855
1789911910.146264,-93.750,-52.734,-61.523,-22.949
1789911910.150157,-96.191,-52.734,-60.059,-22.949
1789911910.154050,-93.750,-58.594,-63.477,-30.762
1789911910.157943,-83.496,-60.059,-68.359,-41.016
1789911910.161835,-79.102,-61.035,-68.359,-41.504
1789911910.165728,-77.637,-60.547,-73.730,-45.410
1789911910.169621,-84.961,-55.664,-72.266,-49.316
1789911910.173514,-89.844,-55.176,-63.965,-36.133
1789911910.177603,-73.730,-53.711,0.000,-38.086
1789911910.181495,-81.543,-53.223,0.000,-36.133
1789911910.185388,-96.680,-59.082,0.000,-26.855
1789911910.189281,-88.867,-62.500,0.000,-30.762
1789911910.193174,-86.426,-62.988,0.000,-39.062
1789911910.197067,-86.426,-69.824,0.000,-41.504
1789911910.200960,-86.914,-70.801,0.000,-41.992
1789911910.204853,-87.891,-66.406,0.000,-45.410
1789911910.208746,-76.660,-67.871,0.000,-46.875
1789911910.212639,-82.031,-68.359,0.000,-43.457
1789911910.216532,-106.934,-69.336,0.000,-49.316
1789911910.220424,-97.656,-66.895,0.000,-51.270
1789911910.224482,0.000,-63.477,-72.754,-52.734
1789911910.228375,0.000,-60.547,-67.383,-47.363
1789911910.232268,0.000,-61.035,-68.359,-45.410
1789911910.236161,0.000,-64.453,-66.895,-52.246
1789911910.240054,0.000,-59.570,-65.430,-44.434
1789911910.243947,0.000,-59.570,-69.336,-43.945
1789911910.247840,0.000,-61.035,-66.895,-46.387
1789911910.251733,0.000,-57.129,-68.359,-48.828
1789911910.255625,0.000,-58.105,-67.383,-45.410
1789911910.259518,0.000,-61.523,-67.871,-38.574
1789911910.263412,0.000,-57.617,-67.383,-37.109
1789911910.267304,0.000,-54.688,-62.988,-29.785
1789911910.271345,-42.969,-54.199,-66.895,-35.156
1789911910.275238,-42.969,-58.105,-67.871,-47.363
1789911910.279131,-39.551,-59.570,-64.453,-44.922
1789911910.283024,-31.738,-55.664,-61.035,-36.621
1789911910.286917,-26.367,-52.734,-62.500,-41.992
1789911910.290810,-23.438,-52.246,-63.965,-48.828
1789911910.294703,-33.203,-52.734,-61.523,-46.875
1789911910.298596,-45.410,-54.688,-71.777,-52.734
1789911910.302489,-48.828,-57.617,-71.777,-51.758
1789911910.306382,-41.992,-56.152,-66.406,-45.410
1789911910.310275,-41.504,-48.340,-69.336,-48.340
1789911910.314168,-49.805,-45.898,-69.824,-51.270
1789911910.318190,-37.109,-46.875,-66.895,-35.156
1789911910.322083,-31.738,-44.434,-58.594,-24.902
1789911910.325976,-26.855,-37.598,-56.641,-26.367
1789911910.329869,-26.367,-35.156,-54.688,-29.785
1789911910.333762,-37.109,-40.039,-60.059,-38.086
1789911910.337655,-34.180,-42.969,-66.895,-30.762
1789911910.341548,-38.086,-44.922,-63.477,-33.691
1789911910.345441,-36.133,-43.945,-65.430,-37.109
1789911910.349334,-31.738,-46.387,-72.754,-36.621
1789911910.353227,-34.180,-50.781,-66.406,-41.016
1789911910.357120,-39.551,-49.316,-54.199,-41.504
1789911910.361013,-39.062,-46.387,-54.688,-40.527
1789911910.365025,-34.180,-39.551,-49.316,-31.250
1789911910.368918,-35.156,-40.527,-45.410,-27.832
1789911910.372811,-23.438,-43.945,-51.270,-22.949
1789911910.376704,-16.602,-43.945,-50.293,-14.648
1789911910.380597,-8.301,-45.410,-42.969,-16.602
1789911910.384490,-5.371,-38.574,-43.945,-20.508
1789911910.388383,-18.555,-37.598,-49.805,-21.973
1789911910.392276,-20.020,-35.156,-43.945,-10.742
1789911910.396169,-23.438,-31.250,-44.434,-8.789
1789911910.400062,-20.508,-33.203,-41.992,-16.113
1789911910.403955,-10.742,-35.645,-38.574,-25.391
1789911910.407849,-14.160,-40.039,-43.945,-28.320
1789911910.411868,-16.602,-45.898,-43.945,-21.973
1789911910.415761,-22.949,-50.781,-46.387,-26.855
1789911910.419654,-27.832,-51.758,-50.293,-21.973
1789911910.423547,-28.320,-50.781,-50.293,-16.113
1789911910.427440,-24.414,-50.293,-45.410,-20.020
1789911910.431333,-36.621,-44.922,-36.133,-26.367
1789911910.435226,-43.457,-45.410,-41.992,-24.414
1789911910.439120,-26.855,-47.363,-51.270,-20.996
1789911910.443012,-31.250,-48.828,-51.758,-37.109
1789911910.446906,-41.016,-52.246,-53.223,-48.828
1789911910.450799,-31.738,-46.875,-54.199,-45.898
1789911910.454692,-31.738,-43.457,-47.363,-38.086
1789911910.458678,-34.668,-46.387,-48.340,-37.598
1789911910.462571,-23.438,-44.434,-48.340,-42.969
1789911910.466464,-23.438,-42.969,-43.945,-39.062
1789911910.470357,-25.879,-45.410,-49.316,-35.156
1789911910.474251,-27.344,-43.945,-49.316,-35.156
1789911910.478143,-28.320,-45.410,-42.480,-29.785
1789911910.482037,-32.227,-48.340,-45.410,-29.297
1789911910.485930,-38.574,-48.828,-46.875,-38.086
1789911910.489823,-31.738,-46.387,-46.875,-43.457
1789911910.493716,-28.320,-49.316,-47.363,-33.691
1789911910.497609,-23.926,-56.641,-46.875,-41.504
1789911910.501502,-23.438,-53.711,-48.340,-49.805
1789911910.505691,-28.320,-47.363,-46.387,-43.945
1789911910.509584,-28.320,-43.457,-40.039,-36.621
1789911910.513477,-35.645,-47.363,-37.598,-32.715
1789911910.517370,-33.203,-51.270,-39.551,-22.949
1789911910.521263,-31.250,-50.293,-39.551,-24.902
1789911910.525156,-43.945,-49.316,-43.457,-39.062
1789911910.529049,-44.922,-51.758,-49.805,-41.504
1789911910.532943,-38.574,-50.781,-48.340,-42.480
1789911910.536836,-33.691,-47.852,-47.363,-48.340
1789911910.540729,-30.273,-49.805,-54.199,-48.340
1789911910.544622,-29.785,-48.828,-54.688,-32.715
1789911910.548515,-36.133,-50.781,-49.805,-31.738
1789911910.552896,-35.156,-55.176,-51.270,-34.180
1789911910.556790,-29.785,-54.199,-55.176,-30.762
1789911910.560683,-43.945,-57.129,-53.223,-34.668
1789911910.564576,-47.852,-55.664,-48.828,-42.480
1789911910.568470,-40.527,-47.852,-45.410,-42.480
1789911910.572363,-31.250,-47.363,-44.434,-39.062
1789911910.576256,-27.832,-46.875,-44.922,-43.945
1789911910.580149,-19.531,-43.945,-46.875,-52.734
1789911910.584042,-19.531,-45.410,-40.527,-46.875
1789911910.587936,-25.879,-42.969,-38.086,-33.203
1789911910.591829,-19.043,-37.109,-41.992,-29.785
1789911910.595722,-15.625,-37.109,-40.527,-33.691
1789911910.599783,-21.484,-40.039,-44.434,-26.855
1789911910.603676,-23.438,-45.898,-51.758,-23.438
1789911910.607569,-19.531,-49.316,-54.688,-33.203
1789911910.611463,-29.297,-50.781,-50.293,-40.039
1789911910.615356,-30.762,-48.340,-45.410,-39.551
1789911910.619249,-16.602,-41.992,-38.574,-32.227
1789911910.623142,-19.531,-42.969,-36.621,-30.762
1789911910.627036,-20.020,-46.387,-37.598,-28.320
1789911910.630929,-20.508,-48.340,-33.691,-10.742
1789911910.634822,-32.227,-51.758,-37.109,-17.090
1789911910.638716,-21.973,-55.176,-44.434,-32.715
1789911910.642609,-26.367,-52.734,-47.363,-32.715
1789911910.646863,-40.039,-47.852,-52.246,-33.691
1789911910.650756,-39.551,-46.875,-49.316,-42.969
1789911910.654649,-43.945,-42.969,-45.410,-43.945
1789911910.658543,-41.504,-42.480,-46.387,-39.551
1789911910.662436,-33.691,-41.016,-46.387,-41.504
1789911910.666329,-41.016,-38.086,-43.457,-42.969
1789911910.670223,-44.922,-41.504,-39.551,-40.527
1789911910.674116,-38.086,-38.086,-43.945,-44.434
1789911910.678009,-26.855,-36.621,-41.016,-31.738
1789911910.681903,-19.043,-41.992,-39.551,-17.090
1789911910.685796,-23.438,-43.457,-43.457,-40.039
1789911910.689689,-20.508,-39.551,-41.504,-44.434
1789911910.693716,-3.418,-37.109,-36.133,-19.531
1789911910.697609,-10.254,-41.016,-37.109,-23.926
1789911910.701502,-26.855,-41.992,-44.922,-42.969
1789911910.705396,-26.855,-42.480,-41.992,-33.691
1789911910.709289,-22.949,-43.945,-36.133,-23.438
1789911910.713182,-31.738,-41.016,-40.039,-32.227
1789911910.717076,-34.668,-39.062,-42.969,-44.434
1789911910.720969,-30.762,-42.480,-39.551,-34.668
1789911910.724863,-25.391,-41.992,-41.992,-26.855
1789911910.728756,-21.973,-41.504,-41.504,-29.297
1789911910.732649,-27.832,-44.922,-38.086,-52.734
1789911910.736543,-31.250,-46.387,-35.645,-54.199
1789911910.740550,-20.508,-48.340,-34.668,-42.480
1789911910.744444,-18.555,-45.898,-35.645,-39.551
1789911910.748337,-25.391,-40.039,-33.203,-35.645
1789911910.752230,-20.996,-39.551,-36.621,-36.621
1789911910.756124,-23.438,-38.086,-39.062,-39.551
1789911910.760017,-27.832,-40.039,-37.109,-46.387
1789911910.763911,-17.578,-41.016,-37.109,-48.340
1789911910.767804,-17.090,-39.062,-37.598,-35.156
1789911910.771697,-27.344,-40.039,-34.668,-31.738
1789911910.775591,-29.297,-44.434,-35.156,-38.086
1789911910.779484,-21.973,-41.504,-36.621,-19.043
1789911910.783377,-22.949,-41.992,-41.016,-27.344
1789911910.787374,-20.996,-41.992,-45.898,-44.434
1789911910.791267,-18.066,-40.527,-43.945,-46.875
1789911910.795161,-14.648,-44.434,-46.875,-45.410
1789911910.799054,-2.930,-43.457,-45.410,-29.297
1789911910.802948,-6.348,-38.086,-38.086,-30.273
1789911910.806841,-18.066,-37.598,-40.039,-41.992
1789911910.810735,-18.066,-37.109,-35.156,-36.621
1789911910.814628,-20.508,-37.598,-31.250,-24.414
1789911910.818521,-21.484,-39.062,-37.109,-33.691
1789911910.822415,-17.578,-44.434,-41.992,-41.016
1789911910.826308,-19.043,-50.293,-42.969,-42.480
1789911910.830201,-22.461,-45.410,-38.574,-41.992
1789911910.834290,-19.043,-45.410,-41.504,-37.598
1789911910.838184,-18.555,-53.223,-45.898,-36.621
1789911910.842077,-23.926,-51.758,-42.480,-37.598
1789911910.845970,-19.531,-47.363,-42.480,-41.992
1789911910.849864,-18.555,-47.852,-42.969,-44.434
1789911910.853757,-25.879,-44.434,-37.109,-32.715
1789911910.857651,-23.926,-41.016,-31.738,-29.785
1789911910.861544,-16.602,-42.480,-35.156,-31.250
1789911910.865438,-15.137,-41.504,-37.109,-30.273
1789911910.869331,-20.020,-44.922,-43.457,-49.316
1789911910.873224,-16.602,-44.922,-48.828,-57.129
1789911910.877118,-8.301,-36.133,-39.551,-42.480
1789911910.881116,-6.836,-32.715,-38.086,-42.969
1789911910.885009,-7.812,-32.227,-40.527,-41.992
1789911910.888903,-6.348,-33.203,-35.645,-42.969
1789911910.892796,-4.395,-32.227,-38.086,-44.434
1789911910.896690,29.297,-27.344,-40.039,-42.480
1789911910.900583,52.246,-36.621,-32.227,-52.246
1789911910.904476,61.523,-40.039,-39.551,-42.480
1789911910.908370,72.266,-34.668,-43.457,-29.785
1789911910.912263,75.684,-38.086,-35.645,-28.320
1789911910.916157,80.566,-31.250,-34.180,-21.973
1789911910.920050,82.520,-27.344,-35.156,-28.809
1789911910.923944,77.637,-34.668,-39.062,-35.645
1789911910.928036,78.613,-31.738,-33.691,-32.715
1789911910.931929,73.730,-28.809,-31.250,-25.391
1789911910.935823,74.219,-31.738,-34.180,-20.508
1789911910.939716,81.543,-29.297,-33.691,-20.508
1789911910.943610,72.266,-29.297,-31.738,-37.109
1789911910.947503,77.637,-26.855,-31.250,-40.039
1789911910.951397,79.102,-25.879,-33.691,-33.203
1789911910.955290,80.566,-25.391,-37.109,-37.109
1789911910.959184,76.660,-26.855,-37.598,-43.945
1789911910.963077,63.965,-21.973,-38.574,-43.457
1789911910.966971,59.082,-29.785,-41.504,-43.945
1789911910.970864,59.082,-44.434,-42.480,-50.781
1789911910.975016,64.941,-38.574,-38.086,-36.621
1789911910.978910,53.223,-45.898,-38.086,-30.762
1789911910.982804,43.945,-53.223,-46.875,-37.109
1789911910.986697,42.480,-46.387,-42.969,-36.133
1789911910.990591,40.039,-47.363,-43.457,-45.410
1789911910.994484,38.086,-53.223,-46.387,-48.340
1789911910.998378,43.457,-54.199,-45.898,-45.410
1789911911.002271,27.832,-47.852,-48.340,-52.246
1789911911.006165,16.602,-45.898,-44.922,-40.527
1789911911.010058,33.203,-47.852,-47.852,-34.668
1789911911.013952,37.598,-47.852,-50.293,-49.805
1789911911.017845,31.738,-49.316,-45.898,-49.316
1789911911.021874,21.484,-47.363,-41.504,-33.203
1789911911.025768,18.555,-42.969,-41.504,-36.621
1789911911.029661,13.672,-42.480,-45.898,-53.711
1789911911.033555,24.414,-43.945,-41.504,-47.363
1789911911.037448,41.504,-40.039,-36.133,-37.109
1789911911.041342,31.250,-44.922,-42.969,-32.227
1789911911.045235,19.043,-51.758,-44.434,-27.832
1789911911.049129,22.461,-47.852,-35.156,-28.809
1789911911.053022,23.438,-46.875,-33.691,-30.762
1789911911.056916,28.320,-40.039,-40.527,-24.902
1789911911.060810,20.996,-37.109,-39.062,-19.531
1789911911.064703,16.113,-40.039,-35.156,-17.578
1789911911.068729,24.414,-36.133,-33.691,-24.902
1789911911.072622,20.020,-35.645,-30.762,-34.668
1789911911.076516,16.602,-32.227,-27.832,-28.320
1789911911.080410,29.297,-31.250,-29.785,-16.602
1789911911.084303,34.668,-37.109,-25.391,-21.484
1789911911.088197,14.160,-41.504,-30.273,-40.039
1789911911.092090,3.418,-38.086,-38.086,-31.250
1789911911.095984,14.648,-34.668,-34.668,-13.184
1789911911.099877,22.461,-37.109,-34.180,-22.949
1789911911.103771,23.926,-37.598,-33.203,-40.039
1789911911.107665,22.949,-36.133,-29.297,-30.762
1789911911.111558,20.996,-33.691,-29.785,-22.949
1789911911.115867,15.625,-24.902,-29.785,-28.320
1789911911.119760,-2.930,-23.926,-36.133,-37.598
1789911911.123654,-2.930,-30.762,-43.457,-57.129
1789911911.127548,9.766,-35.645,-38.086,-57.129
1789911911.131441,-4.395,-40.527,-44.434,-41.504
1789911911.135335,-5.371,-42.969,-49.316,-45.410
1789911911.139229,-4.883,-39.551,-37.598,-50.781
1789911911.143122,-12.207,-35.645,-35.645,-37.109
1789911911.147016,0.488,-36.621,-37.598,-26.855
1789911911.150910,0.977,-37.598,-34.668,-32.227
1789911911.154804,0.488,-35.645,-33.203,-32.715
1789911911.158697,20.996,-32.715,-33.203,-21.973
1789911911.162699,35.156,-36.621,-33.203,-19.043
1789911911.166593,20.996,-36.621,-33.203,-26.367
1789911911.170486,1.465,-38.086,-36.621,-34.180
1789911911.174380,-1.953,-41.016,-36.621,-41.016
1789911911.178274,1.465,-42.969,-31.738,-36.133
1789911911.182167,-4.395,-54.199,-35.156,-39.062
1789911911.186061,-5.371,-49.805,-36.133,-46.387
1789911911.189955,7.324,-39.551,-28.809,-40.039
1789911911.193848,0.977,-43.457,-26.855,-38.574
1789911911.197742,-2.930,-44.922,-34.668,-43.945
1789911911.201636,6.836,-43.457,-32.227,-38.574
1789911911.205530,-0.488,-41.016,-33.203,-41.504
1789911911.209712,-12.207,-41.504,-37.598,-46.875
1789911911.213606,-2.441,-41.992,-34.180,-38.086
1789911911.217499,2.930,-43.945,-33.691,-33.203
1789911911.221393,-14.648,-46.875,-39.062,-39.551
1789911911.225287,-25.391,-47.363,-41.016,-41.992
1789911911.229181,-24.902,-45.898,-35.645,-39.062
1789911911.233074,-12.695,-51.270,-35.645,-42.480
1789911911.236968,-6.836,-53.711,-42.480,-41.504
1789911911.240862,-5.859,-46.875,-31.738,-41.016
1789911911.244756,6.348,-46.875,-28.320,-40.527
1789911911.248650,7.812,-49.316,-34.668,-40.039
1789911911.252543,18.066,-47.852,-30.762,-50.293
1789911911.256629,51.270,-46.875,-33.691,0.000
1789911911.260522,73.730,-40.039,-34.180,0.000
1789911911.264416,71.289,-39.551,-32.227,0.000
1789911911.268310,69.336,-37.109,-35.156,0.000
1789911911.272204,81.543,-37.109,-38.574,0.000
1789911911.276097,77.148,-42.480,-34.668,0.000
1789911911.279991,69.336,-46.875,-35.645,0.000
1789911911.283885,75.684,-50.781,-41.992,0.000
1789911911.287779,68.359,-47.852,-42.480,0.000
1789911911.291673,62.012,-47.363,-33.203,0.000
1789911911.295566,55.664,-48.340,-31.738,0.000
1789911911.299460,51.270,-52.246,-35.645,0.000
1789911911.303521,56.641,-56.641,-38.574,-61.035
1789911911.307415,54.688,-56.152,-45.410,-61.035
1789911911.311309,51.270,-48.828,-43.457,-56.152
1789911911.315202,46.387,-44.434,-39.551,-51.270
1789911911.319096,37.109,-49.316,-42.480,-45.898
1789911911.322990,32.715,-52.246,-46.875,-48.340
1789911911.326884,38.086,-48.340,-46.875,-51.270
1789911911.330778,45.898,-48.828,-44.922,-54.199
1789911911.334671,44.922,-49.805,-48.340,-56.641
1789911911.338565,43.945,-49.316,-47.852,-45.898
1789911911.342459,37.598,-51.758,-42.969,-49.316
1789911911.346353,30.762,-52.734,-42.480,-61.523
1789911911.350600,39.062,-48.828,-37.598,-48.828
1789911911.354494,48.340,-50.293,-33.691,-42.480
1789911911.358387,43.457,-54.199,-41.992,-51.270
1789911911.362281,28.809,-50.293,-42.480,-51.758
1789911911.366175,19.043,-45.410,-39.062,-43.945
1789911911.370069,20.020,-44.922,-38.574,-39.551
1789911911.373963,28.320,-42.969,-34.668,-44.434
1789911911.377857,31.738,-46.387,-35.645,-46.387
1789911911.381751,34.668,-48.340,-30.762,-27.832
1789911911.385645,32.715,-44.434,-30.762,-31.250
1789911911.389539,32.715,-45.410,-33.691,-53.223
1789911911.393433,36.133,-42.969,-27.832,-49.316
1789911911.397475,28.809,-42.480,-30.273,-38.574
1789911911.401368,24.902,-49.805,-40.039,-49.805
1789911911.405262,11.230,-58.105,-41.504,-63.477
1789911911.409156,-2.441,-59.082,-37.598,-56.641
1789911911.413050,3.906,-53.223,-37.598,-45.410
1789911911.416944,18.066,-53.711,-39.551,-47.852
1789911911.420838,20.508,-55.664,-41.504,-42.969
1789911911.424732,20.020,-49.316,-35.645,-28.809
1789911911.428626,19.531,-42.969,-28.320,-33.203
1789911911.432520,25.879,-40.039,-33.691,-32.715
1789911911.436414,27.344,-39.551,-37.109,-35.156
1789911911.440308,26.855,-40.039,-33.691,-38.574
1789911911.444330,0.000,-41.504,-34.180,-36.133
1789911911.448224,0.000,-41.016,-35.645,-38.574
1789911911.452118,0.000,-38.086,-35.645,-38.086
1789911911.456012,0.000,-40.527,-31.250,-34.668
1789911911.459906,0.000,-39.551,-30.273,-24.902
1789911911.463800,0.000,-40.039,-40.039,-32.715
1789911911.467694,0.000,-42.969,-39.062,-32.227
1789911911.471588,0.000,-44.434,-40.527,-24.414
1789911911.475482,0.000,-41.016,-42.480,-34.180
1789911911.479376,0.000,-34.180,-40.039,-38.574
1789911911.483270,0.000,-32.715,-41.992,-26.855
1789911911.487164,0.000,-37.109,-40.527,-23.926
1789911911.491182,32.227,-38.574,0.000,0.000
1789911911.495076,35.645,-29.785,0.000,0.000
1789911911.498970,36.133,-24.902,0.000,0.000
1789911911.502864,40.527,-26.367,0.000,0.000
1789911911.506758,35.156,-29.785,0.000,0.000
1789911911.510652,25.391,-34.668,0.000,0.000
1789911911.514546,22.461,-36.133,0.000,0.000
1789911911.518440,22.949,-35.156,0.000,0.000
1789911911.522334,28.320,-36.133,0.000,0.000
1789911911.526228,20.996,-33.203,0.000,0.000
1789911911.530122,10.254,-26.855,0.000,0.000
1789911911.534016,18.555,-24.902,0.000,0.000
1789911911.538007,15.137,-25.879,-23.438,-18.555
1789911911.541902,13.184,-27.832,-28.320,-24.414
1789911911.545795,27.832,-25.879,-25.391,-23.926
1789911911.549690,25.391,-25.391,-29.785,-21.973
1789911911.553584,20.996,-30.762,-29.785,-32.227
1789911911.557477,23.438,-26.367,-23.438,-26.367
1789911911.561372,35.156,-17.578,-21.484,-15.137
1789911911.565265,24.902,-22.949,-26.367,-21.484
1789911911.569160,16.602,-26.855,-32.227,-31.250
1789911911.573054,21.484,-23.926,-34.180,-32.715
1789911911.576947,17.578,-24.414,-30.762,-32.227
1789911911.580842,21.484,-23.438,-25.879,-43.945
1789911911.584834,22.949,-26.855,-32.227,-54.688
1789911911.588728,16.113,-29.297,-35.645,-56.641
1789911911.592622,10.254,-24.414,-29.297,-53.223
1789911911.596516,6.836,-22.461,-28.809,-53.711
1789911911.600410,4.395,-23.926,-31.250,-52.246
1789911911.604304,-4.395,-28.320,-29.785,-56.641
1789911911.608198,-6.348,-30.273,-35.156,-46.387
1789911911.612092,6.836,-28.320,-36.133,-31.738
1789911911.615986,10.254,-34.668,-32.715,-33.203
1789911911.619880,15.137,-32.227,-32.227,-27.832
1789911911.623775,24.414,-28.320,-32.715,-35.645
1789911911.627668,15.137,-33.691,-36.621,-33.203
1789911911.631633,14.160,-35.156,-33.691,-32.227
1789911911.635527,29.297,-30.762,-26.855,-34.180
1789911911.639421,27.344,-29.785,-26.855,-31.250
1789911911.643315,13.184,-30.273,-34.180,-28.809
1789911911.647209,3.906,-34.180,-35.156,-28.320
1789911911.651103,2.441,-36.133,-33.203,-23.926
1789911911.654997,8.789,-36.133,-34.180,-39.551
1789911911.658891,20.020,-38.086,-35.156,-51.758
1789911911.662785,21.973,-35.156,-33.203,-27.344
1789911911.666679,23.926,-31.738,-27.344,-12.207
1789911911.670573,22.949,-30.762,-23.438,-15.625
1789911911.674467,14.160,-27.832,-24.414,-23.438
1789911911.678735,7.324,-32.227,0.000,-16.113
1789911911.682630,8.789,-35.645,0.000,-17.090
1789911911.686524,17.578,-35.156,0.000,-31.738
1789911911.690418,9.277,-33.691,0.000,-29.785
1789911911.694312,7.324,-32.715,0.000,-32.227
1789911911.698206,11.230,-30.762,0.000,-38.574
1789911911.702100,4.883,-30.273,0.000,-37.109
1789911911.705994,6.836,-31.738,0.000,-33.203
1789911911.709888,2.441,-32.715,0.000,-37.109
1789911911.713782,-7.812,-34.668,0.000,-38.086
1789911911.717676,-3.906,-32.715,0.000,-40.527
1789911911.721570,7.324,-30.273,0.000,-37.598
1789911911.725699,-0.488,-33.691,-23.926,-32.715
1789911911.729593,3.418,-38.574,-29.785,-28.320
1789911911.733487,17.090,-34.668,-29.785,-21.973
1789911911.737381,23.926,-29.297,-28.809,-24.414
1789911911.741276,31.250,-29.297,-32.715,-26.367
1789911911.745170,14.648,-30.762,-31.250,-21.484
1789911911.749064,-2.930,-33.203,-31.738,-15.625
1789911911.752958,-2.441,-29.785,-29.297,-20.020
1789911911.756852,12.207,-22.949,-24.414,-13.184
1789911911.760746,20.020,-25.879,-27.344,-8.789
1789911911.764641,10.254,-23.926,-23.438,-11.719
1789911911.768535,0.488,-20.020,-23.926,-19.531
1789911911.772655,5.859,-23.926,-23.926,-19.043
1789911911.776549,9.766,-24.902,-25.879,-16.602
1789911911.780443,7.324,-24.902,-17.090,-14.160
1789911911.784337,3.418,-28.809,-13.184,-16.602
1789911911.788231,11.230,-21.484,-18.555,-21.484
1789911911.792126,20.020,-18.555,-16.113,-14.648
1789911911.796020,9.277,-23.926,-14.648,-18.555
1789911911.799914,7.812,-19.043,-21.484,-24.902
1789911911.803808,17.090,-17.090,-21.973,-31.250
1789911911.807702,7.324,-18.066,-16.602,-33.691
1789911911.811597,10.254,-13.184,-16.113,-31.738
1789911911.815491,12.207,-17.090,-22.949,-35.156
1789911911.819519,12.207,-19.531,-33.203,-26.367
1789911911.823413,12.695,-17.090,-25.879,-20.020
1789911911.827308,7.324,-14.648,-18.066,-15.625
1789911911.831202,16.113,-16.113,-18.555,-4.883
1789911911.835096,34.180,-22.461,-23.926,-10.742
1789911911.838990,20.996,-27.344,-22.949,-14.160
1789911911.842885,0.000,-28.320,-20.020,-20.020
1789911911.846779,1.953,-25.879,-25.391,-17.090
1789911911.850673,9.766,-20.508,-23.926,-11.230
1789911911.854567,12.695,-19.531,-18.555,-19.043
1789911911.858461,7.812,-26.855,-18.066,-26.855
1789911911.862355,7.324,-27.344,-19.043,-20.996
1789911911.866466,0.000,-28.809,-19.531,-5.371
1789911911.870360,0.000,-29.297,-21.484,-8.301
1789911911.874254,0.000,-28.320,-23.926,-18.066
1789911911.878149,0.000,-31.250,-20.020,-20.508
1789911911.882043,0.000,-33.203,-18.555,-19.043
1789911911.885937,0.000,-30.762,-24.414,-20.020
1789911911.889831,0.000,-24.414,-21.973,-28.320
1789911911.893726,0.000,-20.996,-25.879,-27.344
1789911911.897620,0.000,-22.461,-33.203,-30.273
1789911911.901514,0.000,-30.762,-28.809,-37.109
1789911911.905408,0.000,-32.715,-24.414,-30.762
1789911911.909303,0.000,-28.809,-23.438,-31.738
1789911911.913487,9.277,-30.273,-27.344,-37.109
1789911911.917381,2.441,-34.180,-29.785,-33.203
1789911911.921275,11.230,-29.297,-25.879,-18.555
1789911911.925170,15.625,-25.391,-23.438,-15.137
1789911911.929064,12.207,-25.391,-26.855,-30.273
1789911911.932958,11.719,-22.461,-29.297,-28.809
1789911911.936853,6.348,-25.391,-25.391,-27.832
1789911911.940747,0.000,-33.203,-18.066,-36.133
1789911911.944641,3.418,-34.668,-19.043,-35.645
1789911911.948536,-7.812,-34.668,-20.996,-39.062
1789911911.952430,-12.207,-36.133,-18.066,-38.086
1789911911.956324,-9.766,-34.668,-20.996,-31.738
1789911911.960308,-18.066,-37.109,-23.438,-30.273
1789911911.964203,-18.066,-37.109,-20.996,-31.738
1789911911.968097,-24.902,-39.062,-23.926,-47.852
1789911911.971991,-22.949,-36.133,-27.344,-37.598
1789911911.975886,-12.695,-32.715,-21.484,-23.926
1789911911.979780,-5.859,-26.855,-17.578,-19.043
1789911911.983674,5.371,-21.973,-12.695,-21.484
1789911911.987569,2.930,-21.484,-13.672,-28.320
1789911911.991463,5.859,-17.578,-20.508,-27.832
1789911911.995357,7.812,-14.648,-20.020,-31.250
1789911911.999252,-3.906,-18.555,-22.949,-27.344
1789911912.003146,-14.160,-30.273,-30.273,-37.109
1789911912.007107,-9.766,-32.715,-29.297,-42.480
1789911912.011001,-3.906,-23.438,-26.855,-27.832
1789911912.014895,-10.254,-25.879,-28.809,-26.367
1789911912.018790,-14.160,-31.250,-28.809,-45.410
1789911912.022684,-14.648,-31.738,-30.762,-50.781
1789911912.026578,-12.695,-33.691,-32.227,-50.781
1789911912.030473,-2.930,-33.691,-34.668,-48.340
1789911912.034367,-13.184,-37.109,-38.574,-50.781
1789911912.038261,-27.344,-37.598,-36.133,-50.781
1789911912.042156,-22.461,-30.762,-28.320,-34.180
1789911912.046050,-23.438,-33.203,-31.738,-39.551
1789911912.049944,-9.277,-31.738,-36.621,-41.992
1789911912.053989,1.465,-24.902,-32.227,-24.414
1789911912.057883,-9.277,-27.344,-33.691,-20.020
1789911912.061778,-1.465,-28.320,-35.156,-36.133
1789911912.065672,1.465,-15.625,-31.738,-38.574
1789911912.069566,-22.461,-20.508,-35.645,-39.062
1789911912.073461,-26.367,-26.855,-36.621,-47.363
1789911912.077355,-15.625,-25.391,-31.250,-48.340
1789911912.081249,-6.348,-21.973,-35.645,-45.410
1789911912.085144,-16.113,-16.113,-35.645,-47.363
1789911912.089038,-29.297,-26.367,-34.180,-48.340
1789911912.092932,-21.484,-30.762,-35.156,-37.598
1789911912.096827,-11.719,-26.367,-35.645,-18.066
1789911912.100862,-4.395,-27.344,-36.621,-21.973
1789911912.104756,7.812,-23.926,-34.668,-38.574
1789911912.108650,10.742,-19.043,-30.762,-39.062
1789911912.112545,7.324,-16.113,-26.367,-32.715
1789911912.116439,8.789,-18.066,-30.273,-29.785
1789911912.120333,9.277,-20.508,-31.250,-29.297
1789911912.124228,2.930,-26.367,-24.414,-38.574
1789911912.128122,-6.348,-31.738,-21.484,-42.480
1789911912.132017,-9.766,-30.273,-26.367,-33.203
1789911912.135911,1.465,-26.855,-26.855,-23.926
1789911912.139806,9.277,-19.043,-22.949,-20.508
1789911912.143700,2.930,-21.484,-20.996,-18.066
1789911912.147720,8.789,-29.297,-21.484,-25.391
1789911912.151615,2.441,-30.273,-21.973,-34.668
1789911912.155509,-7.812,-33.203,-24.414,-39.062
1789911912.159403,-10.254,-31.738,-22.949,-37.598
1789911912.163298,-9.766,-25.879,-14.160,-21.484
1789911912.167192,-6.836,-26.367,-15.625,-14.648
1789911912.171087,-3.906,-22.949,-18.555,-20.996
1789911912.174981,-5.371,-22.949,-15.625,-19.531
1789911912.178875,-8.789,-29.297,-18.555,-17.578
1789911912.182770,-3.906,-28.809,-26.367,-21.973
1789911912.186664,-3.906,-27.832,-23.926,-23.926
1789911912.190559,5.371,-26.367,-22.461,-20.508
1789911912.194567,7.812,-24.902,-27.344,-16.113
1789911912.198461,-0.977,-24.414,-28.320,-11.719
1789911912.202356,-1.953,-21.484,-28.320,-16.602
1789911912.206250,1.465,-21.973,-26.855,-20.020
1789911912.210145,-10.742,-25.879,-27.344,-27.344
1789911912.214039,-16.602,-26.367,-30.762,-34.180
1789911912.217934,-2.930,-25.879,-32.715,-41.992
1789911912.221828,-4.395,-34.180,-34.668,-36.621
1789911912.225722,-9.766,-36.621,-29.785,-15.625
1789911912.229617,-1.465,-33.691,-35.156,-26.855
1789911912.233511,-8.789,-34.180,-38.086,-43.457
1789911912.237406,-9.766,-30.762,-29.297,-39.551
1789911912.241597,3.418,-25.391,-30.273,-37.109
1789911912.245491,5.859,-23.926,-26.855,-34.180
1789911912.249386,2.441,-19.043,-24.414,-40.039
1789911912.253280,0.000,-23.926,-26.855,-41.992
1789911912.257175,-5.859,-25.391,-20.020,-32.227
1789911912.261069,-0.488,-25.391,-15.137,-31.250
1789911912.264964,11.230,-29.785,-21.973,-16.602
1789911912.268858,5.371,-27.832,-22.461,6.836
1789911912.272753,9.766,-26.367,-20.508,-12.207
1789911912.276647,19.531,-26.855,-27.344,-35.645
1789911912.280542,13.672,-18.555,-20.996,-25.391
1789911912.284436,16.602,-15.625,-16.113,-19.531
1789911912.288419,23.926,-21.484,-23.438,-19.531
1789911912.292314,20.508,-23.926,-26.855,-19.043
1789911912.296208,6.348,-25.879,-23.438,-17.578
1789911912.300102,11.719,-25.391,-22.461,-22.949
1789911912.303997,18.555,-23.926,-25.391,-24.902
1789911912.307892,8.789,-20.996,-25.879,-24.414
1789911912.311786,9.766,-20.020,-27.832,-17.090
1789911912.315681,14.648,-24.414,-30.273,-12.207
1789911912.319575,16.602,-23.438,-29.785,-13.672
1789911912.323470,11.230,-23.438,-29.297,-15.137
1789911912.327364,5.859,-21.973,-28.809,-22.949
1789911912.331259,4.395,-16.602,-28.809,-30.762
1789911912.335527,-8.301,-24.414,-24.902,-23.926
1789911912.339422,-8.301,-34.668,-25.391,-16.113
1789911912.343316,2.441,-32.227,-31.738,-12.207
1789911912.347211,-6.348,-31.738,-31.250,-23.926
1789911912.351105,-20.020,-31.738,-34.180,-23.926
1789911912.355000,-22.461,-32.715,-37.598,-13.672
1789911912.358894,-24.414,-31.738,-36.621,-12.695
1789911912.362789,-17.090,-29.297,-34.180,-23.438
1789911912.366683,1.953,-25.879,-27.832,-27.344
1789911912.370578,3.418,-20.020,-23.438,-24.902
1789911912.374473,2.930,-20.508,-21.484,-24.414
1789911912.378367,-1.953,-22.949,-17.578,-4.883
1789911912.382370,-9.277,-24.902,-19.531,0.000
1789911912.386265,-3.906,-23.926,-16.602,0.000
1789911912.390160,4.883,-21.484,-12.695,0.000
1789911912.394054,5.371,-21.973,-18.555,0.000
1789911912.397949,-0.488,-22.949,-18.555,0.000
1789911912.401843,-1.465,-24.414,-19.043,0.000
1789911912.405738,-13.184,-22.949,-25.879,0.000
1789911912.409632,-14.160,-21.484,-24.902,0.000
1789911912.413527,-9.277,-19.531,-24.414,0.000
1789911912.417422,-10.742,-20.020,-34.180,0.000
1789911912.421316,5.859,-24.902,-36.133,0.000
1789911912.425211,14.160,-21.973,-23.926,0.000
1789911912.429252,0.977,-18.555,-17.578,8.789
1789911912.433147,5.859,-19.531,-18.555,-13.184
1789911912.437042,9.766,-22.949,-21.973,-21.484
1789911912.440936,-10.742,-23.926,-23.438,-20.020
1789911912.444831,-8.301,-14.648,-19.531,-15.625
1789911912.448725,7.812,-13.672,-18.555,-15.625
1789911912.452620,-9.766,-20.020,-14.648,-21.484
1789911912.456515,-18.066,-19.043,-12.207,-24.902
1789911912.460409,-12.207,-18.555,-14.160,-24.902
1789911912.464304,-20.996,-21.484,-13.672,-24.414
1789911912.468199,-20.996,-31.250,-15.625,-34.668
1789911912.472093,-12.207,-36.133,-20.508,-36.133
1789911912.476226,-18.066,-35.156,-21.484,-33.691
1789911912.480121,-29.785,-34.180,-20.508,-43.945
1789911912.484015,-25.391,-27.344,-22.461,-41.992
1789911912.487910,-18.066,-23.926,-27.344,-38.574
1789911912.491805,-23.438,-27.344,-29.785,-36.621
1789911912.495699,-23.438,-28.320,-31.738,-37.109
1789911912.499594,-18.066,-29.785,-29.297,-37.598
1789911912.503489,-6.836,-29.297,-24.902,-30.762
1789911912.507383,-2.441,-29.297,-20.996,-24.414
1789911912.511278,-9.766,-36.133,-20.508,-17.090
1789911912.515173,-0.977,-34.180,-20.996,-15.137
1789911912.519067,1.953,-24.902,-18.555,-22.949
1789911912.523087,-10.742,-21.484,-21.484,-30.762
1789911912.526982,-18.555,-21.973,-29.785,-30.762
1789911912.530877,-16.602,-22.461,-29.785,-32.715
1789911912.534771,-9.766,-20.996,-27.832,-36.133
1789911912.538666,-11.719,-22.461,-29.297,-35.645
1789911912.542561,-9.766,-25.879,-27.344,-29.297
1789911912.546455,-17.578,-35.645,-25.879,-39.062
1789911912.550350,-13.184,-35.645,-27.832,-46.387
1789911912.554245,-8.301,-33.691,-33.203,-41.992
1789911912.558139,-8.301,-36.621,-31.250,-45.410
1789911912.562034,-18.066,-37.598,-31.250,-46.875
1789911912.565929,-20.996,-38.086,-37.109,-42.480
1789911912.569932,-14.648,-35.645,-35.645,-35.156
1789911912.573827,-12.695,-29.297,-32.715,-42.969
1789911912.577721,-13.672,-25.879,-28.809,-50.293
1789911912.581616,-18.066,-26.855,-27.344,-44.434
1789911912.585511,-14.160,-27.832,-33.691,-44.922
1789911912.589406,-9.277,-33.203,-35.645,-44.922
1789911912.593300,-5.371,-26.367,-35.156,-36.621
1789911912.597195,-7.812,-26.367,-29.297,-33.691
1789911912.601089,-4.395,-29.297,-30.762,-30.762
1789911912.604984,-10.742,-23.926,-33.691,-14.648
1789911912.608879,-13.184,-23.438,-25.879,-20.996
1789911912.612774,-5.859,-25.391,-25.879,-36.133
1789911912.616780,-4.395,-21.973,-24.902,-28.320
1789911912.620675,5.371,-19.043,-25.391,-32.227
1789911912.624569,12.207,-22.461,-31.250,-31.250
1789911912.628464,-1.465,-29.785,-38.086,-33.203
1789911912.632359,-9.277,-36.621,-40.039,-39.062
1789911912.636253,5.859,-39.062,-38.574,-31.738
1789911912.640148,16.113,-41.504,-39.551,-23.926
1789911912.644043,-2.930,-40.527,-40.527,-20.020
1789911912.647938,-8.301,-41.992,-36.621,-28.809
1789911912.651832,-6.836,-38.574,-28.320,-33.691
1789911912.655727,-20.996,-35.156,-32.715,-31.738
1789911912.659622,-20.020,-31.250,-31.738,-20.996
1789911912.663610,-6.836,-25.391,-23.926,-6.836
1789911912.667505,-5.859,-30.762,-26.855,-23.438
1789911912.671400,-10.254,-36.621,-31.738,-43.945
1789911912.675294,-10.254,-28.809,-31.250,-35.156
1789911912.679189,-8.301,-23.926,-29.785,-27.344
1789911912.683084,-19.531,-28.320,-25.391,-31.250
1789911912.686979,-18.066,-28.809,-22.949,-25.391
1789911912.690873,-16.113,-26.855,-25.391,-28.320
1789911912.694768,-23.438,-24.902,-26.855,-37.598
1789911912.698663,-16.113,-25.391,-28.320,-30.762
1789911912.702558,-7.324,-29.785,-24.902,-20.508
1789911912.706452,-4.395,-32.715,-22.949,-25.879
1789911912.710612,-15.137,-32.715,-26.855,-23.438
1789911912.714507,-23.438,-29.785,-28.320,-24.902
1789911912.718401,-20.508,-26.855,-21.973,-30.273
1789911912.722296,-20.020,-23.926,-22.949,-32.715
1789911912.726191,-20.508,-22.461,-26.367,-34.668
1789911912.730086,-28.809,-27.832,-25.879,-35.156
1789911912.733981,-24.902,-24.902,-26.367,-31.738
1789911912.737875,-14.648,-20.996,-24.414,-25.879
1789911912.741770,-13.672,-25.391,-26.855,-36.133
1789911912.745665,-8.789,-27.344,-30.762,-33.691
1789911912.749560,-13.184,-28.809,-35.156,-34.668
1789911912.753455,-10.254,-26.855,-36.621,-36.621
1789911912.757449,-5.371,-30.273,-34.668,-34.180
1789911912.761344,-19.531,-35.156,-34.668,-37.598
1789911912.765239,-9.277,-32.227,-29.785,-33.691
1789911912.769133,1.465,-27.344,-25.879,-30.273
1789911912.773028,-6.836,-24.902,-26.367,-24.414
1789911912.776923,-9.277,-24.902,-27.344,-23.438
1789911912.780818,-15.137,-25.391,-24.414,-34.668
1789911912.784713,-16.113,-24.414,-24.414,-39.551
1789911912.788607,-10.742,-23.926,-26.855,-41.016
1789911912.792502,-7.812,-26.855,-20.996,-32.715
1789911912.796397,-12.207,-24.902,-20.020,-27.344
1789911912.800292,-22.949,-29.785,-21.973,-44.434
1789911912.804332,-19.043,-34.180,-24.902,-45.898
1789911912.808227,-10.254,-25.879,-26.367,-34.668
1789911912.812122,-12.207,-23.926,-20.996,-38.086
1789911912.816017,-13.672,-25.391,-23.926,-41.016
1789911912.819911,-15.625,-23.438,-29.785,-45.410
1789911912.823806,-23.926,-26.855,-28.809,-41.992
1789911912.827701,-27.344,-32.227,-30.762,-37.598
1789911912.831596,-28.809,-32.715,-29.297,-44.922
1789911912.835491,-20.020,-28.809,-25.879,-32.227
1789911912.839386,-8.301,-28.809,-28.320,-28.809
1789911912.843281,-18.555,-31.738,-26.855,-36.621
1789911912.847175,-24.414,-25.391,-26.855,-26.367
1789911912.851302,-20.996,-20.508,-25.879,-15.137
1789911912.855197,-23.438,-25.879,-26.855,-23.438
1789911912.859092,-20.508,-29.785,-31.738,-32.227
1789911912.862987,-11.230,-27.344,-26.855,-27.344
1789911912.866881,-5.859,-31.250,-29.297,-20.996
1789911912.870776,-1.465,-35.156,-34.668,-21.484
1789911912.874671,-11.230,-36.621,-31.738,-26.855
1789911912.878566,-23.926,-36.133,-26.855,-31.250
1789911912.882461,-9.277,-30.762,-21.973,-25.879
1789911912.886356,-5.859,-27.832,-28.809,-30.762
1789911912.890251,-2.930,-25.391,-29.785,-33.203
1789911912.894145,-1.465,-22.461,-20.508,-20.508
1789911912.898160,0.000,-22.461,-32.715,-31.738
1789911912.902055,0.000,-21.973,-33.203,-37.598
1789911912.905949,0.000,-20.020,-26.855,-30.762
1789911912.909844,0.000,-22.949,-30.762,-38.574
1789911912.913739,0.000,-24.902,-23.438,-26.367
1789911912.917634,0.000,-23.438,-22.949,-20.508
1789911912.921529,0.000,-21.973,-28.809,-30.273
1789911912.925424,0.000,-24.902,-27.832,-36.621
1789911912.929319,0.000,-27.832,-33.691,-40.527
1789911912.933214,0.000,-24.414,-33.691,-45.410
1789911912.937109,0.000,-22.461,-30.762,-42.480
1789911912.941004,0.000,-20.508,-26.367,-34.668
1789911912.945101,-28.809,-26.855,-31.250,-36.621
1789911912.948996,-49.316,-33.691,-37.109,-41.504
1789911912.952891,-42.969,-32.227,-34.180,-49.316
1789911912.956786,-41.504,-33.203,-34.180,-43.457
1789911912.960681,-36.621,-35.645,-32.227,-32.715
1789911912.964576,-30.273,-27.344,-25.879,-31.250
1789911912.968471,-31.250,-23.438,-26.855,-26.367
1789911912.972366,-19.531,-25.879,-28.320,-14.160
1789911912.976261,-15.625,-27.344,-26.855,-11.719
1789911912.980156,-31.738,-29.297,-27.344,-20.508
1789911912.984051,-34.668,-24.902,-25.879,-22.949
1789911912.987946,-17.090,-25.879,-22.461,-21.484
1789911912.991938,-25.391,-31.250,-23.438,-16.602
1789911912.995833,-32.715,-32.715,-21.973,-16.602
1789911912.999728,-17.578,-28.809,-25.879,-15.137
1789911913.003623,-28.320,-26.855,-29.785,-25.879
1789911913.007518,-37.109,-26.855,-37.109,-38.086
1789911913.011413,-25.879,-23.438,-36.133,-38.574
1789911913.015308,-18.066,-22.949,-32.715,-38.574
1789911913.019202,-27.832,-29.297,-36.133,-42.969
1789911913.023098,-25.879,-28.809,-30.762,-43.945
1789911913.026992,-18.555,-27.344,-25.391,-44.922
1789911913.030887,-20.020,-35.156,-28.809,-47.852
1789911913.034782,-23.438,-30.762,-31.250,-45.898
1789911913.038860,-30.273,-22.949,-33.203,-47.363
1789911913.042755,-20.996,-19.531,-30.273,-36.621
1789911913.046650,-10.742,-18.066,-29.297,-25.391
1789911913.050545,-13.184,-19.531,-25.391,-29.297
1789911913.054440,-14.648,-24.902,-23.438,-38.574
1789911913.058335,-20.508,-27.832,-26.855,-41.992
1789911913.062230,-18.066,-25.879,-23.438,-22.461
1789911913.066125,-10.742,-31.738,-24.902,-14.160
1789911913.070020,-22.461,-37.598,-28.809,-33.691
1789911913.073915,-30.273,-37.109,-30.273,-40.527
1789911913.077810,-27.832,-33.691,-32.227,-41.992
1789911913.081705,-26.855,-30.762,-33.691,-36.133
1789911913.085667,-13.184,-27.832,-33.203,-31.250
1789911913.089562,-3.418,-23.438,-30.273,-18.066
1789911913.093457,-12.207,-23.926,-31.250,-14.648
1789911913.097353,-11.719,-28.809,-29.785,-34.668
1789911913.101247,-16.602,-29.297,-26.367,-27.344
1789911913.105142,-16.602,-34.180,-31.250,-18.555
1789911913.109037,-16.113,-37.109,-33.691,-24.414
1789911913.112932,-12.207,-26.855,-28.809,-24.902
1789911913.116827,-10.254,-23.926,-21.973,-29.785
1789911913.120722,-16.113,-26.855,-21.973,-29.785
1789911913.124617,-4.883,-22.461,-20.996,-12.695
1789911913.128512,-5.859,-28.809,-24.902,-31.738
1789911913.132479,0.000,-38.574,-30.273,-52.246
1789911913.136374,0.000,-38.086,-28.809,-36.621
1789911913.140269,0.000,-41.016,-32.715,-31.738
1789911913.144164,0.000,-37.598,-33.203,-31.250
1789911913.148059,0.000,-31.250,-30.762,-28.809
1789911913.151954,0.000,-35.156,-36.621,-36.133
1789911913.155849,0.000,-35.156,-38.574,-41.992
1789911913.159744,0.000,-34.180,-36.133,-52.246
1789911913.163639,0.000,-31.250,-35.156,-54.688
1789911913.167534,0.000,-30.762,-29.297,-42.480
1789911913.171429,0.000,-30.273,-26.855,-30.273
1789911913.175324,0.000,-28.320,-22.949,-30.273
1789911913.179365,-17.090,-29.297,-23.438,-36.133
1789911913.183260,-7.812,-28.320,-32.715,-30.762
1789911913.187155,-3.418,-25.391,-25.879,-24.414
1789911913.191050,7.812,-26.855,-22.461,-25.879
1789911913.194945,7.812,-27.832,-24.902,-29.785
1789911913.198840,-8.789,-28.809,-29.785,-22.949
1789911913.202735,-16.113,-33.691,-32.227,-22.949
1789911913.206630,-14.160,-36.621,-29.785,-29.297
1789911913.210525,-9.277,-29.785,-29.297,-32.715
1789911913.214420,-0.488,-21.484,-26.367,-24.902
1789911913.218315,3.906,-25.391,-29.297,-21.484
1789911913.222210,0.488,-26.855,-25.391,-20.020
1789911913.226250,0.000,-26.855,-23.438,-16.113
1789911913.230145,0.000,-24.902,-25.879,-13.672
1789911913.234040,0.000,-21.973,-27.832,-15.625
1789911913.237936,0.000,-20.996,-28.809,-21.973
1789911913.241831,0.000,-18.555,-24.902,-25.879
1789911913.245726,0.000,-19.531,-27.344,-24.414
1789911913.249621,0.000,-26.367,-29.297,-24.902
1789911913.253516,0.000,-27.832,-28.320,-36.133
1789911913.257411,0.000,-30.273,-30.762,-29.297
1789911913.261306,0.000,-25.879,-28.809,-29.297
1789911913.265201,0.000,-18.555,-27.832,-34.668
1789911913.269096,0.000,-17.578,-27.832,-27.344
1789911913.272866,7.324,-18.555,-26.367,-22.461
1789911913.276762,26.367,-16.602,-26.367,-16.602
1789911913.280657,19.531,-13.672,-30.762,-24.414
1789911913.284552,2.441,-18.555,-31.738,-34.668
1789911913.288447,-0.488,-22.461,-32.715,-20.996
1789911913.292342,4.883,-19.043,-34.668,-4.883
1789911913.296237,-6.348,-20.996,-32.715,-8.301
1789911913.300132,-15.137,-28.320,-31.738,-20.020
1789911913.304027,-9.766,-27.344,-31.250,-6.836
1789911913.307922,-4.395,-30.762,-31.250,-3.418
1789911913.311817,-4.395,-31.250,-31.738,-14.160
1789911913.315712,1.465,-28.320,-30.273,-25.391
1789911913.319715,-1.953,-31.738,-34.180,-29.785
1789911913.323610,-5.371,-31.738,-34.668,-29.785
1789911913.327505,-8.789,-28.809,-30.762,-36.133
1789911913.331400,-0.977,-26.855,-32.227,-29.785
1789911913.335295,0.000,-24.902,-32.715,-19.531
1789911913.339190,3.418,-20.020,-26.855,-23.926
1789911913.343085,2.930,-24.902,-30.762,-32.715
1789911913.346980,-3.906,-28.809,-31.738,-21.484
1789911913.350875,-4.883,-27.344,-25.391,-12.207
1789911913.354770,-13.184,-32.227,-28.809,-25.391
1789911913.358665,-19.531,-36.621,-31.250,-41.016
1789911913.362561,-17.090,-40.039,-31.738,-39.551
1789911913.366552,-6.836,-36.621,-29.785,-37.598
1789911913.370447,-13.672,-28.809,-27.344,-40.039
1789911913.374342,-20.996,-29.785,-32.715,-37.598
1789911913.378237,-7.324,-32.715,-32.715,-30.273
1789911913.382132,-6.348,-31.250,-33.203,-39.551
1789911913.386027,-15.137,-36.133,-32.227,-53.223
1789911913.389922,-22.949,-43.457,-28.320,-33.691
1789911913.393818,-24.902,-33.691,-25.879,-28.320
1789911913.397713,-18.066,-27.344,-25.879,-31.738
1789911913.401608,-0.977,-27.832,-27.344,-17.578
1789911913.405503,-3.906,-26.367,-24.414,-21.484
1789911913.409398,-8.789,-23.926,-28.809,-20.020
1789911913.413381,2.930,-20.996,-30.273,-14.160
1789911913.417276,6.348,-23.926,-27.832,-18.555
1789911913.421171,2.930,-22.461,-25.879,-13.184
1789911913.425066,0.488,-19.043,-23.926,-11.719
1789911913.428961,-11.230,-28.320,-25.879,-19.531
1789911913.432856,-18.066,-33.691,-31.250,-12.207
1789911913.436751,-11.719,-29.297,-33.203,-10.742
1789911913.440646,-7.812,-29.297,-34.668,-23.438
1789911913.444541,-4.395,-27.832,-35.156,-29.785
1789911913.448437,3.418,-25.391,-32.715,-20.020
1789911913.452332,-3.418,-23.926,-38.086,-28.320
1789911913.456227,-20.508,-22.949,-39.551,-42.480
1789911913.460199,-24.902,-27.832,-40.527,-38.574
1789911913.464094,-15.137,-31.738,-43.945,-30.762
1789911913.467990,-6.836,-22.461,-36.133,-18.066
1789911913.471885,-9.277,-16.113,-27.344,-22.461
1789911913.475780,-1.953,-20.508,-32.227,-32.227
1789911913.479675,-5.371,-23.438,-35.156,-32.227
1789911913.483570,-21.973,-25.879,-29.785,-28.809
1789911913.487465,-17.578,-27.832,-35.156,-34.180
1789911913.491360,-12.207,-23.438,-39.551,-31.738
1789911913.495255,-5.859,-20.996,-38.574,-25.391
1789911913.499151,-8.789,-25.879,-38.086,-32.715
1789911913.503046,-16.602,-28.320,-37.109,-26.367
1789911913.507187,-11.719,-24.902,-39.062,-14.160
1789911913.511082,-14.160,-22.461,-36.133,-17.090
1789911913.514977,-19.531,-20.996,-38.086,-16.113
1789911913.518872,-20.020,-28.809,-41.016,-24.902
1789911913.522767,-11.719,-34.668,-40.527,-39.062
1789911913.526662,-10.742,-31.738,-38.574,-40.527
1789911913.530557,-10.742,-28.809,-35.645,-29.297
1789911913.534453,-6.836,-25.879,-37.598,-17.090
1789911913.538348,-8.301,-21.973,-31.738,-19.043
1789911913.542243,-14.648,-27.344,-37.598,-20.508
1789911913.546138,-12.695,-30.762,-41.504,-22.461
1789911913.550033,-13.672,-29.785,-38.574,-34.180
1789911913.554070,-12.695,-34.180,-41.504,-45.898
1789911913.557965,-5.371,-32.227,-41.016,-32.715
1789911913.561860,-5.859,-31.250,-41.016,-25.879
1789911913.565755,-8.301,-34.668,-40.039,-36.621
1789911913.569650,-20.020,-33.203,-34.668,-30.273
1789911913.573545,-22.949,-33.203,-39.062,-18.066
1789911913.577441,-17.090,-34.180,-42.969,-26.855
1789911913.581336,-8.789,-28.320,-35.156,-25.879
1789911913.585231,-3.906,-22.949,-39.062,-26.367
1789911913.589126,-10.742,-22.949,-41.992,-35.156
1789911913.593021,-11.230,-20.020,-39.062,-30.762
1789911913.596917,-8.301,-20.508,-42.969,-33.203
1789911913.600979,-17.578,-22.949,-43.457,-27.832
1789911913.604875,-10.742,-28.320,-38.086,-14.160
1789911913.608770,-2.930,-29.785,-37.109,-19.531
1789911913.612665,-15.625,-25.391,-37.598,-27.344
1789911913.616560,-12.207,-23.438,-38.574,-26.855
1789911913.620456,-2.930,-25.391,-40.039,-32.715
1789911913.624351,-9.277,-23.926,-38.086,-22.949
1789911913.628246,-9.277,-20.508,-39.551,-13.672
1789911913.632141,0.488,-20.508,-40.039,-7.812
1789911913.636036,-4.883,-22.461,-35.645,-17.578
1789911913.639931,-9.766,-26.367,-40.039,-34.668
1789911913.643826,-3.906,-31.738,-42.480,-28.320
1789911913.647842,-12.207,-35.156,-40.527,-23.926
1789911913.651737,-7.324,-31.250,-43.945,-23.438
1789911913.655633,-8.301,-32.715,-41.992,-18.066
1789911913.659528,-5.371,-36.621,-44.434,-22.949
1789911913.663423,8.789,-33.203,-51.758,-31.250
1789911913.667318,-1.465,-30.762,-41.016,-34.668
1789911913.671214,-4.395,-30.273,-30.762,-31.738
1789911913.675109,1.953,-26.367,-37.109,-28.320
1789911913.679004,-4.883,-24.414,-35.156,-17.578
1789911913.682899,-19.531,-29.297,-33.691,-10.742
1789911913.686795,-24.902,-37.598,-38.086,-18.555
1789911913.690690,-19.531,-33.691,-37.109,-12.207
1789911913.694696,-20.020,-26.367,-33.203,-18.066
1789911913.698591,-17.090,-26.367,-33.691,-28.809
1789911913.702486,-15.137,-24.414,-38.574,-18.555
1789911913.706381,-4.883,-23.438,-33.691,-7.812
1789911913.710277,0.977,-24.414,-33.203,-14.160
1789911913.714172,-2.930,-23.438,-37.598,-9.766
1789911913.718067,-4.395,-26.367,-38.086,-11.230
1789911913.721962,11.719,-25.391,-38.574,-16.602
1789911913.725857,3.906,-24.414,-31.738,-14.160
1789911913.729753,-11.719,-25.391,-29.785,-8.301
1789911913.733648,-0.977,-23.926,-29.785,-6.836
1789911913.737543,0.488,-24.414,-33.203,-24.414
1789911913.741539,-5.859,-23.926,-35.645,-22.949
1789911913.745434,-7.324,-24.414,-34.180,-13.184
1789911913.749329,-9.277,-24.414,-37.598,-16.113
1789911913.753224,-8.789,-23.926,-35.645,-18.555
1789911913.757120,-13.672,-25.879,-33.203,-23.438
1789911913.761015,-11.719,-22.949,-36.621,-20.508
1789911913.764910,-10.742,-26.855,-38.086,-20.508
1789911913.768806,-10.254,-25.391,-34.668,-24.414
1789911913.772701,-4.883,-22.461,-36.133,-24.414
1789911913.776596,-4.883,-27.832,-36.621,-30.762
1789911913.780491,-1.465,-26.367,-37.109,-26.855
1789911913.784386,-10.254,-26.367,-44.922,-33.691
1789911913.788378,-13.672,-31.738,-45.898,-37.109
1789911913.792273,-8.789,-32.227,-40.527,-29.785
1789911913.796169,-11.230,-32.715,-37.598,-27.344
1789911913.800064,-16.602,-36.621,-41.992,-25.879
1789911913.803959,-11.719,-33.203,-44.922,-30.762
1789911913.807854,-2.441,-29.785,-41.016,-33.691
1789911913.811749,-11.230,-26.855,-40.039,-24.902
1789911913.815645,-5.371,-28.320,-41.016,-31.250
1789911913.819540,2.441,-27.832,-43.945,-35.645
1789911913.823435,-10.254,-25.879,-41.992,-29.785
1789911913.827331,-10.742,-29.785,-39.062,-16.602
1789911913.831226,-7.324,-26.855,-42.969,-14.648
1789911913.835192,-10.742,-28.809,-49.805,-25.879
1789911913.839087,-10.742,-26.367,-47.363,-32.715
1789911913.842982,-2.930,-20.508,-41.016,-36.133
1789911913.846878,-7.324,-22.461,-39.551,-39.551
1789911913.850773,-15.625,-21.484,-36.133,-38.086
1789911913.854668,-10.742,-24.902,-36.621,-33.203
1789911913.858563,-12.207,-28.320,-41.992,-27.344
1789911913.862459,-3.418,-25.879,-46.387,-26.367
1789911913.866354,8.301,-30.273,-44.922,-23.438
1789911913.870249,-1.465,-32.715,-42.480,-28.320
1789911913.874145,0.000,-27.832,-39.551,-35.156
1789911913.878040,6.836,-18.555,-35.645,-19.531
1789911913.881992,5.859,-12.207,-45.898,-17.090
1789911913.885887,1.465,-17.090,-43.457,-16.602
1789911913.889782,-0.488,-19.531,-41.992,-15.625
1789911913.893677,2.930,-23.438,-50.781,-21.973
1789911913.897573,4.395,-22.949,-53.223,-21.484
1789911913.901468,2.930,-22.461,-45.410,-22.949
1789911913.905363,-12.207,-26.367,-48.340,-24.902
1789911913.909259,-35.645,-28.320,-44.922,-34.668
1789911913.913154,-20.020,-32.227,-43.945,-41.016
1789911913.917049,-8.789,-29.785,-50.293,-25.879
1789911913.920945,-19.531,-30.273,-49.805,-24.414
1789911913.924840,-25.879,-34.180,-48.828,-30.762
1789911913.928896,-11.719,-29.785,0.000,-30.762
1789911913.932791,1.465,-25.879,0.000,-26.367
1789911913.936687,-9.766,-25.879,0.000,-24.902
1789911913.940582,-4.395,-30.762,0.000,-27.344
1789911913.944477,-1.953,-29.785,0.000,-24.902
1789911913.948373,-17.090,-25.391,0.000,-15.137
1789911913.952268,-18.066,-29.297,0.000,-9.766
1789911913.956163,-4.883,-26.855,0.000,-6.836
1789911913.960059,-1.953,-19.531,0.000,-4.883
1789911913.963954,-9.766,-19.043,0.000,-23.438
1789911913.967849,-17.578,-24.414,0.000,-28.320
1789911913.971745,-12.695,-22.461,0.000,-18.555
1789911913.975855,-12.207,-16.602,-46.875,-22.949
1789911913.979751,-6.836,-21.484,-49.805,-25.391
1789911913.983646,-0.977,-19.531,-46.875,-20.996
1789911913.987541,-17.090,-14.648,-42.969,-12.207
1789911913.991437,-18.066,-17.090,-41.016,-15.137
1789911913.995332,-19.531,-21.484,-39.551,-24.414
1789911913.999228,-23.438,-26.367,-39.551,-16.113
1789911914.003123,-20.996,-25.391,-36.621,-7.812
1789911914.007018,-14.648,-26.855,-38.086,-11.230
1789911914.010914,-3.906,-26.855,-41.016,-10.254
1789911914.014809,-3.906,-18.555,-46.387,-18.066
1789911914.018704,-20.996,-22.461,-52.246,-14.160
1789911914.022715,-18.066,-29.297,-52.734,-20.996
1789911914.026611,-7.324,-27.832,-52.246,-33.203
1789911914.030506,-8.789,-25.879,-53.223,-25.391
1789911914.034401,-2.930,-22.949,-50.781,-19.043
1789911914.038297,1.953,-24.414,-55.176,-27.344
1789911914.042192,-13.672,-28.320,-59.082,-29.297
1789911914.046088,-14.160,-26.367,-54.199,-30.762
1789911914.049983,-6.348,-24.902,-54.688,-30.273
1789911914.053878,0.977,-26.367,-52.246,-27.344
1789911914.057774,4.883,-29.297,-49.805,-28.809
1789911914.061669,3.906,-26.855,-54.199,-17.090
1789911914.065564,8.789,-27.344,-54.199,-5.371
1789911914.069566,10.742,-27.344,-48.340,-3.418
1789911914.073462,-5.371,-27.832,-50.293,-9.766
1789911914.077357,-14.648,-30.273,-50.781,-11.719
1789911914.081252,-5.371,-24.902,-44.434,-10.742
1789911914.085148,2.441,-25.879,-48.340,-13.184
1789911914.089043,1.465,-28.320,-48.340,-20.020
1789911914.092939,-13.672,-28.809,-48.828,-20.508
1789911914.096834,-13.672,-30.762,-42.480,-9.766
1789911914.100729,-1.465,-26.367,-37.598,-8.301
1789911914.104625,-0.977,-23.926,-41.992,-20.508
1789911914.108520,-3.906,-24.414,-42.969,-10.742
1789911914.112416,-5.859,-29.785,-44.434,-3.418
1789911914.116406,-14.648,-37.598,-43.457,-16.602
1789911914.120301,-18.066,-36.133,-45.898,-24.414
1789911914.124197,-17.578,-32.227,-52.734,-25.391
1789911914.128092,-16.602,-33.203,-45.898,-29.297
1789911914.131987,-10.254,-32.227,-44.922,-26.367
1789911914.135883,-3.418,-28.320,-53.711,-25.879
1789911914.139778,3.906,-26.367,-51.758,-18.066
1789911914.143674,13.672,-27.344,-48.828,0.488
1789911914.147569,14.648,-28.320,-47.852,-6.836
1789911914.151464,5.859,-30.273,-51.270,-13.184
1789911914.155360,3.418,-34.180,-50.781,-5.371
1789911914.159255,-2.441,-37.598,-50.293,-8.789
1789911914.163241,-4.883,-35.156,-52.734,-10.742
1789911914.167136,0.000,-28.809,-49.316,-9.766
1789911914.171032,0.000,-29.785,-49.805,-10.254
1789911914.174927,8.789,-33.691,-51.758,-7.324
1789911914.178823,-3.418,-35.156,-55.176,-11.719
1789911914.182718,-10.254,-36.133,-57.617,-17.090
1789911914.186614,-2.441,-31.250,-54.199,-13.672
1789911914.190509,-12.695,-31.738,-59.082,-7.812
1789911914.194404,-15.625,-40.039,-60.547,-18.066
1789911914.198300,-1.953,-31.250,-54.199,-26.855
1789911914.202195,0.000,-29.297,-60.059,-21.484
1789911914.206091,-6.348,-32.227,-60.059,-18.066
1789911914.210058,-10.254,-34.180,-60.059,-19.531
1789911914.213953,-29.785,-40.527,-63.477,-28.320
1789911914.217849,-32.715,-43.945,-62.988,-38.086
1789911914.221744,-23.926,-43.945,-61.523,-36.133
1789911914.225640,-22.949,-40.527,-63.965,-39.551
1789911914.229535,-25.391,-40.527,-64.941,-42.480
1789911914.233430,-6.348,-42.969,-62.988,-33.691
1789911914.237326,-8.789,-41.504,-69.824,-36.621
1789911914.241221,-37.598,-41.992,-65.918,-38.086
1789911914.245117,-40.527,-44.434,-56.641,-32.715
1789911914.249012,-35.156,-43.945,-57.129,-31.250
1789911914.252908,-25.391,-37.109,-50.781,-28.320
1789911914.256949,-11.230,-32.715,-43.945,-31.250
1789911914.260845,-1.465,-32.715,-46.875,-23.438
1789911914.264740,12.695,-31.738,-58.594,-15.625
1789911914.268636,-4.395,-33.691,-60.059,-19.531
1789911914.272531,-16.113,-39.551,-61.035,-25.391
1789911914.276427,-13.184,-45.898,-65.918,-25.879
1789911914.280322,-23.438,-47.363,-64.941,-19.531
1789911914.284218,-27.344,-46.875,-64.453,-22.461
1789911914.288113,-32.227,-48.828,-62.500,-27.832
1789911914.292009,-28.809,-51.758,-65.430,-26.367
1789911914.295904,-30.762,-48.828,-69.336,-25.391
1789911914.299800,-35.645,-44.922,-63.477,-21.973
1789911914.303848,0.000,-45.898,-58.594,-20.996
1789911914.307743,0.000,-42.480,-64.941,-28.809
1789911914.311639,0.000,-37.598,-62.988,-27.832
1789911914.315534,0.000,-33.691,-58.105,-33.203
1789911914.319430,0.000,-29.785,-59.082,-28.809
1789911914.323325,0.000,-34.180,-59.082,-22.461
1789911914.327221,0.000,-37.109,-62.500,-35.156
1789911914.331116,0.000,-34.668,-62.012,-40.039
1789911914.335012,0.000,-35.645,-60.059,-26.855
1789911914.338907,0.000,-36.621,-64.941,-18.066
1789911914.342803,0.000,-33.691,-62.500,-21.973
1789911914.346698,0.000,-39.551,-60.547,-40.039
1789911914.350812,-24.414,-47.852,-65.430,-43.457
1789911914.354707,-26.367,-50.293,-62.500,-31.250
1789911914.358603,-38.086,-51.270,-60.547,-36.621
1789911914.362498,-37.109,-47.363,-63.965,-48.828
1789911914.366394,-27.344,-45.898,-62.012,-35.645
1789911914.370289,-26.855,-44.434,-60.547,-33.203
1789911914.374185,-32.715,-41.992,-62.012,-42.480
1789911914.378080,-24.414,-42.480,-62.988,-41.016
1789911914.381976,-23.926,-40.527,-62.988,-41.992
1789911914.385871,-30.273,-40.527,-62.500,-38.574
1789911914.389767,-19.531,-43.457,-71.777,-36.133
1789911914.393662,-8.301,-41.504,-67.871,-38.574
1789911914.397676,-13.184,-39.551,-62.988,-36.133
1789911914.401571,-3.418,-39.062,-62.988,-32.715
1789911914.405467,9.277,-38.086,-61.523,-30.762
1789911914.409362,-3.418,-38.574,-65.918,-18.555
1789911914.413258,-15.625,-39.551,-65.918,-12.695
1789911914.417154,-13.672,-40.039,-64.453,-19.531
1789911914.421049,-13.184,-47.852,-68.359,-34.180
1789911914.424945,-11.719,-46.875,-69.336,-35.156
1789911914.428840,-12.207,-46.387,-68.848,-27.344
1789911914.432736,-2.441,-49.805,-68.359,-28.809
1789911914.436631,1.465,-41.016,-63.477,-29.297
1789911914.440527,6.348,-35.645,-62.012,-26.367
1789911914.444611,-8.301,-36.133,-61.523,-15.625
1789911914.448507,-19.043,-34.668,-63.477,-18.555
1789911914.452403,-10.254,-33.691,-69.824,-29.297
1789911914.456298,11.230,-29.297,-73.730,-34.180
1789911914.460194,12.207,-27.344,-68.359,-38.574
1789911914.464089,-6.836,-33.203,-63.477,-31.250
1789911914.467985,-13.184,-34.668,-67.383,-34.180
1789911914.471880,-19.531,-37.598,-69.336,-28.809
1789911914.475776,-24.902,-38.086,-65.430,-30.762
1789911914.479671,-22.949,-38.574,-65.430,-49.805
1789911914.483567,-15.137,-37.109,-65.430,-55.176
1789911914.487463,-19.531,-34.180,-63.477,-49.316
1789911914.491464,-22.949,-32.227,-67.383,-38.574
1789911914.495359,-13.184,-29.297,-65.918,-39.551
1789911914.499255,1.465,-30.762,-64.941,-40.039
1789911914.503150,0.977,-33.691,-67.383,-33.203
1789911914.507046,-17.090,-39.062,-68.848,-27.344
1789911914.510942,-20.996,-35.156,-66.895,-24.902
1789911914.514837,-10.254,-32.227,-59.082,-16.602
1789911914.518733,-3.418,-31.250,-61.035,-5.859
1789911914.522628,-1.953,-32.227,-56.152,-17.090
1789911914.526524,9.277,-33.691,-50.293,-18.555
1789911914.530420,7.324,-32.227,-54.688,-10.742
1789911914.534315,-11.719,-32.715,-55.664,-12.207
1789911914.538401,0.000,-28.320,0.000,-8.301
1789911914.542296,0.000,-25.391,0.000,-15.625
1789911914.546192,0.000,-27.344,0.000,-25.391
1789911914.550087,0.000,-24.902,0.000,-22.461
1789911914.553983,0.000,-27.832,0.000,-26.855
1789911914.557879,0.000,-34.668,0.000,-35.156
1789911914.561774,0.000,-35.156,0.000,-42.969
1789911914.565670,0.000,-35.645,0.000,-34.668
1789911914.569566,0.000,-32.227,0.000,-25.391
1789911914.573461,0.000,-27.832,0.000,-28.809
1789911914.577357,0.000,-26.855,0.000,-30.762
1789911914.581253,0.000,-21.484,0.000,-30.762
1789911914.585223,-24.902,-22.461,-44.922,-36.133
1789911914.589119,-41.992,-26.367,-41.504,-39.551
1789911914.593015,-45.410,-25.879,-44.922,-50.293
1789911914.596910,-45.410,-28.320,-42.480,-40.039
1789911914.600806,-46.387,-26.367,-38.574,-35.645
1789911914.604702,-60.059,-21.484,-42.969,-56.641
1789911914.608597,-60.547,-20.996,-41.992,-61.035
1789911914.612493,-61.035,-22.461,-38.086,-54.688
1789911914.616389,-75.684,-17.578,-40.527,-57.617
1789911914.620284,-66.406,-15.625,-47.363,-59.082
1789911914.624180,-56.152,-18.555,-42.969,-44.922
1789911914.628076,-54.688,-19.531,-38.086,-45.410
1789911914.632030,-55.664,-17.578,-44.922,-56.641
1789911914.635926,-52.246,-16.113,-42.969,-57.617
1789911914.639821,-48.828,-20.508,-39.551,-52.734
1789911914.643717,-55.176,-24.902,-41.992,-47.852
1789911914.647613,-52.246,-27.344,-40.527,-41.992
1789911914.651508,-45.898,-29.297,-35.645,-32.227
1789911914.655404,-49.316,-29.785,-37.109,-40.527
1789911914.659300,-49.805,-30.273,-42.480,-45.410
1789911914.663195,-47.852,-32.227,-42.969,-46.875
1789911914.667091,-41.504,-32.227,-42.969,-51.758
1789911914.670986,-28.809,-26.367,-37.598,-52.734
1789911914.674882,-25.879,-26.367,-31.738,-40.039
1789911914.679087,-37.109,-32.227,-39.062,-39.062
1789911914.682983,-37.109,-32.227,-40.527,-49.805
1789911914.686879,-23.926,-29.785,-38.086,-43.945
1789911914.690774,-28.809,-28.809,-39.062,-37.109
1789911914.694670,-26.855,-34.180,-42.480,-42.969
1789911914.698566,-11.719,-33.691,-47.363,-34.668
1789911914.702461,-9.766,-30.273,-49.805,-33.691
1789911914.706357,-11.719,-28.809,-50.293,-40.039
1789911914.710253,-13.184,-30.273,-51.270,-32.227
1789911914.714149,-16.602,-31.738,-52.734,-22.461
1789911914.718044,-7.812,-35.645,-53.711,-21.484
1789911914.721940,-7.324,-39.551,-47.852,-37.109
1789911914.725957,-6.836,-31.250,-44.922,-33.203
1789911914.729853,-1.465,-30.762,-51.270,-29.785
1789911914.733749,-10.742,-37.109,-52.734,-36.133
1789911914.737645,-14.648,-37.598,-47.363,-22.949
1789911914.741540,-11.230,-33.691,-43.945,-23.438
1789911914.745436,-3.418,-32.715,-49.805,-25.391
1789911914.749332,2.441,-36.621,-46.875,-21.484
1789911914.753227,5.859,-32.227,-48.828,-17.090
1789911914.757123,-4.395,-33.691,-53.223,-15.137
1789911914.761019,-12.695,-35.645,-49.316,-24.414
1789911914.764915,-5.859,-30.762,-49.316,-32.715
1789911914.768810,-10.254,-34.180,-49.805,-30.273
1789911914.772909,-8.301,-40.039,-50.781,-34.180
1789911914.776805,-7.812,-37.109,-55.176,-46.875
1789911914.780701,-15.625,-28.809,-58.594,-38.086
1789911914.784597,-23.926,-31.250,-51.270,-30.273
1789911914.788492,-29.785,-36.621,-45.898,-27.344
1789911914.792388,-19.531,-31.250,-47.852,-28.320
1789911914.796284,-20.508,-25.391,-47.852,-26.855
1789911914.800179,-21.973,-21.973,-47.852,-19.531
1789911914.804075,-24.902,-22.949,-49.316,-24.902
1789911914.807971,-33.203,-24.902,-47.852,-40.527
1789911914.811867,-17.090,-20.508,-36.621,-33.203
1789911914.815763,-19.043,-18.555,-30.762,-15.625
1789911914.819762,0.000,-27.344,-35.645,-26.367
1789911914.823658,0.000,-33.203,-45.410,-34.180
1789911914.827554,0.000,-29.785,-46.875,-32.227
1789911914.831450,0.000,-29.297,-40.527,-25.879
1789911914.835345,0.000,-27.832,-37.109,-16.602
1789911914.839241,0.000,-27.344,-39.062,-21.484
1789911914.843137,0.000,-32.227,-41.016,-22.949
1789911914.847033,0.000,-30.762,-34.668,-4.395
1789911914.850929,0.000,-30.762,-36.133,1.953
1789911914.854824,0.000,-31.250,-40.527,-3.418
1789911914.858720,0.000,-30.273,-42.480,-7.812
1789911914.862616,0.000,-33.691,-44.922,-6.836
1789911914.866599,-122.070,-35.645,-46.387,-13.184
1789911914.870495,-121.094,-35.156,-46.387,-27.344
1789911914.874391,-121.582,-31.738,-41.992,-27.344
1789911914.878286,-123.535,-22.949,-35.156,-22.461
1789911914.882182,-123.535,-24.414,-35.645,-32.715
1789911914.886078,-121.094,-32.715,-34.180,-39.062
1789911914.889974,-117.676,-34.668,-32.227,-35.645
1789911914.893870,-125.488,-33.203,-30.273,-41.504
1789911914.897765,-119.629,-32.227,-30.762,-39.062
1789911914.901661,-120.605,-38.086,-39.062,-37.109
1789911914.905557,-122.559,-41.992,-41.992,-41.016
1789911914.909453,-117.188,-41.016,-38.574,-31.250
1789911914.913425,-126.465,-38.574,-39.062,-29.297
1789911914.917321,-125.488,-39.551,-44.434,-26.367
1789911914.921216,-114.746,-42.480,-44.922,-25.391
1789911914.925112,-112.793,-38.574,-49.316,-36.621
1789911914.929008,-104.492,-32.227,-52.734,-32.715
1789911914.932904,-103.516,-27.344,-43.945,-35.645
1789911914.936800,-113.281,-33.203,-42.480,-41.992
1789911914.940696,-125.977,-38.086,-42.480,-34.668
1789911914.944591,-128.906,-38.086,-43.945,-35.156
1789911914.948487,-117.188,-41.016,-43.457,-41.992
1789911914.952383,-107.422,-37.109,-36.621,-26.367
1789911914.956279,-100.586,-35.156,-34.668,-10.742
1789911914.960329,-101.074,-33.691,-34.668,-22.461
1789911914.964225,-97.168,-33.691,-37.598,-32.715
1789911914.968121,-90.332,-36.133,-36.621,-37.109
1789911914.972016,-84.473,-35.645,-35.645,-36.133
1789911914.975912,-67.383,-29.785,-30.273,-28.320
1789911914.979808,-63.965,-27.344,-30.273,-27.832
1789911914.983704,-75.684,-33.203,-38.574,-20.508
1789911914.987600,-72.266,-37.109,-40.039,-25.879
1789911914.991496,-63.477,-35.156,-39.062,-30.762
1789911914.995391,-67.871,-31.738,-39.551,-19.531
1789911914.999287,-70.801,-34.180,-41.016,-29.297
1789911915.003183,-76.172,-36.621,-44.434,-39.062
1789911915.007235,-76.660,-31.250,-40.527,-38.086
1789911915.011131,-56.152,-22.461,-34.668,-32.715
1789911915.015027,-48.828,-29.297,-40.527,-26.855
1789911915.018923,-52.734,-39.062,-46.387,-39.062
1789911915.022819,-51.270,-35.645,-46.875,-34.180
1789911915.026715,-54.688,-37.598,-40.527,-19.531
1789911915.030610,-58.105,-40.039,-34.668,-22.461
1789911915.034506,-50.781,-35.156,-37.598,-20.996
1789911915.038402,-54.688,-33.691,-40.527,-34.180
1789911915.042298,-58.105,-32.715,-40.527,-35.156
1789911915.046194,-47.852,-37.598,-41.504,-30.762
1789911915.050090,-48.340,-38.574,-41.504,-40.527
1789911915.054052,-57.617,-29.785,-41.992,-36.621
1789911915.057947,-61.035,-29.785,-41.504,-32.227
1789911915.061843,-68.359,-37.109,-37.598,-34.668
1789911915.065739,-69.336,-37.109,-34.180,-41.992
1789911915.069635,-64.941,-15.137,-35.645,-36.621
1789911915.073531,-54.688,8.789,-35.645,-24.902
1789911915.077427,-44.922,12.207,-37.109,-35.645
1789911915.081323,-54.688,7.812,-39.062,-47.363
1789911915.085218,-65.430,5.859,-34.180,-45.410
1789911915.089114,-61.523,4.883,-33.691,-31.738
1789911915.093010,-50.781,1.953,-32.715,-16.113
1789911915.096906,-47.363,0.488,-32.715,-21.484
1789911915.100925,-50.781,-5.371,-40.039,-19.043
1789911915.104821,-54.688,-12.207,-41.016,-20.996
1789911915.108717,-63.477,-14.160,-40.527,-34.668
1789911915.112613,-65.430,-13.184,-38.574,-39.551
1789911915.116509,-59.082,-13.184,-34.668,-36.621
1789911915.120405,-53.711,-10.742,-31.250,-20.996
1789911915.124300,-41.992,-11.230,-33.203,-20.020
1789911915.128196,-46.875,-16.113,-34.180,-25.879
1789911915.132092,-51.270,-23.926,-30.273,-19.531
1789911915.135988,-34.180,-26.855,-31.738,-22.461
1789911915.139884,-30.762,-22.949,-30.273,-20.508
1789911915.143780,-38.086,-25.879,-25.391,-14.648
1789911915.147786,-28.320,-32.227,-23.926,-20.508
1789911915.151682,-27.832,-32.715,-27.344,-27.832
1789911915.155578,-42.480,-32.715,-30.273,-28.809
1789911915.159474,-29.297,-27.344,-26.855,-24.902
1789911915.163370,-20.996,-18.066,-28.320,-24.414
1789911915.167266,-44.434,-26.367,-28.809,-32.227
1789911915.171162,-43.945,-37.109,-31.738,-32.715
1789911915.175057,-35.645,-36.621,-28.809,-39.062
1789911915.178953,-37.598,-32.227,-21.973,-34.180
1789911915.182849,-28.320,-34.668,-26.855,-19.531
1789911915.186745,-17.578,-28.809,-28.809,-24.902
1789911915.190641,-21.973,-29.297,-39.062,-30.273
1789911915.194633,-23.926,-23.926,-31.738,-19.043
1789911915.198529,-4.883,-12.207,-11.719,-13.672
1789911915.202425,2.441,-15.137,-22.949,-19.531
1789911915.206321,-12.207,-14.648,-31.250,-22.949
1789911915.210217,-28.320,-25.391,-36.621,-26.855
1789911915.214113,-36.133,-41.504,-38.574,-38.574
1789911915.218009,-35.156,-41.016,-39.551,-53.711
1789911915.221905,-31.250,-38.086,-38.086,-45.410
1789911915.225801,-32.715,-46.875,-31.250,-33.691
1789911915.229697,-59.570,-60.547,-40.039,-52.734
1789911915.233593,-54.199,-65.430,-32.715,-46.387
1789911915.237489,-24.414,-70.312,-22.461,-18.555
1789911915.241487,-41.504,-86.426,-38.574,-26.855
1789911915.245383,-31.738,-85.938,-39.062,-33.691
1789911915.249279,-0.977,-95.703,-28.320,-22.461
1789911915.253175,-30.762,-126.953,-44.434,-44.922
1789911915.257071,-44.922,-153.320,-62.012,-66.895
1789911915.260967,-31.250,-162.109,-57.617,-51.270
1789911915.264863,-44.434,-177.734,-69.336,-60.547
1789911915.268759,-76.172,-196.777,-90.820,-80.566
1789911915.272655,-99.121,-221.680,-97.656,-94.727
1789911915.276550,-115.234,-263.184,-105.469,-121.582
1789911915.280446,-118.164,-289.062,-113.770,-132.812
1789911915.284342,-106.445,-320.801,-123.047,-140.625
1789911915.288317,-103.516,-359.863,-140.137,-158.691
1789911915.292213,-96.680,-372.070,-153.809,-170.410
1789911915.296109,-74.707,-394.043,-153.320,-161.133
1789911915.300005,-54.199,-422.852,-145.020,-155.762
1789911915.303901,-63.965,-436.035,-152.832,-159.668
1789911915.307797,-53.711,-444.824,-158.691,-163.086
1789911915.311693,-56.152,-462.402,-168.945,-178.711
1789911915.315589,-111.328,-511.230,-204.102,-212.402
1789911915.319485,-151.367,-562.988,-237.793,-252.441
1789911915.323381,-148.438,-601.562,-258.301,-264.160
1789911915.327277,-169.922,-658.691,-280.762,-282.227
1789911915.331173,-200.684,-698.242,-299.316,-307.129
1789911915.335304,0.000,-717.773,-314.941,-327.637
1789911915.339200,0.000,-734.863,-312.500,-328.125
1789911915.343096,0.000,-742.676,-298.828,-312.500
1789911915.346992,0.000,-733.398,-295.410,-299.316
1789911915.350888,0.000,-742.188,-300.293,-305.176
1789911915.354784,0.000,-762.207,-307.617,-316.895
1789911915.358680,0.000,-755.371,-292.969,-307.617
1789911915.362576,0.000,-759.277,-279.785,-315.430
1789911915.366472,0.000,-787.598,-316.406,-347.656
1789911915.370368,0.000,-805.664,-354.004,-379.883
1789911915.374264,0.000,-795.410,-355.957,-386.719
1789911915.378160,0.000,-773.926,-346.191,-371.094
1789911915.382109,-243.164,-745.605,-333.984,-358.398
1789911915.386005,-237.793,-714.355,-319.336,-338.867
1789911915.389901,-237.793,-701.660,-314.453,-342.285
1789911915.393797,-241.699,-688.477,-319.336,-356.934
1789911915.397693,-231.445,-658.691,-311.035,-337.402
1789911915.401589,-227.051,-637.207,-306.152,-329.102
1789911915.405485,-218.750,-617.188,-305.176,-330.566
1789911915.409381,-229.492,-604.004,-309.082,-332.031
1789911915.413277,-236.328,-586.426,-308.594,-336.914
1789911915.417173,-218.262,-555.176,-288.574,-313.965
1789911915.421069,-195.801,-513.184,-270.020,-280.273
1789911915.424965,-190.918,-483.398,-254.395,-270.996
1789911915.428991,-182.617,-458.984,-242.676,-265.137
1789911915.432887,-160.156,-419.922,-219.727,-238.281
1789911915.436783,-153.320,-406.250,-219.238,-239.746
1789911915.440679,-148.438,-393.555,-228.516,-249.023
1789911915.444575,-162.109,-365.723,-218.262,-232.910
1789911915.448471,-173.340,-345.703,-205.566,-222.168
1789911915.452367,-171.875,-343.750,-203.613,-235.352
1789911915.456263,-170.410,-338.867,-203.613,-231.934
1789911915.460159,-151.367,-302.246,-193.848,-207.520
1789911915.464055,-151.855,-288.574,-190.918,-201.172
1789911915.467951,-166.504,-293.457,-197.266,-208.984
1789911915.471847,-161.621,-277.832,-193.359,-215.820
1789911915.475871,0.000,-267.090,-190.430,-202.148
1789911915.479767,0.000,-254.883,-181.641,-182.617
1789911915.483663,0.000,-273.926,-200.195,-206.055
1789911915.487559,0.000,-295.898,-224.121,-229.004
1789911915.491455,0.000,-283.203,-209.961,-215.332
1789911915.495351,0.000,-268.066,-193.359,-214.844
1789911915.499247,0.000,-258.789,-185.059,-207.520
1789911915.503143,0.000,-264.160,-194.336,-200.195
1789911915.507039,0.000,-260.742,-191.406,-206.055
1789911915.510935,0.000,-239.746,-180.176,-190.430
1789911915.514831,0.000,-224.121,-178.711,-181.641
1789911915.518727,0.000,-210.938,-177.246,-183.594
1789911915.522815,-133.301,-200.684,-169.434,-168.457
1789911915.526711,-132.324,-207.520,-176.758,-180.176
1789911915.530608,-161.621,-214.844,-188.477,-193.359
1789911915.534504,-163.086,-210.938,-185.547,-187.012
1789911915.538400,-156.738,-206.055,-181.152,-191.895
1789911915.542296,-147.461,-205.078,-176.758,-182.617
1789911915.546192,-145.020,-195.801,-171.875,-160.645
1789911915.550088,-149.902,-187.500,-165.527,-177.734
1789911915.553984,-143.066,-187.012,-156.738,-176.270
1789911915.557880,-136.230,-187.988,-147.949,-151.855
1789911915.561776,-125.977,-181.641,-145.996,-157.715
1789911915.565672,-123.535,-171.387,-126.953,-152.832
1789911915.569666,-109.863,-162.109,-119.629,-139.160
1789911915.573562,-90.332,-161.133,-138.184,-134.766
1789911915.577458,-96.191,-161.621,-140.137,-141.602
1789911915.581354,-101.074,-153.809,-128.418,-141.602
1789911915.585250,-103.027,-144.531,-123.047,-132.324
1789911915.589146,-100.586,-137.695,-121.582,-121.094
1789911915.593043,-86.426,-132.812,-119.629,-114.258
1789911915.596939,-79.102,-125.488,-111.328,-110.352
1789911915.600835,-83.008,-122.070,-100.098,-112.793
1789911915.604731,-71.777,-122.559,-104.492,-113.281
1789911915.608627,-65.430,-117.676,-99.121,-108.887
1789911915.612523,-73.730,-110.840,-93.262,-94.727
1789911915.616510,-81.055,-109.863,-100.098,-92.285
1789911915.620406,-79.102,-105.957,-94.727,-96.191
1789911915.624302,-62.988,-96.191,-87.402,-90.820
1789911915.628198,-58.105,-88.867,-90.820,-96.680
1789911915.632094,-65.918,-87.402,-82.031,-88.867
1789911915.635991,-73.730,-84.473,-74.707,-84.473
1789911915.639887,-78.125,-69.336,-78.613,-86.914
1789911915.643783,-59.570,-56.152,-68.848,-79.590
1789911915.647679,-43.945,-62.012,-55.176,-78.125
1789911915.651575,-40.039,-58.105,-48.828,-78.125
1789911915.655471,-24.902,-40.039,-39.551,-57.617
1789911915.659367,-21.973,-41.504,-31.250,-44.922
1789911915.663611,-22.949,-51.758,-33.203,6.348
1789911915.667508,-15.137,-43.457,-38.574,9.277
1789911915.671404,-18.555,-34.668,-35.645,11.230
1789911915.675300,-39.062,-27.832,-22.949,14.648
1789911915.679196,-32.715,-22.461,-20.508,17.090
1789911915.683092,-8.301,-22.949,-30.273,27.344
1789911915.686988,-14.160,-25.879,-30.273,16.602
1789911915.690885,-12.695,-18.066,-20.508,12.207
1789911915.694781,-0.977,-10.254,-7.324,15.137
1789911915.698677,5.859,-1.465,-2.441,5.859
1789911915.702573,21.973,4.883,21.484,7.812
1789911915.706469,13.672,0.977,67.871,-0.488
1789911915.710594,1.953,4.883,72.266,0.000
1789911915.714490,6.348,13.184,64.941,0.000
1789911915.718386,10.254,17.578,64.453,0.000
1789911915.722282,17.090,18.066,66.406,0.000
1789911915.726178,23.438,23.438,61.523,0.000
1789911915.730075,10.742,28.809,55.664,0.000
1789911915.733971,2.930,26.367,52.734,0.000
1789911915.737867,-19.531,32.715,47.363,0.000
1789911915.741763,-55.664,38.574,51.270,0.000
1789911915.745659,-64.941,32.227,50.293,0.000
1789911915.749556,-69.824,35.156,41.992,0.000
1789911915.753452,-79.102,40.527,41.016,0.000
1789911915.757414,-83.496,42.480,42.969,-5.371
1789911915.761310,-85.449,41.992,43.457,-8.301
1789911915.765206,-76.172,54.199,49.316,-4.395
1789911915.769102,-56.641,79.102,71.777,14.648
1789911915.772998,-52.246,97.656,86.426,32.715
1789911915.776895,-42.480,106.445,92.773,46.387
1789911915.780791,-31.738,108.887,92.773,48.340
1789911915.784687,-26.855,115.723,82.520,48.828
1789911915.788583,-34.668,117.188,77.637,51.270
1789911915.792479,-43.945,116.699,80.078,53.223
1789911915.796376,-47.363,111.816,81.055,49.316
1789911915.800272,-46.875,109.375,75.195,43.457
1789911915.804382,-40.039,113.770,73.730,47.852
1789911915.808279,-36.621,116.211,72.266,49.805
1789911915.812175,-32.715,114.746,72.266,46.387
1789911915.816071,-22.461,111.816,66.895,47.363
1789911915.819967,-29.297,115.723,60.547,38.574
1789911915.823864,-45.410,114.258,57.129,38.086
1789911915.827760,-41.504,110.840,51.758,42.969
1789911915.831656,-29.297,117.188,60.547,41.992
1789911915.835552,-12.695,131.348,76.172,57.617
1789911915.839448,5.371,139.648,74.707,72.754
1789911915.843345,-10.742,130.859,63.965,57.617
1789911915.847241,-23.926,111.816,63.477,32.227
1789911915.851253,-19.043,117.188,68.359,22.461
1789911915.855149,-21.973,135.742,70.801,26.367
1789911915.859045,-20.996,130.859,67.383,28.809
1789911915.862941,-32.227,124.023,69.824,20.996
1789911915.866838,-47.852,133.789,76.172,13.672
1789911915.870734,-51.758,145.020,81.543,3.906
1789911915.874630,-62.012,139.648,82.520,-10.742
1789911915.878526,-85.938,139.160,70.312,-40.039
1789911915.882423,-97.168,144.531,67.383,-44.434
1789911915.886319,-105.469,138.672,75.684,-59.082
1789911915.890215,-131.836,134.277,73.730,-93.750
1789911915.894111,-148.438,141.113,72.266,-93.262
1789911915.898118,0.000,150.879,79.590,-83.496
1789911915.902014,0.000,149.902,83.496,-91.309
1789911915.905910,0.000,143.066,82.520,-104.980
1789911915.909806,0.000,140.625,83.008,-101.074
1789911915.913703,0.000,137.207,80.078,-106.445
1789911915.917599,0.000,133.789,72.754,-112.305
1789911915.921495,0.000,133.301,73.242,-105.957
1789911915.925392,0.000,136.719,73.730,-94.238
1789911915.929288,0.000,136.230,80.566,-77.637
1789911915.933184,0.000,135.254,82.031,-71.289
1789911915.937080,0.000,147.949,80.078,-57.129
1789911915.940977,0.000,155.273,86.914,-46.387
1789911915.945049,-82.520,152.344,86.914,-48.340
1789911915.948946,-74.219,156.738,78.613,-46.875
1789911915.952842,-68.848,151.855,66.895,-56.641
1789911915.956738,-68.848,147.949,56.641,-55.664
1789911915.960634,-70.312,150.879,53.223,-44.922
1789911915.964531,-67.383,146.484,54.688,-30.762
1789911915.968427,-65.918,132.324,48.828,-21.973
1789911915.972323,-62.500,129.883,43.457,-11.719
1789911915.976220,-56.641,133.789,37.109,-7.812
1789911915.980116,-56.641,128.418,31.250,-24.414
1789911915.984012,-52.246,123.535,32.227,-18.066
1789911915.987909,-47.363,117.676,25.879,-10.742
1789911915.991899,0.000,115.723,0.000,-3.418
1789911915.995795,0.000,111.328,0.000,2.930
1789911915.999691,0.000,104.492,0.000,11.719
1789911916.003588,0.000,101.562,0.000,1.953
1789911916.007484,0.000,98.633,0.000,-8.301
1789911916.011380,0.000,103.516,0.000,9.766
1789911916.015277,0.000,111.328,0.000,3.418
1789911916.019173,0.000,109.375,0.000,-2.930
1789911916.023069,0.000,102.051,0.000,8.301
1789911916.026966,0.000,106.445,0.000,16.602
1789911916.030862,0.000,120.117,0.000,17.090
1789911916.034758,0.000,125.977,0.000,20.020
1789911916.038730,-0.488,123.535,-28.320,23.926
1789911916.042626,5.859,117.676,-35.156,15.625
1789911916.046523,11.230,114.746,-28.320,14.160
1789911916.050419,5.859,112.793,-27.832,22.949
1789911916.054315,-1.953,107.910,-35.156,14.648
1789911916.058212,-2.930,100.586,-41.016,17.578
1789911916.062108,1.465,97.168,-39.551,31.250
1789911916.066004,10.254,94.727,-34.180,36.621
1789911916.069901,11.230,92.773,-34.180,21.484
1789911916.073797,7.812,92.285,-30.762,11.230
1789911916.077693,25.391,91.309,-24.902,18.555
1789911916.081589,28.809,91.309,-25.391,20.020
1789911916.085566,17.578,94.727,-24.902,27.344
1789911916.089463,14.160,92.285,-30.273,20.996
1789911916.093359,9.766,89.844,-33.691,6.836
1789911916.097255,17.090,94.727,-32.227,20.508
1789911916.101151,21.973,93.262,-31.250,28.809
1789911916.105048,38.086,86.426,-26.367,28.320
1789911916.108944,50.781,83.008,-25.391,30.273
1789911916.112841,38.574,81.543,-28.809,36.133
1789911916.116737,27.344,79.102,-30.273,41.504
1789911916.120633,34.180,80.566,-29.297,45.410
1789911916.124530,50.293,78.613,-26.855,44.434
1789911916.128426,44.922,73.242,-26.367,46.387
1789911916.132376,37.109,70.801,-29.297,46.387
1789911916.136272,34.180,67.871,-31.250,40.527
1789911916.140169,36.621,68.848,-29.785,34.668
1789911916.144065,41.504,61.523,-28.809,27.832
1789911916.147961,29.297,51.270,-26.855,26.367
1789911916.151858,31.738,50.781,-21.484,28.320
1789911916.155754,32.715,47.363,-23.438,24.414
1789911916.159651,24.902,45.898,-26.367,26.367
1789911916.163547,39.551,46.875,-23.438,27.832
1789911916.167443,38.086,40.039,-23.438,21.973
1789911916.171340,33.691,33.691,-29.785,9.766
1789911916.175236,32.715,30.273,-34.668,10.254
1789911916.179280,19.531,34.668,-30.273,3.906
1789911916.183177,11.719,39.062,-25.879,-6.348
1789911916.187073,14.160,38.086,-24.414,13.184
1789911916.190969,28.809,34.668,-22.949,17.090
1789911916.194866,37.598,37.109,-20.020,10.254
1789911916.198762,35.156,39.551,-17.090,6.836
1789911916.202659,26.367,38.086,-20.996,-2.930
1789911916.206555,10.254,28.320,-27.344,-4.883
1789911916.210451,11.230,17.090,-28.320,-6.836
1789911916.214348,18.555,17.578,-25.879,-4.883
1789911916.218244,6.836,20.508,-26.367,-0.488
1789911916.222140,0.488,16.113,-29.785,-15.137
1789911916.226234,-0.977,9.277,-32.715,-27.832
1789911916.230130,5.371,10.254,-34.180,-6.348
1789911916.234027,14.648,15.137,-30.762,7.812
1789911916.237923,27.344,20.996,-24.902,-4.883
1789911916.241820,29.785,22.949,-23.438,-6.836
1789911916.245716,6.836,20.996,-21.973,-2.441
1789911916.249612,10.742,18.066,-22.461,2.930
1789911916.253509,14.160,15.137,-22.461,-5.859
1789911916.257405,1.953,11.230,-22.949,-5.371
1789911916.261302,5.371,10.254,-26.855,8.789
1789911916.265198,1.953,6.348,-26.367,-6.836
1789911916.269094,2.441,2.930,-25.391,-13.672
1789911916.273175,-0.977,6.348,-28.320,-10.254
1789911916.277071,-13.184,4.883,-26.367,-8.301
1789911916.280968,-16.602,3.906,-21.973,-8.789
1789911916.284864,-4.883,0.000,-20.508,-8.789
1789911916.288761,2.930,1.465,-18.555,-16.602
1789911916.292657,1.953,13.672,-17.578,-16.602
1789911916.296554,1.953,20.020,-13.672,-2.441
1789911916.300450,-3.418,20.996,-7.812,3.418
1789911916.304346,3.418,19.043,-14.648,0.000
1789911916.308243,10.742,16.113,-18.066,-6.348
1789911916.312139,13.672,19.043,-17.578,2.441
1789911916.316036,14.160,17.090,-10.742,6.348
1789911916.320024,11.719,12.695,-8.301,0.000
1789911916.323921,0.977,12.695,-18.066,-0.488
1789911916.327817,-10.254,7.324,-16.113,-4.883
1789911916.331714,-14.160,3.418,-16.602,-3.418
1789911916.335610,-10.742,4.883,-21.484,6.836
1789911916.339507,3.418,6.348,-22.461,8.789
1789911916.343403,7.812,5.371,-22.949,-0.488
1789911916.347300,-0.977,2.930,-20.508,-5.371
1789911916.351196,-16.113,2.930,-16.113,0.488
1789911916.355092,-14.648,1.465,-12.695,4.395
1789911916.358989,1.465,0.000,-11.719,3.418
1789911916.362885,3.906,-2.930,-16.113,-2.441
1789911916.366947,-12.695,-7.324,-18.555,-17.578
1789911916.370843,-14.648,-8.789,-19.043,-23.438
1789911916.374740,1.465,-2.441,-20.508,-11.719
1789911916.378636,4.395,5.371,-20.508,-6.836
1789911916.382533,-3.906,5.859,-14.160,1.953
1789911916.386429,-7.812,3.418,-13.184,5.371
1789911916.390326,-3.418,4.883,-16.602,-13.184
1789911916.394222,6.348,4.883,-18.555,-15.625
1789911916.398119,7.812,1.953,-13.672,-0.488
1789911916.402015,-7.812,1.465,-14.648,-11.230
1789911916.405912,-9.766,-1.465,-25.879,-16.602
1789911916.409808,7.812,2.930,-23.926,-1.953
1789911916.413775,19.043,9.766,-10.254,11.719
1789911916.417672,12.695,7.324,-7.324,17.578
1789911916.421568,9.277,9.277,-7.324,12.695
1789911916.425465,13.672,15.625,-9.277,3.906
1789911916.429361,-0.977,9.277,-23.438,-11.230
1789911916.433258,-4.395,8.789,-13.672,0.000
1789911916.437154,-2.930,7.324,-6.348,1.465
1789911916.441051,-13.184,-0.488,-13.672,-21.973
1789911916.444947,-4.883,5.859,-8.301,-22.949
1789911916.448843,3.418,7.812,-12.207,-20.020
1789911916.452740,0.000,-0.488,-17.578,-7.324
1789911916.456636,-6.348,-2.441,-10.742,-5.859
1789911916.460672,-5.371,2.930,-8.789,-9.277
1789911916.464569,7.324,6.836,-15.137,1.953
1789911916.468465,6.348,4.395,-19.531,-6.348
1789911916.472362,2.930,-4.395,-21.973,-22.949
1789911916.476258,0.488,-10.742,-23.438,-26.367
1789911916.480155,-5.371,-9.277,-20.020,-17.578
1789911916.484051,-6.348,-4.883,-23.926,7.324
1789911916.487948,-13.672,-6.348,-28.320,-5.859
1789911916.491844,-20.508,-5.859,-27.344,-28.320
1789911916.495741,-13.672,-2.930,-30.762,-24.414
1789911916.499637,-9.766,-3.906,-30.762,-23.438
1789911916.503534,-17.090,-4.883,-32.227,-23.438
1789911916.507484,-19.531,-12.695,-29.297,-20.996
1789911916.511381,-14.160,-13.184,-26.367,-17.578
1789911916.515277,-6.836,-8.301,-20.508,-22.461
1789911916.519174,4.883,-8.301,-16.113,-17.578
1789911916.523071,2.441,-8.789,-23.926,-8.789
1789911916.526967,-8.789,-15.137,-21.484,-1.953
1789911916.530864,-6.348,-17.090,-19.531,-10.742
1789911916.534760,3.906,-10.742,-24.414,-16.113
1789911916.538656,6.348,-6.348,-20.996,-13.184
1789911916.542553,-5.371,-7.812,-17.578,-14.160
1789911916.546449,-12.695,-11.719,-20.020,-13.672
1789911916.550346,-6.836,-10.742,-22.949,-22.461
1789911916.554369,-6.348,-8.301,-19.531,-18.555
1789911916.558266,-13.184,-7.812,-15.137,-11.230
1789911916.562162,-22.949,-5.859,-12.207,-6.348
1789911916.566059,-31.250,-10.254,-11.230,-9.766
1789911916.569956,-25.879,-15.625,-13.184,-17.578
1789911916.573852,-18.555,-15.137,-20.020,-13.184
1789911916.577749,-21.484,-16.602,-20.996,-14.160
1789911916.581645,-14.160,-19.043,-20.996,-23.438
1789911916.585542,-14.160,-17.090,-19.531,-12.695
1789911916.589438,-21.484,-15.625,-15.625,-1.953
1789911916.593335,-12.207,-21.484,-18.066,-16.602
1789911916.597231,-18.066,-27.344,-23.926,-20.996
1789911916.601331,-22.461,-26.855,-25.391,-20.508
1789911916.605227,-20.508,-26.855,-24.902,-19.043
1789911916.609124,-14.648,-30.762,-24.414,-21.484
1789911916.613021,-7.812,-25.391,-16.113,-24.414
1789911916.616917,-15.625,-27.344,-21.973,-20.508
1789911916.620814,-24.414,-31.250,-28.320,-21.973
1789911916.624710,-45.898,-25.391,-20.508,-16.113
1789911916.628607,-76.172,-22.461,-16.113,-13.184
1789911916.632503,-99.609,-19.531,-11.230,-5.859
1789911916.636400,-113.770,-17.090,-8.789,-3.418
1789911916.640296,-137.695,-17.090,-16.113,-20.020
1789911916.644193,-144.043,-21.484,-15.137,-23.438
1789911916.648190,-137.207,-16.602,-7.812,-16.113
1789911916.652087,-145.020,-14.160,-10.254,-21.973
1789911916.655984,-156.738,-21.484,-20.020,-30.762
1789911916.659880,-154.297,-19.531,-13.672,-20.996
1789911916.663777,-142.578,-20.020,-6.348,-11.719
1789911916.667673,-139.648,-22.461,-12.207,-13.184
1789911916.671570,-133.789,-24.902,-15.137,-17.090
1789911916.675467,-130.859,-24.902,-20.020,-16.113
1789911916.679363,-122.559,-24.414,-19.531,-14.160
1789911916.683260,-115.723,-21.484,-14.160,-20.996
1789911916.687156,-117.676,-18.066,-9.277,-22.949
1789911916.691053,-104.004,-16.113,-7.324,-12.207
1789911916.695128,-91.797,-14.160,-15.625,0.000
1789911916.699024,-106.934,-18.555,-16.113,-7.324
1789911916.702921,-114.746,-24.902,-12.695,-16.113
1789911916.706817,-96.191,-21.484,-15.137,-16.602
1789911916.710714,-83.984,-19.531,-18.066,-16.113
1789911916.714611,-92.773,-20.020,-21.973,-34.668
1789911916.718507,-97.168,-18.555,-27.832,-43.945
1789911916.722404,-96.191,-22.949,-31.250,-40.039
1789911916.726300,-104.004,-17.578,-25.879,-41.504
1789911916.730197,-98.145,-8.789,-22.461,-33.691
1789911916.734094,-101.074,-9.766,-28.320,-34.668
1789911916.737990,-117.676,-12.695,-31.738,-37.598
1789911916.742127,-112.793,-20.996,-28.320,-43.945
1789911916.746024,-101.074,-17.578,-23.926,-37.598
1789911916.749920,-98.145,-16.113,-26.855,-24.414
1789911916.753817,-92.285,-18.555,-32.715,-34.180
1789911916.757714,-93.750,-18.066,-30.273,-36.133
1789911916.761610,-95.703,-20.020,-28.809,-29.785
1789911916.765507,-85.938,-20.996,-31.738,-33.203
1789911916.769403,-79.102,-27.344,-34.668,-34.180
1789911916.773300,-82.520,-28.809,-36.133,-21.973
1789911916.777197,-78.125,-30.273,-32.715,-25.879
1789911916.781093,-69.336,-28.320,-28.809,-28.809
1789911916.784990,-64.941,-21.973,-29.785,-29.297
1789911916.788954,-72.266,-22.461,-36.621,-31.250
1789911916.792851,-84.961,-24.414,-37.109,-29.785
1789911916.796747,-62.012,-22.949,-31.250,-29.785
1789911916.800644,-40.527,-14.648,-25.391,-13.672
1789911916.804541,-53.711,-7.812,-25.879,-11.230
1789911916.808437,-57.129,-7.812,-28.320,-24.902
1789911916.812334,-50.293,-6.836,-29.297,-23.926
1789911916.816231,-49.316,-7.324,-33.691,-22.461
1789911916.820127,-47.363,-11.230,-32.715,-23.438
1789911916.824024,-47.363,-12.207,-30.273,-22.949
1789911916.827920,-41.504,-14.160,-27.344,-17.090
1789911916.831817,-24.414,-12.695,-28.809,-15.625
1789911916.835868,-41.504,-14.648,-32.227,-25.391
1789911916.839765,-51.270,-13.672,-33.691,-27.832
1789911916.843661,-34.668,-11.230,-32.227,-29.785
1789911916.847558,-41.016,-12.695,-29.785,-34.668
1789911916.851455,-28.320,-9.277,-28.320,-34.668
1789911916.855351,-15.625,-10.254,-20.996,-22.461
1789911916.859248,-25.879,-10.742,-20.508,-12.207
1789911916.863145,-29.785,-16.602,-27.832,-13.672
1789911916.867041,-33.203,-16.602,-27.344,-20.996
1789911916.870938,-29.297,-14.648,-27.832,-21.484
1789911916.874835,-29.785,-20.996,-30.273,-14.648
1789911916.878731,-33.203,-22.949,-27.832,-14.648
1789911916.882676,-13.672,-21.973,-26.855,-15.625
1789911916.886573,-12.207,-18.066,-26.367,-16.602
1789911916.890470,-23.926,-14.648,-22.949,-20.508
1789911916.894367,-11.230,-14.648,-19.043,-13.672
1789911916.898263,-8.301,-17.090,-16.113,-7.812
1789911916.902160,-2.930,-16.113,-10.254,-14.160
1789911916.906056,2.930,-10.254,-11.230,-20.508
1789911916.909953,-8.301,-10.742,-11.719,-21.484
1789911916.913850,-13.672,-10.742,-15.625,-20.508
1789911916.917747,-12.695,-7.324,-21.484,-19.531
1789911916.921643,-4.395,-8.789,-20.020,-6.836
1789911916.925540,-11.230,-9.277,-17.578,0.488
1789911916.929566,-15.137,-11.719,-20.996,-7.812
1789911916.933463,-9.277,-9.766,-23.926,-14.160
1789911916.937360,-11.230,-11.230,-19.043,-11.230
1789911916.941257,0.488,-14.160,-20.020,-8.301
1789911916.945153,2.930,-12.695,-24.414,-2.930
1789911916.949050,-9.766,-9.766,-21.484,-7.324
1789911916.952947,-11.230,-12.207,-14.648,-9.277
1789911916.956843,-3.906,-18.066,-19.043,-9.277
1789911916.960740,-0.488,-14.648,-16.602,-1.465
1789911916.964637,3.906,-10.742,-10.742,2.930
1789911916.968534,7.812,-13.672,-22.949,-13.672
1789911916.972430,0.977,-18.066,-25.391,-20.508
1789911916.976436,2.441,-19.531,-20.020,-17.578
1789911916.980333,3.906,-17.578,-14.160,-14.648
1789911916.984230,-7.812,-20.508,-16.602,-13.184
1789911916.988127,-4.395,-21.484,-20.508,-12.207
1789911916.992023,0.488,-19.531,-14.648,-0.488
1789911916.995920,-6.348,-22.461,-16.602,-11.719
1789911916.999817,-11.719,-25.391,-22.461,-20.020
1789911917.003713,-12.207,-22.461,-17.578,-20.508
1789911917.007610,-13.184,-17.090,-17.090,-14.648
1789911917.011507,-14.648,-20.996,-25.391,-9.277
1789911917.015404,-5.859,-20.508,-17.090,-12.695
1789911917.019300,10.742,-15.137,-14.160,-4.395
1789911917.023297,28.320,-11.230,-25.879,-10.742
1789911917.027194,18.555,-14.160,-24.414,-17.578
1789911917.031090,11.719,-17.090,-18.066,-20.508
1789911917.034987,15.137,-17.090,-23.438,-20.996
1789911917.038884,10.254,-18.555,-20.508,-11.719
1789911917.042781,17.090,-19.043,-12.695,-5.859
1789911917.046677,29.297,-22.949,-14.648,-15.137
1789911917.050574,38.086,-22.949,-19.531,-16.602
1789911917.054471,30.273,-21.484,-21.484,-15.625
1789911917.058367,15.625,-21.484,-25.879,-16.602
1789911917.062264,14.648,-22.949,-24.902,-14.648
1789911917.066161,25.391,-22.461,-17.578,-13.184
1789911917.070306,26.855,-21.973,-14.648,-3.418
1789911917.074203,25.391,-20.020,-12.695,-4.395
1789911917.078099,30.273,-19.531,-13.184,-7.324
1789911917.081996,27.344,-23.438,-15.137,-5.859
1789911917.085893,24.902,-26.855,-18.555,-8.789
1789911917.089790,32.715,-27.344,-20.508,-17.578
1789911917.093687,32.227,-25.879,-17.090,-12.695
1789911917.097583,28.320,-18.066,-17.578,-1.465
1789911917.101480,33.203,-12.695,-21.484,-4.883
1789911917.105377,33.203,-16.602,-22.949,-17.090
1789911917.109274,23.438,-16.113,-22.461,-21.484
1789911917.113170,21.973,-13.672,-23.926,-17.090
1789911917.117226,39.551,-11.719,-21.484,-20.020
1789911917.121123,40.527,-13.672,-18.066,-18.555
1789911917.125020,29.785,-13.184,-20.020,-13.184
1789911917.128917,35.645,-15.137,-16.113,-16.113
1789911917.132814,43.457,-18.555,-8.789,-13.672
1789911917.136710,41.016,-23.926,-21.973,-15.137
1789911917.140607,20.508,-33.203,-29.297,-28.809
1789911917.144504,19.531,-30.273,-24.414,-24.414
1789911917.148401,13.184,-30.762,-25.879,-14.160
1789911917.152297,-0.977,-29.785,-27.832,-7.324
1789911917.156194,3.418,-26.367,-22.949,-13.672
1789911917.160091,-6.348,-24.414,-26.855,-28.320
1789911917.164136,-3.906,-26.855,-33.691,-39.062
1789911917.168033,7.324,-23.926,-28.320,-30.273
1789911917.171930,-1.953,-23.438,-22.949,-25.879
1789911917.175827,-14.648,-26.367,-27.344,-26.855
1789911917.179724,-14.160,-22.461,-30.273,-19.043
1789911917.183620,0.000,-20.020,-29.785,-19.043
1789911917.187517,-2.441,-20.996,-28.809,-21.484
1789911917.191414,0.000,-21.484,-25.391,-26.855
1789911917.195311,-0.977,-20.996,-25.391,-25.391
1789911917.199208,-16.113,-23.926,-29.297,-22.949
1789911917.203104,-19.531,-27.344,-33.691,-20.508
1789911917.207001,-26.367,-25.879,-33.203,-19.531
1789911917.210955,-23.926,-26.855,-36.621,-24.902
1789911917.214852,-13.672,-26.367,-31.738,-17.578
1789911917.218749,-2.930,-26.367,-32.227,-22.461
1789911917.222646,5.859,-29.297,-40.527,-30.762
1789911917.226542,7.812,-29.297,-35.645,-22.461
1789911917.230439,5.859,-24.414,-30.762,-13.672
1789911917.234336,1.953,-23.438,-31.738,0.000
1789911917.238233,-4.883,-27.832,-34.180,-1.465
1789911917.242130,-0.488,-23.438,-33.203,-11.719
1789911917.246027,-4.395,-21.484,-28.809,-5.859
1789911917.249923,-14.648,-24.902,-26.367,8.301
1789911917.253820,-18.066,-24.902,-21.484,3.418
1789911917.257765,-20.508,-25.879,-32.715,-14.160
1789911917.261661,-16.602,-26.855,-40.039,-21.484
1789911917.265558,-12.207,-23.926,-26.367,-16.602
1789911917.269455,-9.277,-19.531,-25.391,-6.348
1789911917.273352,-12.207,-19.531,-29.785,-16.113
1789911917.277249,-18.066,-26.367,-34.180,-28.320
1789911917.281145,-0.977,-26.855,-41.504,-15.625
1789911917.285042,8.301,-20.996,-39.551,-13.184
1789911917.288939,5.859,-21.484,-38.086,-9.277
1789911917.292836,3.418,-24.414,-38.086,4.395
1789911917.296733,-2.930,-23.926,-39.062,-3.418
1789911917.300630,8.301,-20.020,-40.039,-18.066
1789911917.304725,32.227,-16.113,-34.180,-17.578
1789911917.308622,39.551,-15.625,-35.156,-22.949
1789911917.312519,27.344,-18.066,-39.062,-21.484
1789911917.316416,12.695,-17.578,-38.086,-23.438
1789911917.320312,4.883,-14.648,-33.203,-28.320
1789911917.324209,10.742,-15.137,-32.227,-24.414
1789911917.328106,30.762,-20.996,-40.039,-27.832
1789911917.332003,58.105,-28.320,-42.480,-30.273
1789911917.335900,82.520,-26.855,-38.086,-27.344
1789911917.339797,85.449,-22.461,-36.621,-26.367
1789911917.343693,84.961,-26.367,-37.598,-40.039
1789911917.347590,112.793,-26.855,-42.480,-50.293
1789911917.351600,137.695,-22.461,-38.086,-30.273
1789911917.355496,147.461,-22.949,-35.645,-24.414
1789911917.359393,159.668,-24.902,-37.598,-39.551
1789911917.363290,164.062,-26.855,-38.574,-34.668
1789911917.367187,167.969,-22.949,-36.621,-31.250
1789911917.371084,175.293,-19.531,-37.598,-36.621
1789911917.374981,174.805,-18.555,-38.574,-38.574
1789911917.378878,180.176,-16.113,-32.715,-33.691
1789911917.382775,188.477,-15.625,-33.203,-21.484
1789911917.386672,177.734,-14.160,-33.203,-16.113
1789911917.390568,173.340,-16.113,-34.668,-21.484
1789911917.394465,185.059,-17.090,-34.668,-20.020
1789911917.398462,179.688,-14.648,-25.391,-15.137
1789911917.402359,175.293,-14.160,-25.879,-21.973
1789911917.406255,164.062,-20.996,-29.297,-30.273
1789911917.410152,152.832,-20.020,-29.297,-36.133
1789911917.414049,159.668,-19.531,-25.879,-38.086
1789911917.417946,166.992,-22.949,-25.391,-20.020
1789911917.421843,170.410,-18.555,-27.832,-10.742
1789911917.425740,172.363,-13.184,-23.438,-13.672
1789911917.429637,153.320,-16.602,-25.391,-14.648
1789911917.433534,133.789,-19.043,-26.855,-12.695
1789911917.437431,135.254,-20.020,-27.832,-21.484
1789911917.441328,129.883,-21.973,-29.297,-28.809
1789911917.445319,0.000,-23.926,-27.344,-27.344
1789911917.449216,0.000,-24.414,-25.879,-26.367
1789911917.453113,0.000,-19.043,-21.973,-14.648
1789911917.457009,0.000,-21.973,-20.508,-3.906
1789911917.460906,0.000,-24.902,-22.461,-14.648
1789911917.464803,0.000,-21.973,-25.879,-21.973
1789911917.468700,0.000,-23.926,-27.832,-20.996
1789911917.472597,0.000,-19.043,-25.391,-30.273
1789911917.476494,0.000,-16.602,-25.879,-29.297
1789911917.480391,0.000,-21.484,-30.762,-31.738
1789911917.484288,0.000,-21.484,-25.879,-37.109
1789911917.488185,0.000,-16.113,-19.531,-19.531
1789911917.492160,78.125,-16.113,-28.320,-12.207
1789911917.496057,78.613,-20.996,-31.250,-28.320
1789911917.499954,84.473,-24.414,-24.414,-24.414
1789911917.503851,88.867,-26.367,-21.973,-18.555
1789911917.507748,85.449,-24.414,-19.531,-14.648
1789911917.511645,88.379,-24.414,-23.926,-11.230
1789911917.515542,82.520,-32.227,-31.738,-25.391
1789911917.519439,69.824,-37.109,-32.715,-17.090
1789911917.523335,61.035,-32.227,-26.367,-14.648
1789911917.527232,49.805,-32.227,-29.785,-29.785
1789911917.531129,47.363,-33.691,-30.762,-30.762
1789911917.535026,54.688,-37.109,-24.902,-33.203
1789911917.539002,60.059,-33.691,-22.461,-32.715
1789911917.542899,48.828,-27.344,-21.484,-23.926
1789911917.546796,43.457,-30.762,-21.484,-22.949
1789911917.550693,44.922,-39.551,-20.996,-32.227
1789911917.554590,43.457,-35.645,-20.020,-12.695
1789911917.558486,37.109,-35.156,-23.926,-7.812
1789911917.562383,34.668,-41.992,-28.320,-29.297
1789911917.566280,27.832,-42.480,-27.344,-20.020
1789911917.570177,21.973,-43.457,-25.879,-28.809
1789911917.574074,31.250,-36.621,-25.391,-38.086
1789911917.577971,46.875,-30.273,-24.902,-18.066
1789911917.581868,47.852,-30.762,-22.461,-12.695
1789911917.585824,29.785,-26.367,-20.996,-14.160
1789911917.589721,38.086,-26.855,-23.926,-18.066
1789911917.593618,42.480,-28.320,-23.926,-27.832
1789911917.597515,28.320,-29.785,-25.879,-22.461
1789911917.601412,31.738,-31.738,-32.227,-20.508
1789911917.605309,33.691,-25.879,-24.414,-27.832
1789911917.609205,32.227,-17.090,-20.508,-21.484
1789911917.613102,25.391,-18.066,-27.832,-23.438
1789911917.616999,28.320,-20.020,-23.438,-18.066
1789911917.620896,33.691,-19.043,-17.578,-15.137
1789911917.624793,32.715,-21.484,-19.531,-20.996
1789911917.628690,41.992,-20.508,-19.531,-18.066
1789911917.632729,0.000,-22.949,-19.531,-13.672
1789911917.636626,0.000,-21.973,-18.555,-8.789
1789911917.640522,0.000,-22.461,-16.602,-10.742
1789911917.644419,0.000,-22.949,-16.602,-6.836
1789911917.648316,0.000,-22.949,-17.578,-10.742
1789911917.652213,0.000,-19.043,-18.555,-8.789
1789911917.656110,0.000,-17.090,-13.672,-10.742
1789911917.660007,0.000,-20.508,-11.230,-17.090
1789911917.663904,0.000,-22.461,-12.695,-12.207
1789911917.667801,0.000,-24.414,-17.578,-6.836
1789911917.671698,0.000,-18.555,-16.113,4.883
1789911917.675595,0.000,-23.926,-17.090,-3.906
1789911917.679635,28.320,-29.785,0.000,-26.367
1789911917.683532,27.832,-28.809,0.000,-34.180
1789911917.687429,22.461,-30.762,0.000,-40.527
1789911917.691326,15.137,-29.785,0.000,-41.016
1789911917.695223,22.461,-27.344,0.000,-39.062
1789911917.699120,15.625,-28.809,0.000,-41.992
1789911917.703017,14.648,-32.715,0.000,-37.598
1789911917.706914,15.137,-34.180,0.000,-25.879
1789911917.710811,3.906,-34.180,0.000,-27.344
1789911917.714708,-4.395,-32.227,0.000,-29.297
1789911917.718605,-6.836,-30.762,0.000,-25.879
1789911917.722502,6.836,-31.250,0.000,-25.391
1789911917.726505,13.184,-33.691,-32.227,-10.254
1789911917.730402,1.465,-37.598,-35.156,-20.996
1789911917.734299,8.301,-31.738,-33.203,-26.855
1789911917.738196,22.949,-29.297,-28.809,-17.578
1789911917.742093,23.926,-30.762,-31.738,-19.043
1789911917.745990,9.766,-26.367,-34.180,-31.250
1789911917.749887,-2.441,-27.344,-28.809,-37.109
1789911917.753784,5.859,-31.250,-30.762,-34.668
1789911917.757681,2.441,-38.574,-37.109,-39.062
1789911917.761578,4.883,-42.969,-39.551,-31.738
1789911917.765475,1.953,-40.527,-40.527,-16.602
1789911917.769372,-12.207,-38.574,-35.645,-26.855
1789911917.773449,1.465,-35.156,-32.227,-36.133
1789911917.777346,14.648,-33.203,-37.109,-37.109
1789911917.781243,12.207,-29.785,-34.180,-41.504
1789911917.785141,5.371,-26.855,-23.926,-33.691
1789911917.789037,1.465,-35.156,-23.438,-40.039
1789911917.792934,-6.348,-44.434,-26.855,-42.969
1789911917.796831,-4.883,-39.551,-25.879,-37.598
1789911917.800729,-0.977,-38.574,-26.367,-34.668
1789911917.804626,-0.977,-40.039,-26.367,-23.926
1789911917.808522,11.719,-39.551,-27.344,-21.484
1789911917.812420,20.508,-43.457,-32.227,-30.762
1789911917.816317,25.391,-36.133,-30.762,-27.832
1789911917.820316,-5.859,-35.156,-31.250,-22.461
1789911917.824213,-26.367,-41.992,-31.250,-37.598
1789911917.828110,-5.859,-39.551,-28.809,-36.133
1789911917.832007,-5.371,-38.086,-31.250,-34.180
1789911917.835904,-18.066,-42.969,-32.227,-39.062
1789911917.839801,-17.090,-41.016,-26.855,-36.621
1789911917.843699,0.488,-35.156,-25.391,-42.969
1789911917.847595,0.977,-34.668,-31.250,-47.852
1789911917.851492,-6.836,-38.574,-23.926,-39.062
1789911917.855390,-7.812,-35.156,-23.438,-35.156
1789911917.859287,-8.301,-27.832,-27.344,-38.574
1789911917.863183,-8.789,-29.785,-24.902,-30.762
1789911917.867233,-7.812,-32.227,-25.879,-33.691
1789911917.871130,-8.789,-28.809,-26.367,-41.016
1789911917.875027,-19.043,-29.785,-22.949,-32.715
1789911917.878924,-23.926,-32.715,-24.414,-31.738
1789911917.882821,-16.602,-32.227,-26.367,-25.879
1789911917.886718,-5.859,-29.785,-25.879,-23.438
1789911917.890615,-1.953,-30.762,-27.344,-29.297
1789911917.894512,-6.836,-32.715,-28.809,-26.367
1789911917.898409,-14.648,-34.668,-27.344,-25.391
1789911917.902306,-14.160,-33.203,-25.391,-32.227
1789911917.906203,-4.883,-31.738,-27.832,-40.039
1789911917.910100,1.465,-33.691,-26.855,-32.715
1789911917.914064,0.000,-29.785,-28.809,-31.738
1789911917.917962,0.000,-29.785,-33.691,-40.527
1789911917.921859,0.000,-31.738,-33.691,-29.785
1789911917.925756,0.000,-32.227,-33.203,-31.250
1789911917.929653,0.000,-33.203,-31.250,-35.645
1789911917.933550,0.000,-26.855,-27.832,-33.691
1789911917.937447,0.000,-23.926,-26.367,-30.273
1789911917.941344,0.000,-27.832,-25.391,-22.949
1789911917.945241,0.000,-32.227,-27.344,-23.438
1789911917.949138,0.000,-35.645,-32.227,-36.621
1789911917.953035,0.000,-34.668,-29.297,-36.133
1789911917.956932,0.000,-33.691,-22.461,-32.715
1789911917.960885,-11.230,-33.691,-18.555,-31.250
1789911917.964782,-2.930,-34.180,-16.113,-25.391
1789911917.968679,1.465,-31.250,-13.672,-10.742
1789911917.972576,2.930,-24.902,-12.207,-11.719
1789911917.976473,2.441,-23.438,-19.531,-23.926
1789911917.980370,9.277,-20.996,-22.949,-17.578
1789911917.984267,17.090,-23.438,-18.066,-9.766
1789911917.988164,14.648,-23.438,-20.508,-1.953
1789911917.992061,3.906,-23.438,-22.949,-13.184
1789911917.995958,11.719,-24.902,-17.578,-22.461
1789911917.999856,20.020,-22.461,-12.695,-18.555
1789911918.003752,5.371,-31.250,-18.555,-28.809
1789911918.007930,5.859,-33.691,-22.461,-5.859
1789911918.011827,7.812,-29.785,-25.391,-14.160
1789911918.015724,0.000,-36.621,-39.062,-12.207
1789911918.019621,3.906,-40.039,-42.480,-14.160
1789911918.023518,0.977,-32.715,-34.668,-25.879
1789911918.027416,-5.371,-23.926,-35.645,-25.391
1789911918.031313,2.441,-23.926,-34.180,-24.414
1789911918.035210,-8.301,-26.855,-34.668,-10.742
1789911918.039107,-18.555,-24.902,-36.621,-2.930
1789911918.043004,-11.230,-23.926,-32.227,-11.230
1789911918.046901,-6.836,-24.414,-28.320,-19.531
1789911918.050798,2.930,-23.438,-23.926,-26.855
1789911918.054759,6.836,-22.461,-16.113,0.000
1789911918.058656,-8.789,-24.414,-20.508,0.000
1789911918.062553,-10.254,-22.461,-25.879,0.000
1789911918.066450,4.883,-20.996,-17.090,0.000
1789911918.070347,4.883,-21.973,-18.555,0.000
1789911918.074244,4.883,-23.926,-28.809,0.000
1789911918.078141,7.324,-27.832,-32.227,0.000
1789911918.082039,10.254,-20.508,-24.902,0.000
1789911918.085936,13.672,-15.137,-19.531,0.000
1789911918.089833,15.137,-18.555,-25.391,0.000
1789911918.093730,8.789,-20.508,-29.297,0.000
1789911918.097627,-4.395,-22.461,-31.250,0.000
1789911918.101626,-5.859,-28.320,-30.273,-24.414
1789911918.105523,-9.277,-31.250,-34.668,-30.273
1789911918.109420,-3.906,-33.691,-40.039,-39.551
1789911918.113317,-3.906,-33.691,-37.109,-41.504
1789911918.117214,-18.066,-31.738,-35.645,-41.504
1789911918.121112,-20.996,-31.250,-37.598,-31.738
1789911918.125009,-14.648,-26.367,-31.738,-9.277
1789911918.128906,-19.043,-32.715,-32.227,-17.090
1789911918.132803,-17.578,-31.738,-38.086,-31.250
1789911918.136700,2.441,-26.367,-38.574,-20.996
1789911918.140597,-8.789,-31.250,-36.621,-28.809
1789911918.144494,-23.438,-28.809,-29.785,-33.203
1789911918.148487,-20.020,-27.832,-30.273,-21.484
1789911918.152384,-15.625,-28.809,-25.391,-26.855
1789911918.156281,-2.930,-26.367,-25.391,-33.691
1789911918.160178,12.695,-23.438,-22.949,-22.461
1789911918.164075,7.324,-23.926,-14.160,-14.648
1789911918.167972,-3.906,-28.320,-16.113,-13.672
1789911918.171870,2.930,-28.320,-17.090,-11.230
1789911918.175767,20.020,-20.508,-16.602,-10.254
1789911918.179664,14.648,-16.602,-14.648,-2.441
1789911918.183561,10.254,-15.137,-12.695,1.953
1789911918.187458,11.719,-18.555,-17.090,-5.859
1789911918.191355,11.719,-19.531,-16.113,-2.441
1789911918.195346,6.348,-25.879,-15.625,-4.883
1789911918.199243,0.977,-28.809,-20.020,-13.184
1789911918.203140,13.184,-18.066,-17.578,-7.324
1789911918.207037,10.742,-12.207,-14.160,-11.719
1789911918.210934,1.465,-8.301,-10.742,-8.301
1789911918.214832,7.324,-13.184,-14.160,0.977
1789911918.218729,15.137,-22.949,-25.391,-9.766
1789911918.222626,5.371,-20.508,-26.855,-7.812
1789911918.226523,0.488,-16.602,-21.484,0.488
1789911918.230420,-2.441,-20.508,-27.832,-19.531
1789911918.234318,-13.672,-28.809,-32.227,-31.738
1789911918.238214,-5.371,-25.879,-22.949,-23.926
1789911918.242269,5.859,-18.066,-22.949,-18.555
1789911918.246166,3.418,-19.043,-20.508,-9.277
1789911918.250064,-3.906,-23.926,-18.555,-16.113
1789911918.253961,2.930,-21.484,-22.949,-12.207
1789911918.257858,12.695,-20.020,-22.949,-7.812
1789911918.261755,-1.953,-23.438,-26.855,-19.043
1789911918.265652,-3.418,-23.926,-28.809,-16.602
1789911918.269550,19.531,-19.043,-21.973,-6.836
1789911918.273447,12.695,-22.949,-20.020,-20.020
1789911918.277344,-7.324,-30.273,-27.832,-28.320
1789911918.281241,-2.441,-30.762,-31.250,-24.902
1789911918.285138,-5.371,-28.320,-23.926,-40.039
1789911918.289102,-15.625,-22.949,-22.461,-37.109
1789911918.292999,-8.301,-21.973,-22.949,-25.391
1789911918.296896,-9.766,-17.090,-21.973,-24.414
1789911918.300793,-12.207,-17.090,-23.438,-21.484
1789911918.304690,-6.836,-23.438,-25.879,-27.832
1789911918.308588,-12.207,-19.531,-29.297,-24.902
1789911918.312485,-8.301,-22.461,-30.762,-26.367
1789911918.316382,-5.371,-28.320,-29.297,-29.297
1789911918.320279,-4.883,-22.949,-20.508,-11.719
1789911918.324176,-9.766,-26.855,-21.973,-20.020
1789911918.328074,-21.484,-30.762,-29.297,-36.133
1789911918.331971,-14.160,-25.391,-27.344,-22.949
1789911918.335922,-1.465,-27.832,-22.949,-26.367
1789911918.339819,-6.348,-30.273,-27.344,-35.645
1789911918.343716,-19.531,-27.832,-34.180,-23.926
1789911918.347614,-20.996,-26.367,-31.738,-15.137
1789911918.351511,-13.672,-26.855,-30.762,-19.531
1789911918.355408,-1.465,-27.344,-31.738,-20.508
1789911918.359305,5.859,-27.344,-27.344,-7.812
1789911918.363202,9.277,-26.367,-27.344,-5.859
1789911918.367100,10.254,-24.902,-32.227,-22.461
1789911918.370997,-1.953,-24.902,-26.367,-28.320
1789911918.374894,-6.348,-25.879,-25.391,-16.602
1789911918.378791,-15.137,-22.949,-29.785,-13.184
1789911918.382735,-20.020,-18.555,-22.461,-20.020
1789911918.386632,-16.602,-16.113,-20.508,-23.926
1789911918.390529,-20.020,-20.020,-23.438,-27.344
1789911918.394426,-22.461,-25.391,-23.438,-28.320
1789911918.398324,-18.066,-26.367,-26.855,-32.227
1789911918.402221,-10.254,-26.367,-28.809,-20.996
1789911918.406118,-16.602,-29.297,-26.855,-11.719
1789911918.410015,-6.348,-26.855,-25.391,-10.254
1789911918.413912,2.930,-22.461,-21.484,-16.113
1789911918.417809,-8.789,-24.902,-20.996,-12.695
1789911918.421707,-15.625,-23.926,-23.438,-10.742
1789911918.425604,-20.508,-21.973,-20.508,-21.484
1789911918.429701,-13.184,-20.508,-24.414,-12.695
1789911918.433598,6.348,-13.184,-27.832,-5.371
1789911918.437495,3.906,-14.160,-19.531,-7.812
1789911918.441393,-4.883,-16.113,-19.531,3.418
1789911918.445290,0.977,-14.648,-25.879,-2.441
1789911918.449187,11.719,-16.113,-24.414,-8.301
1789911918.453084,8.789,-17.090,-23.926,-3.906
1789911918.456982,-1.953,-14.648,-20.020,-7.812
1789911918.460879,0.488,-9.277,-17.090,-5.371
1789911918.464776,-6.836,-7.812,-19.531,-7.324
1789911918.468673,-7.324,-10.254,-21.973,-22.461
1789911918.472571,-5.371,-14.648,-20.508,-30.273
1789911918.476569,2.930,-18.555,-19.043,-24.902
1789911918.480466,14.648,-27.832,-25.879,-26.855
1789911918.484363,8.789,-29.785,-29.785,-25.879
1789911918.488261,-4.395,-21.484,-26.855,-19.043
1789911918.492158,-14.648,-23.926,-28.320,-24.902
1789911918.496055,0.000,-22.461,-28.809,-16.602
1789911918.499952,10.254,-17.578,-32.715,-13.672
1789911918.503850,7.812,-23.438,-36.621,-24.414
1789911918.507747,0.977,-30.762,-37.109,-29.297
1789911918.511644,-11.230,-31.250,-35.156,-19.043
1789911918.515541,-14.648,-25.879,-32.227,-10.742
1789911918.519439,-9.766,-27.832,-27.832,-24.414
1789911918.523518,0.000,-28.320,-21.973,-24.414
1789911918.527415,0.000,-18.555,-19.043,-19.531
1789911918.531312,0.000,-20.996,-20.996,-27.832
1789911918.535209,0.000,-31.250,-23.926,-31.250
1789911918.539107,0.000,-27.832,-23.926,-26.855
1789911918.543004,0.000,-23.926,-27.832,-12.207
1789911918.546901,0.000,-23.926,-30.273,-11.719
1789911918.550799,0.000,-24.414,-23.926,-15.625
1789911918.554696,0.000,-26.367,-27.344,-15.137
1789911918.558593,0.000,-30.273,-31.738,-12.207
1789911918.562490,0.000,-31.250,-27.832,-15.137
1789911918.566388,0.000,-31.738,-29.297,-25.879
1789911918.570371,-0.977,-29.297,-33.691,-33.203
1789911918.574268,1.953,-29.785,-32.227,-35.645
1789911918.578166,1.953,-32.715,-32.715,-33.203
1789911918.582063,2.441,-23.438,-30.762,-32.227
1789911918.585960,0.488,-20.508,-28.809,-22.461
1789911918.589857,3.418,-22.461,-30.273,-27.832
1789911918.593755,13.184,-20.508,-29.785,-35.156
1789911918.597652,22.461,-21.973,-23.438,-24.414
1789911918.601549,19.043,-25.391,-24.414,-26.367
1789911918.605447,-1.465,-33.691,-33.203,-38.086
1789911918.609344,-4.395,-39.062,-36.621,-32.227
1789911918.613241,-0.488,-33.691,-32.715,-21.973
1789911918.617217,-10.254,-29.785,-27.832,-28.809
1789911918.621114,0.488,-25.391,-23.438,-23.438
1789911918.625012,6.836,-19.531,-22.949,-14.160
1789911918.628909,-0.488,-26.367,-22.461,-15.625
1789911918.632806,2.930,-26.367,-24.414,-12.207
1789911918.636703,7.812,-20.508,-24.414,-19.043
1789911918.640601,4.395,-21.973,-22.461,-35.156
1789911918.644498,-8.301,-23.438,-23.926,-25.391
1789911918.648396,2.441,-21.973,-24.414,-9.277
1789911918.652293,7.812,-19.043,-25.391,-13.672
1789911918.656190,-2.441,-18.066,-20.996,-10.254
1789911918.660087,-1.953,-17.578,-17.578,-6.348
1789911918.664062,-3.418,-19.531,-20.020,-19.043
1789911918.667959,-5.371,-25.879,-28.320,-19.531
1789911918.671856,-1.465,-25.391,-31.738,-16.602
1789911918.675754,7.812,-20.996,-30.762,-21.973
1789911918.679651,5.371,-23.926,-31.738,-19.043
1789911918.683548,-16.113,-25.391,-23.926,-21.484
1789911918.687445,-29.297,-28.320,-27.344,-21.973
1789911918.691343,-26.367,-33.203,-33.691,-21.484
1789911918.695240,-25.879,-29.785,-26.367,-20.996
1789911918.699137,-29.785,-31.250,-26.855,-26.855
1789911918.703035,-21.973,-28.809,-31.250,-33.203
1789911918.706932,-15.625,-24.414,-33.203,-33.203
1789911918.711037,-21.484,-30.273,-33.691,-28.320
1789911918.714935,-20.996,-31.738,-31.250,-25.879
1789911918.718832,-15.137,-23.926,-26.855,-25.391
1789911918.722729,-3.906,-21.484,-28.809,-20.996
1789911918.726627,-11.719,-28.320,-29.297,-14.160
1789911918.730524,-27.344,-29.297,-28.809,-23.438
1789911918.734421,-20.020,-22.461,-31.250,-32.715
1789911918.738319,-13.672,-24.902,-33.203,-26.855
1789911918.742216,-10.254,-21.484,-30.762,-30.273
1789911918.746114,-8.789,-20.020,-25.391,-32.227
1789911918.750011,-13.672,-24.902,-22.949,-29.297
1789911918.753908,-11.719,-23.926,-27.832,-18.555
1789911918.757925,-3.906,-25.879,-30.273,-24.902
1789911918.761822,-8.789,-25.879,-28.320,-35.156
1789911918.765719,-13.672,-28.320,-26.855,-27.344
1789911918.769617,-3.418,-29.785,-29.785,-22.461
1789911918.773514,-6.348,-26.367,-31.738,-28.809
1789911918.777411,-11.230,-23.438,-30.273,-29.785
1789911918.781309,-5.371,-23.438,-31.738,-28.320
1789911918.785206,-2.441,-24.902,-30.762,-23.926
1789911918.789104,-5.859,-28.320,-31.738,-25.391
1789911918.793001,-14.648,-26.855,-29.785,-23.926
1789911918.796898,-18.555,-26.855,-29.785,-30.762
1789911918.800796,-1.953,-26.367,-28.809,-43.457
1789911918.804808,1.953,-22.949,-23.438,-42.480
1789911918.808705,-14.160,-26.367,-23.438,-44.922
1789911918.812603,-18.066,-27.344,-28.320,-40.527
1789911918.816500,-23.438,-32.715,-34.180,-34.668
1789911918.820397,-13.672,-34.180,-34.668,-25.391
1789911918.824295,-5.371,-27.344,-26.367,-16.113
1789911918.828192,-8.789,-29.297,-24.414,-6.348
1789911918.832089,6.348,-27.832,-22.949,-10.742
1789911918.835987,20.020,-27.344,-19.531,-23.926
1789911918.839884,4.883,-34.668,-22.461,-22.461
1789911918.843781,-4.883,-35.156,-26.367,-22.461
1789911918.847679,-3.418,-32.227,-30.273,-30.273
1789911918.851679,-9.277,-25.391,-24.902,-26.855
1789911918.855577,-0.488,-23.926,-19.531,-19.531
1789911918.859474,5.371,-23.926,-21.973,-20.020
1789911918.863371,15.137,-20.508,-26.855,-14.648
1789911918.867269,20.996,-20.996,-28.809,-13.672
1789911918.871166,4.883,-19.043,-27.344,-20.508
1789911918.875063,-6.836,-18.066,-26.367,-14.160
1789911918.878961,0.977,-24.414,-24.414,-12.207
1789911918.882858,16.602,-23.926,-23.438,-9.766
1789911918.886756,1.465,-22.461,-23.438,-3.906
1789911918.890653,-5.859,-29.785,-19.531,-18.555
1789911918.894550,6.348,-26.855,-16.113,-19.531
1789911918.898540,3.906,-23.438,-16.113,-7.812
1789911918.902438,0.000,-23.926,-18.066,-9.766
1789911918.906335,6.348,-25.391,-20.508,-20.996
1789911918.910233,2.441,-25.879,-21.973,-23.926
1789911918.914130,-4.883,-24.902,-28.809,-20.020
1789911918.918027,4.883,-23.926,-28.809,-17.090
1789911918.921925,20.508,-22.461,-20.996,-10.254
1789911918.925822,20.996,-17.578,-15.625,-10.742
1789911918.929719,15.625,-19.531,-15.625,-6.348
1789911918.933617,25.391,-19.043,-10.742,-1.953
1789911918.937514,27.832,-10.254,-7.812,-3.418
1789911918.941412,8.789,-9.277,-12.207,4.395
1789911918.945389,10.742,-12.695,-10.742,8.789
1789911918.949287,17.578,-14.648,-11.230,1.953
1789911918.953184,19.043,-14.160,-17.090,-5.371
1789911918.957082,8.789,-15.137,-19.531,-14.648
1789911918.960979,-7.812,-25.879,-22.949,-21.484
1789911918.964876,-4.395,-28.809,-26.367,-18.555
1789911918.968774,4.883,-23.926,-25.879,-28.320
1789911918.972671,7.812,-22.949,-20.508,-28.809
1789911918.976569,-3.906,-25.391,-21.484,-15.137
1789911918.980466,-13.184,-28.320,-26.367,-15.137
1789911918.984364,-1.465,-25.391,-19.531,-15.625
1789911918.988261,13.672,-24.902,-16.113,-21.973
1789911918.992285,20.020,-25.391,-17.578,-21.973
1789911918.996183,15.625,-26.855,-19.043,-21.484
1789911919.000080,25.391,-27.344,-17.578,-20.996
1789911919.003978,17.578,-26.367,-22.461,-20.996
1789911919.007875,-4.395,-27.832,-25.879,-24.414
1789911919.011773,-6.348,-31.250,-29.297,-25.879
1789911919.015670,-6.836,-34.180,-32.715,-22.949
1789911919.019567,0.977,-32.227,-25.391,-10.742
1789911919.023465,-3.906,-27.832,-27.344,-24.414
1789911919.027362,-12.695,-29.297,-32.715,-34.668
1789911919.031260,-12.695,-32.227,-28.320,-20.020
1789911919.035157,-10.742,-33.691,-27.832,-17.578
1789911919.039119,-4.883,-31.738,-29.785,-26.367
1789911919.043016,-4.883,-33.203,-29.297,-24.414
1789911919.046914,-6.836,-31.738,-26.855,-20.508
1789911919.050811,-4.395,-26.855,-26.367,-23.438
1789911919.054709,-3.906,-28.809,-27.344,-22.949
1789911919.058606,-6.348,-27.344,-29.297,-18.066
1789911919.062504,-2.441,-22.949,-22.949,-13.184
1789911919.066401,-6.348,-22.949,-16.113,-26.855
1789911919.070298,-11.719,-21.484,-15.137,-32.227
1789911919.074196,-4.395,-18.555,-10.742,-24.902
1789911919.078093,-5.859,-23.926,-10.742,-24.902
1789911919.081991,-4.883,-24.902,-12.695,-21.484
1789911919.085954,-12.207,-19.043,-7.324,-27.344
1789911919.089851,-18.066,-19.043,-7.324,-24.414
1789911919.093749,-11.230,-28.809,-17.578,-27.832
1789911919.097646,-13.184,-33.691,-21.973,-24.902
1789911919.101544,-2.930,-26.855,-19.531,-21.484
1789911919.105441,10.254,-23.926,-19.043,-34.668
1789911919.109339,8.789,-20.996,-19.043,-33.203
1789911919.113236,-2.930,-22.461,-26.855,-28.320
1789911919.117134,-3.906,-24.414,-27.344,-28.320
1789911919.121031,0.488,-22.461,-25.391,-26.855
1789911919.124928,-4.395,-22.949,-25.391,-30.762
1789911919.128826,-7.324,-22.461,-24.414,-25.391
1789911919.132839,-9.766,-25.391,-26.855,-24.902
1789911919.136736,6.348,-23.926,-27.832,-35.645
1789911919.140634,6.836,-20.020,-31.738,-41.016
1789911919.144531,-13.184,-24.414,-33.691,-41.992
1789911919.148429,-9.277,-26.855,-25.879,-37.598
1789911919.152326,-6.836,-27.344,-24.902,-35.645
1789911919.156224,-2.441,-25.879,-26.855,-36.621
1789911919.160121,7.324,-21.973,-23.438,-34.180
1789911919.164018,5.859,-17.578,-23.438,-29.297
1789911919.167916,10.742,-16.602,-26.855,-28.320
1789911919.171813,8.301,-22.949,-22.949,-17.578
1789911919.175711,5.859,-26.855,-22.461,-16.602
1789911919.179716,8.301,-19.043,-20.996,-25.391
1789911919.183613,2.441,-13.672,-14.648,-35.156
1789911919.187510,-1.953,-14.648,-16.113,-41.504
1789911919.191408,0.488,-14.648,-13.672,-32.715
1789911919.195306,1.953,-20.508,-16.113,-27.832
1789911919.199203,-9.277,-23.926,-21.973,-28.809
1789911919.203100,-19.043,-29.297,-26.367,-26.855
1789911919.206998,-7.324,-31.738,-28.809,-29.297
1789911919.210896,-0.488,-25.391,-25.879,-24.414
1789911919.214793,-12.695,-26.367,-26.855,-19.043
1789911919.218690,-10.742,-24.414,-31.738,-24.902
1789911919.222588,-13.672,-23.926,-29.785,-36.621
1789911919.226664,-17.090,-25.391,-29.785,-36.621
1789911919.230561,1.953,-18.066,-30.273,-24.902
1789911919.234459,-5.371,-15.137,-20.508,-22.461
1789911919.238356,-16.113,-15.625,-18.555,-27.344
1789911919.242254,-2.930,-15.625,-23.926,-22.949
1789911919.246151,-4.883,-20.020,-22.949,-24.902
1789911919.250049,-0.488,-26.367,-28.320,-34.180
1789911919.253946,-5.859,-23.438,-29.297,-32.715
1789911919.257843,-25.391,-26.367,-25.391,-27.832
1789911919.261741,-21.484,-27.832,-26.367,-29.297
1789911919.265639,-4.395,-23.926,-26.855,-32.715
1789911919.269536,-7.812,-25.391,-21.973,-28.809
1789911919.273532,-14.160,-23.926,-16.113,-27.344
1789911919.277430,-20.996,-24.902,-19.531,-20.020
1789911919.281327,-23.926,-24.414,-25.391,-21.484
1789911919.285225,-10.254,-19.043,-26.367,-27.832
1789911919.289122,2.441,-18.555,-30.273,-16.602
1789911919.293020,3.418,-21.973,-31.250,-19.043
1789911919.296917,1.953,-24.902,-34.180,-29.785
1789911919.300815,0.977,-21.973,-34.180,-30.273
1789911919.304712,-16.602,-24.902,-29.785,-42.969
1789911919.308610,-26.367,-28.809,-32.227,-41.016
1789911919.312507,-14.648,-29.297,-35.645,-24.414
1789911919.316405,-6.348,-31.738,-39.551,-22.949
1789911919.320382,0.000,-30.762,-34.180,-25.879
1789911919.324280,-0.488,-30.273,-29.297,-25.391
1789911919.328177,2.441,-26.855,-30.273,-10.742
1789911919.332075,8.789,-21.973,-27.832,-11.230
1789911919.335973,1.465,-17.578,-26.855,-11.719
1789911919.339870,0.977,-16.113,-23.438,-5.859
1789911919.343768,-1.465,-20.508,-24.902,-18.555
1789911919.347665,-8.301,-30.762,-27.344,-25.391
1789911919.351563,-3.906,-30.762,-29.297,-27.344
1789911919.355460,-11.719,-32.227,-31.250,-19.531
1789911919.359358,-25.391,-31.250,-32.227,-10.742
1789911919.363255,-19.043,-25.879,-29.297,-9.766
1789911919.367232,-20.508,-31.250,-31.738,-14.160
1789911919.371130,-19.043,-33.203,-36.133,-26.855
1789911919.375027,-10.254,-30.762,-33.203,-24.414
1789911919.378925,-17.578,-32.715,-28.809,-19.043
1789911919.382822,-7.324,-34.668,-26.855,-26.855
1789911919.386720,2.930,-28.809,-25.879,-23.926
1789911919.390617,0.000,-23.926,-20.996,-18.555
1789911919.394515,-1.465,-28.809,-26.855,-18.066
1789911919.398412,-13.184,-29.785,-31.250,-21.973
1789911919.402310,-7.812,-28.320,-31.250,-24.902
1789911919.406207,-2.441,-29.297,-32.715,-28.809
1789911919.410105,-6.348,-27.832,-33.203,-25.879
1789911919.414072,11.719,-23.438,-34.180,-17.578
1789911919.417969,12.207,-20.996,-30.762,-10.254
1789911919.421867,-1.953,-22.461,-26.855,-13.184
1789911919.425765,8.789,-16.602,-22.949,-8.789
1789911919.429662,3.906,-15.625,-20.508,-2.930
1789911919.433560,-6.348,-20.996,-21.973,-14.648
1789911919.437457,-5.859,-22.949,-24.902,-14.648
1789911919.441355,-2.441,-25.391,-27.344,-15.625
1789911919.445252,5.371,-24.414,-23.926,-20.508
1789911919.449150,9.277,-23.438,-21.484,-16.113
1789911919.453047,3.906,-23.438,-22.949,-16.113
1789911919.456945,1.465,-26.367,-24.414,-22.949
1789911919.460909,3.906,-25.879,-23.926,-30.273
1789911919.464807,7.812,-20.020,-21.973,-28.320
1789911919.468704,3.418,-20.996,-21.973,-28.320
1789911919.472602,-3.906,-23.438,-23.438,-29.785
1789911919.476500,-1.465,-21.484,-24.902,-30.762
1789911919.480397,1.953,-20.508,-26.855,-40.039
1789911919.484295,2.441,-22.461,-23.438,-35.156
1789911919.488192,4.883,-22.949,-23.438,-25.391
1789911919.492090,3.906,-19.531,-30.273,-37.109
1789911919.495987,5.859,-17.090,-25.391,-39.551
1789911919.499885,9.766,-20.020,-27.344,-33.203
1789911919.503783,18.555,-21.973,-35.156,-29.297
1789911919.507722,23.926,-20.020,-31.250,-19.043
1789911919.511620,7.812,-19.531,-31.738,-2.441
1789911919.515517,3.418,-19.531,-28.320,3.418
1789911919.519415,-0.488,-24.902,-28.320,-7.812
1789911919.523313,-3.418,-30.762,-29.785,-26.367
1789911919.527210,-2.930,-34.668,-30.273,-31.738
1789911919.531108,-11.719,-38.574,-35.156,-34.180
1789911919.535005,-18.066,-40.527,-37.598,-45.898
1789911919.538903,-18.555,-40.527,-38.574,-52.734
1789911919.542800,-14.160,-39.062,-35.645,-51.270
1789911919.546698,-20.508,-40.039,-40.527,-46.875
1789911919.550596,-17.578,-40.527,-48.340,-44.434
1789911919.554599,-11.719,-41.992,-44.922,-38.574
1789911919.558497,-18.555,-42.969,-42.969,-43.945
1789911919.562394,-25.391,-39.551,-41.504,-40.039
1789911919.566292,-14.648,-35.156,-40.039,-42.480
1789911919.570189,-10.254,-37.109,-40.039,-51.270
1789911919.574087,-13.672,-33.203,-33.691,-41.016
1789911919.577985,-9.766,-28.809,-32.227,-45.898
1789911919.581882,3.906,-27.344,-34.668,-42.969
1789911919.585780,2.930,-26.855,-29.297,-25.391
1789911919.589677,-14.160,-26.855,-31.250,-31.250
1789911919.593575,-17.090,-25.879,-34.180,-36.133
1789911919.597473,-7.324,-27.344,-30.762,-33.203
1789911919.601544,-0.977,-28.320,-26.855,-34.668
1789911919.605441,3.906,-28.809,-27.344,-20.996
1789911919.609339,4.395,-31.738,-31.250,-20.996
1789911919.613236,-3.906,-30.762,-30.273,-17.090
1789911919.617134,-1.465,-27.832,-28.809,-13.184
1789911919.621032,1.465,-28.809,-26.855,-23.926
1789911919.624929,9.766,-31.250,-30.273,-22.949
1789911919.628827,7.812,-31.250,-29.785,-13.184
1789911919.632725,-0.977,-30.273,-29.297,-8.789
1789911919.636622,7.812,-29.785,-32.227,-4.395
1789911919.640520,8.789,-30.273,-32.715,-15.625
1789911919.644417,8.789,-33.691,-30.273,-26.855
1789911919.648407,5.859,-37.598,-26.367,-28.320
1789911919.652305,-7.812,-41.016,-27.344,-27.832
1789911919.656203,-14.160,-41.992,-32.715,-29.785
1789911919.660100,-17.090,-35.156,-30.762,-31.250
1789911919.663998,-21.484,-34.180,-31.250,-40.527
1789911919.667896,-21.484,-39.062,-34.180,-47.363
1789911919.671793,-13.672,-38.086,-32.715,-38.574
1789911919.675691,-11.719,-38.086,-31.738,-37.109
1789911919.679588,-18.066,-39.551,-33.203,-27.344
1789911919.683486,-16.113,-36.133,-34.180,-18.555
1789911919.687384,-15.137,-36.621,-33.203,-26.855
1789911919.691281,-9.277,-36.621,-32.715,-30.273
1789911919.695264,0.000,-35.156,-32.715,-21.973
1789911919.699162,0.000,-40.527,-29.785,-15.625
1789911919.703059,0.000,-41.016,-31.738,-16.602
1789911919.706957,0.000,-34.180,-30.762,-19.043
1789911919.710854,0.000,-30.762,-26.855,-28.320
1789911919.714752,0.000,-28.320,-29.297,-24.414
1789911919.718650,0.000,-21.973,-31.738,-19.531
1789911919.722547,0.000,-25.391,-34.180,-13.672
1789911919.726445,0.000,-29.297,-32.227,1.465
1789911919.730343,0.000,-29.297,-30.762,-8.789
1789911919.734240,0.000,-29.785,-30.273,-23.926
1789911919.738138,0.000,-23.926,-26.855,-12.695
1789911919.742173,-12.207,-29.297,-30.273,-19.531
1789911919.746071,-22.461,-34.180,-35.645,-24.414
1789911919.749968,-22.949,-27.832,-31.250,-11.719
1789911919.753866,-19.531,-23.926,-30.273,-11.230
1789911919.757764,-15.137,-22.461,-30.762,-14.160
1789911919.761661,-9.277,-20.996,-27.344,-20.020
1789911919.765559,-9.766,-18.555,-27.832,-22.461
1789911919.769456,-7.324,-21.973,-27.344,-12.695
1789911919.773354,-5.371,-21.484,-26.367,-15.625
1789911919.777252,-12.207,-21.484,-25.879,-24.902
1789911919.781149,-12.695,-27.832,-31.738,-26.855
1789911919.785047,-8.789,-28.320,-33.203,-25.391
1789911919.789012,0.488,-23.926,-31.250,-16.602
1789911919.792909,-2.930,-25.391,-31.738,-17.578
1789911919.796807,-7.324,-25.879,-25.879,-18.066
1789911919.800704,8.789,-20.996,-21.484,0.000
1789911919.804602,14.160,-19.043,-19.043,3.906
1789911919.808500,3.418,-20.996,-19.531,-20.996
1789911919.812397,-7.812,-22.461,-23.438,-30.273
1789911919.816295,-14.160,-24.902,-22.949,-20.508
1789911919.820193,-11.719,-22.461,-17.578,-18.066
1789911919.824090,-1.953,-14.648,-14.160,-11.719
1789911919.827988,-4.395,-18.066,-17.578,-7.324
1789911919.831886,-10.742,-19.043,-19.043,-15.137
1789911919.835846,-11.230,-22.461,-21.973,-20.020
1789911919.839744,2.441,-23.926,-22.461,-6.836
1789911919.843641,3.906,-22.949,-20.996,-7.812
1789911919.847539,-3.418,-23.438,-24.414,-11.719
1789911919.851437,-5.371,-18.066,-22.949,-1.953
1789911919.855334,-19.531,-20.020,-20.996,-15.625
1789911919.859232,-18.555,-23.926,-22.461,-27.832
1789911919.863130,-6.836,-23.926,-23.926,-30.762
1789911919.867027,-7.324,-20.508,-23.926,-34.180
1789911919.870925,-25.391,-18.066,-26.367,-23.438
1789911919.874823,-29.785,-21.973,-26.855,-26.367
1789911919.878720,-14.648,-22.461,-21.973,-24.902
1789911919.882662,-20.996,-25.879,-21.973,-37.109
1789911919.886559,-40.527,-29.785,-25.391,-42.969
1789911919.890457,-35.156,-29.297,-27.832,-33.203
1789911919.894355,-14.648,-26.855,-24.414,-34.668
1789911919.898252,-7.324,-24.902,-23.926,-29.785
1789911919.902150,-15.625,-23.438,-27.344,-22.461
1789911919.906048,-12.207,-22.949,-24.414,-17.578
1789911919.909945,-4.883,-20.508,-20.020,-13.672
1789911919.913843,-4.883,-17.578,-18.066,-14.160
1789911919.917741,15.625,-15.625,-16.113,-9.766
1789911919.921638,7.324,-12.695,-16.602,-10.742
1789911919.925536,-7.324,-14.160,-20.996,-20.996
1789911919.929499,0.000,-15.137,-19.531,-35.156
1789911919.933397,0.000,-9.766,-20.020,-28.809
1789911919.937294,0.000,-12.207,-26.367,-16.602
1789911919.941192,0.000,-20.020,-28.320,-27.344
1789911919.945090,0.000,-20.508,-23.926,-21.484
1789911919.948987,0.000,-21.484,-23.438,-18.066
1789911919.952885,0.000,-24.902,-32.227,-18.555
1789911919.956783,0.000,-20.996,-29.297,-9.277
1789911919.960681,0.000,-18.555,-21.484,-1.465
1789911919.964578,0.000,-20.020,-21.973,1.953
1789911919.968476,0.000,-20.508,-26.855,3.906
1789911919.972374,0.000,-20.020,-26.367,2.441
1789911919.976379,2.441,-19.043,-29.297,-13.184
1789911919.980277,1.465,-14.648,-34.180,-26.855
1789911919.984174,3.906,-16.602,-36.133,-24.414
1789911919.988072,-2.930,-27.832,-41.016,-27.344
1789911919.991970,-15.625,-33.691,-37.109,-30.762
1789911919.995867,-18.066,-33.691,-23.438,-29.297
1789911919.999765,-20.996,-37.109,-30.762,-32.227
1789911920.003663,-14.648,-33.203,-35.156,-30.762
1789911920.007560,-17.090,-32.227,-30.762,-32.227
1789911920.011458,-20.508,-28.320,-34.668,-22.949
1789911920.015356,-13.672,-23.438,-30.273,-27.832
1789911920.019254,0.000,-19.043,-27.832,-31.250
1789911920.023313,1.465,-14.160,-30.762,-16.602
1789911920.027211,-1.953,-16.602,-34.668,-12.207
1789911920.031109,-9.766,-20.508,-32.227,-21.973
1789911920.035006,-12.207,-24.902,-32.227,-33.203
1789911920.038904,-7.324,-21.484,-29.297,-19.043
1789911920.042802,-17.578,-27.832,-32.227,-23.926
1789911920.046700,-19.043,-31.250,-40.039,-31.738
1789911920.050597,-7.324,-28.809,-36.621,-23.926
1789911920.054495,-10.254,-28.320,-31.738,-17.578
1789911920.058393,-2.441,-29.297,-29.297,-3.418
1789911920.062290,24.902,-27.344,-28.320,-7.324
1789911920.066188,14.648,-20.508,-26.855,-22.949
1789911920.070165,-0.488,-19.043,-26.367,-14.648
1789911920.074062,5.859,-22.949,-26.367,-13.184
1789911920.077960,5.859,-26.367,-29.785,-20.508
1789911920.081858,1.465,-26.367,-32.715,-24.414
1789911920.085756,-5.371,-24.902,-27.344,-31.250
1789911920.089653,-14.648,-25.879,-29.785,-25.879
1789911920.093551,-14.648,-26.367,-32.227,-15.625
1789911920.097449,1.953,-20.508,-21.973,-13.672
1789911920.101346,-1.465,-10.254,-19.531,-12.695
1789911920.105244,-15.137,-13.184,-25.879,-14.160
1789911920.109142,-13.184,-23.438,-30.762,-29.785
1789911920.113040,-14.648,-18.066,-29.785,-39.551
1789911920.117079,-18.066,-17.578,-27.832,-32.227
1789911920.120977,-16.113,-21.484,-26.367,-38.574
1789911920.124874,-5.371,-19.531,-22.949,-42.969
1789911920.128772,-4.395,-18.555,-27.344,-39.062
1789911920.132670,-9.766,-23.438,-31.250,-30.273
1789911920.136568,-3.418,-23.926,-25.391,-18.066
1789911920.140465,-7.324,-21.973,-25.879,-18.066
1789911920.144363,4.883,-20.508,-29.785,-15.137
1789911920.148261,10.742,-18.555,-31.738,-12.207
1789911920.152159,3.906,-25.391,-35.645,-13.672
1789911920.156056,4.883,-28.809,-30.762,-13.184
1789911920.159954,-4.883,-28.320,-26.367,-10.742
1789911920.163982,-2.441,-28.320,-23.926,12.207
1789911920.167880,5.371,-28.320,-25.879,13.672
1789911920.171778,1.953,-25.879,-32.715,-18.555
1789911920.175676,-12.207,-27.832,-38.574,-25.879
1789911920.179574,-20.020,-33.203,-37.598,-25.391
1789911920.183471,-15.625,-36.133,-33.203,-30.762
1789911920.187369,-7.812,-33.203,-34.668,-33.691
1789911920.191267,-1.953,-29.785,-35.156,-36.133
1789911920.195164,-12.695,-32.227,-28.809,-32.715
1789911920.199062,-18.066,-32.715,-23.438,-38.086
1789911920.202960,-23.438,-31.250,-24.414,-45.898
1789911920.206858,-21.973,-35.156,-28.809,-43.945
1789911920.210822,-5.371,-31.738,-27.832,-39.551
1789911920.214720,-10.742,-27.832,-22.949,-37.598
1789911920.218617,-16.113,-33.203,-24.902,-32.715
1789911920.222515,-14.160,-35.645,-30.273,-24.902
1789911920.226413,-17.578,-33.691,-32.715,-31.738
1789911920.230311,-10.742,-29.297,-31.738,-22.949
1789911920.234209,-12.207,-33.691,-34.180,-13.672
1789911920.238106,-12.207,-33.203,-32.227,-23.926
1789911920.242004,0.000,-28.320,-27.344,-38.574
1789911920.245902,4.395,-32.227,-29.785,-35.156
1789911920.249800,1.465,-34.668,-31.738,-24.902
1789911920.253697,-4.883,-35.156,-31.250,-26.367
1789911920.257709,-7.812,-32.227,-29.785,-29.297
1789911920.261607,-3.418,-28.320,-23.438,-19.043
1789911920.265505,16.602,-23.438,-15.625,3.418
1789911920.269403,22.461,-19.043,-14.648,11.230
1789911920.273300,16.602,-19.531,-15.137,2.930
1789911920.277198,16.602,-22.461,-18.066,-5.371
1789911920.281096,13.672,-20.508,-21.973,-1.465
1789911920.284994,12.207,-17.090,-20.020,-6.348
1789911920.288892,4.395,-16.113,-18.066,-11.719
1789911920.292789,12.695,-20.020,-20.020,-14.160
1789911920.296687,19.043,-20.996,-21.484,-13.672
1789911920.300585,-0.977,-21.973,-23.438,0.488
1789911920.304521,-5.859,-22.461,-19.043,-12.695
1789911920.308419,4.883,-19.531,-16.113,-27.832
1789911920.312317,-11.719,-21.973,-21.484,-20.020
1789911920.316215,-14.648,-24.414,-26.855,-22.949
1789911920.320113,0.977,-21.484,-28.809,-30.762
1789911920.324010,2.441,-14.160,-24.414,-35.156
1789911920.327908,0.977,-14.648,-25.879,-38.086
1789911920.331806,-10.254,-19.043,-21.484,-38.574
1789911920.335704,-9.277,-14.160,-17.090,-34.668
1789911920.339602,12.207,-9.766,-17.090,-21.484
1789911920.343499,10.254,-10.254,-13.184,-13.672
1789911920.347397,4.883,-10.254,-10.742,-14.160
1789911920.351463,12.207,-12.695,0.000,-11.230
1789911920.355361,13.672,-13.672,0.000,-6.836
1789911920.359259,16.113,-13.672,0.000,6.348
1789911920.363156,15.625,-14.648,0.000,3.906
1789911920.367054,19.043,-10.254,0.000,-4.395
1789911920.370952,34.668,-8.789,0.000,-1.953
1789911920.374850,36.621,-11.719,0.000,-3.906
1789911920.378748,24.414,-11.719,0.000,-5.859
1789911920.382645,28.809,-8.301,0.000,5.859
1789911920.386543,31.738,-4.395,0.000,31.250
1789911920.390441,26.367,0.000,0.000,23.926
1789911920.394339,30.762,0.488,0.000,14.648
1789911920.398398,31.738,-4.883,-9.766,18.555
1789911920.402296,24.902,-12.207,-16.602,7.812
1789911920.406194,29.785,-14.160,-18.066,2.930
1789911920.410092,36.621,-10.254,-15.625,-4.395
1789911920.413990,23.438,-6.836,-17.578,-5.371
1789911920.417887,6.836,-3.906,-22.461,-5.859
1789911920.421785,8.301,-1.953,-18.555,-8.789
1789911920.425683,16.113,-5.859,-19.531,5.371
1789911920.429581,4.883,-10.254,-25.879,-4.395
1789911920.433479,-3.418,-9.277,-25.391,-20.996
1789911920.437376,4.395,-8.789,-19.531,-13.184
1789911920.441274,2.930,-12.695,-21.973,-11.230
1789911920.445251,-0.977,-9.766,-24.414,-6.348
1789911920.449149,-0.488,-7.324,-20.020,-8.789
1789911920.453047,7.812,-10.254,-21.973,-14.648
1789911920.456944,22.461,-6.348,-24.414,-15.137
1789911920.460842,16.602,-5.371,-21.484,-12.207
1789911920.464740,3.906,-7.812,-23.926,-15.137
1789911920.468638,-0.977,-6.836,-27.344,-28.809
1789911920.472536,-7.812,-17.578,-29.297,-40.039
1789911920.476434,-8.789,-25.391,-34.668,-33.691
1789911920.480332,-0.977,-19.043,-37.598,-17.090
1789911920.484229,4.395,-20.508,-39.551,-20.508
1789911920.488127,15.137,-23.926,-40.039,-15.625
1789911920.492167,7.324,-35.156,-42.480,-11.230
1789911920.496064,3.418,-38.086,-40.527,-21.973
1789911920.499962,5.371,-35.156,-35.645,-24.414
1789911920.503860,9.277,-36.133,-38.086,-12.207
1789911920.507758,14.648,-38.086,-41.504,-15.137
1789911920.511656,2.441,-36.621,-47.852,-24.414
1789911920.515554,-8.789,-37.109,-48.340,-20.508
1789911920.519452,-4.395,-38.086,-41.016,-14.648
1789911920.523349,-0.977,-28.809,-41.504,-17.578
1789911920.527247,-4.883,-32.227,-42.969,-26.367
1789911920.531145,-10.742,-37.598,-45.410,-32.227
1789911920.535043,-14.160,-32.227,-48.828,-43.457
1789911920.539018,-27.344,-31.738,-53.223,-35.156
1789911920.542916,-29.785,-31.250,-53.711,-39.062
1789911920.546814,-22.949,-33.691,-52.734,-47.363
1789911920.550712,-24.902,-37.109,-54.199,-44.434
1789911920.554610,-14.160,-36.621,-53.223,-41.504
1789911920.558508,-23.926,-38.574,-52.734,-32.227
1789911920.562406,-30.273,-38.574,-46.875,-23.438
1789911920.566303,-21.484,-34.668,-45.898,-24.414
1789911920.570201,-24.414,-32.227,-49.805,-24.414
1789911920.574099,-26.367,-38.086,-53.223,-29.785
1789911920.577997,-27.832,-35.645,-48.340,-29.297
1789911920.581895,-19.043,-30.273,-43.457,-21.484
1789911920.585916,-6.348,-33.691,-44.922,-24.414
1789911920.589813,-4.395,-30.762,-36.621,-23.438
1789911920.593711,6.348,-22.949,-31.738,-9.277
1789911920.597609,9.277,-20.020,-36.133,-0.488
1789911920.601507,-9.277,-23.926,-40.527,-13.672
1789911920.605405,-3.906,-26.367,-41.504,-26.367
1789911920.609303,3.906,-25.879,-41.992,-10.742
1789911920.613201,5.371,-26.367,-44.434,5.371
1789911920.617099,10.742,-24.414,-48.340,-8.301
1789911920.620997,-1.953,-25.879,-42.969,-22.461
1789911920.624895,-12.695,-25.391,-36.133,-19.043
1789911920.628793,4.395,-26.855,-38.086,-14.160
1789911920.632805,11.230,-29.785,-41.504,-17.090
1789911920.636703,-6.348,-26.855,-39.551,-18.066
1789911920.640601,-8.301,-28.809,-37.598,-29.297
1789911920.644499,0.977,-30.762,-36.621,-28.320
1789911920.648397,4.395,-26.855,-36.133,-17.090
1789911920.652295,8.301,-26.855,-34.180,-17.578
1789911920.656193,2.441,-30.762,-37.598,-15.137
1789911920.660090,-7.812,-29.785,-40.527,-18.066
1789911920.663988,1.465,-28.809,-36.133,-17.578
1789911920.667886,5.371,-24.414,-29.297,-1.465
1789911920.671784,-6.348,-21.973,-30.273,-2.441
1789911920.675682,-12.207,-24.902,-34.668,-24.414
1789911920.679712,-15.137,-31.250,-32.715,-33.691
1789911920.683609,-22.949,-33.691,-32.227,-28.809
1789911920.687507,-10.742,-29.785,-36.621,-24.414
1789911920.691405,-0.488,-29.297,-36.621,-29.785
1789911920.695303,-4.395,-29.785,-32.715,-20.996
1789911920.699201,-0.977,-26.855,-30.273,-7.812
1789911920.703099,-6.348,-25.391,-31.250,-9.766
1789911920.706997,5.371,-24.414,-35.156,-14.160
1789911920.710895,8.789,-23.926,-33.691,-12.207
1789911920.714793,-1.465,-27.832,-28.320,-2.441
1789911920.718691,2.441,-28.809,-28.320,-6.836
1789911920.722589,0.000,-27.832,-29.785,-19.043
1789911920.726582,0.000,-28.809,-29.785,-18.066
1789911920.730480,5.371,-23.438,-30.273,-21.484
1789911920.734378,8.789,-22.949,-29.785,-24.414
1789911920.738276,6.348,-23.438,-28.809,-20.996
1789911920.742174,0.488,-22.949,-31.250,-19.043
1789911920.746072,-8.789,-26.367,-34.180,-22.461
1789911920.749970,-13.672,-29.785,-33.691,-27.832
1789911920.753868,-12.207,-23.926,-28.809,-22.949
1789911920.757766,-9.277,-15.137,-27.832,-19.043
1789911920.761663,-19.043,-22.949,-33.691,-9.277
1789911920.765561,-17.090,-23.438,-32.227,-10.742
1789911920.769459,-5.371,-22.949,-30.273,-20.996
1789911920.773444,-2.930,-25.391,-33.691,-33.203
1789911920.777342,4.395,-23.926,-35.645,-36.133
1789911920.781240,0.000,-23.926,-38.574,-31.738
1789911920.785138,-3.418,-28.809,-35.645,-26.855
1789911920.789036,3.906,-32.715,-32.715,-26.367
1789911920.792934,7.812,-28.320,-34.180,-20.996
1789911920.796832,-8.301,-28.809,-35.645,-28.320
1789911920.800730,-12.695,-29.297,-40.527,-44.922
1789911920.804628,-3.418,-26.367,-33.203,-20.020
1789911920.808526,-8.789,-27.832,-28.809,-16.113
1789911920.812423,1.953,-25.391,-38.086,-32.715
1789911920.816322,8.789,-25.879,-40.039,-20.020
1789911920.820298,0.000,-29.297,0.000,-16.602
1789911920.824196,0.000,-26.367,0.000,-14.648
1789911920.828094,0.000,-28.809,0.000,-7.812
1789911920.831992,0.000,-31.738,0.000,-0.488
1789911920.835890,0.000,-29.297,0.000,-15.625
1789911920.839788,0.000,-31.738,0.000,-29.297
1789911920.843686,0.000,-35.156,0.000,-30.273
1789911920.847584,0.000,-33.203,0.000,-28.809
1789911920.851482,0.000,-32.715,0.000,-17.090
1789911920.855380,0.000,-37.598,0.000,-20.508
1789911920.859278,0.000,-31.738,0.000,-20.996
1789911920.863176,0.000,-31.738,0.000,-27.344
1789911920.867141,-19.531,-41.992,-47.852,-39.062
1789911920.871039,-10.254,-33.203,-49.316,-42.969
1789911920.874938,-3.418,-28.320,-45.410,-40.039
1789911920.878835,-6.836,-29.785,-45.410,-34.180
1789911920.882733,-4.883,-31.250,-51.758,-39.551
1789911920.886631,4.883,-33.203,-45.898,-41.016
1789911920.890529,-1.465,-32.715,-43.457,-35.645
1789911920.894427,-17.090,-32.227,-48.340,-18.066
1789911920.898325,-14.648,-33.203,-48.340,-11.719
1789911920.902223,-8.301,-31.738,-44.434,-25.391
1789911920.906121,-7.324,-25.391,-39.551,-16.113
1789911920.910019,-3.906,-26.367,-41.016,-7.812
1789911920.914049,-9.766,-32.715,-44.434,-14.160
1789911920.917948,-19.531,-37.598,-46.875,-15.137
1789911920.921845,-25.879,-39.062,-48.828,-17.090
1789911920.925743,-22.461,-37.598,-49.805,-20.508
1789911920.929641,-16.113,-38.086,-51.758,-21.484
1789911920.933539,-9.766,-41.016,-51.758,-29.785
1789911920.937437,-6.836,-41.504,-55.664,-29.785
1789911920.941335,-17.578,-36.133,-56.641,-14.160
1789911920.945233,-25.391,-36.133,-57.617,-16.113
1789911920.949131,-17.578,-36.621,-61.035,-21.973
1789911920.953029,-4.395,-33.203,-62.012,-22.461
1789911920.956927,-5.371,-36.133,-64.453,-17.090
1789911920.960945,-17.090,-37.598,-64.941,-16.113
1789911920.964843,-7.812,-31.738,-65.918,-20.508
1789911920.968741,-11.719,-35.156,-66.895,-26.367
1789911920.972639,-15.137,-38.574,-67.383,-29.785
1789911920.976537,-14.160,-37.598,-72.266,-28.320
1789911920.980435,-26.367,-36.621,-75.684,-39.062
1789911920.984333,-23.926,-31.738,-73.730,-40.527
1789911920.988231,-33.203,-32.715,-72.754,-40.039
1789911920.992129,-35.645,-35.156,-70.801,-43.457
1789911920.996027,-22.949,-34.180,-72.754,-41.504
1789911920.999925,-23.926,-38.086,-76.660,-35.645
1789911921.003823,-28.809,-46.387,-77.148,-30.273
1789911921.007784,-24.902,-47.363,-78.125,-38.086
1789911921.011682,-22.949,-44.922,-81.543,-42.969
1789911921.015580,-13.672,-43.945,-83.984,-33.203
1789911921.019478,-22.949,-41.016,-80.566,-28.320
1789911921.023376,-28.809,-38.574,-75.684,-36.133
1789911921.027274,-20.508,-40.527,-75.684,-42.969
1789911921.031173,-20.996,-37.109,-78.613,-30.762
1789911921.035070,-20.020,-38.086,-78.125,-23.438
1789911921.038968,-25.391,-38.574,-77.148,-32.715
1789911921.042866,-30.273,-36.621,-78.613,-41.992
1789911921.046764,-33.203,-41.504,-81.543,-41.016
1789911921.050663,-32.227,-40.039,-81.055,-40.527
1789911921.054741,-29.297,-35.156,-83.496,-43.945
1789911921.058639,-29.785,-36.133,-85.449,-36.133
1789911921.062537,-34.180,-39.062,-86.914,-30.762
1789911921.066435,-36.133,-39.551,-94.238,-40.039
1789911921.070333,-28.320,-37.598,-95.215,-38.086
1789911921.074231,-17.578,-37.109,-89.844,-25.879
1789911921.078129,-23.438,-35.645,-87.891,-25.879
1789911921.082027,-35.156,-30.273,-91.797,-27.344
1789911921.085925,-40.527,-33.691,-92.773,-31.250
1789911921.089823,-39.062,-34.180,-92.285,-29.297
1789911921.093721,-31.738,-29.785,-89.355,-29.297
1789911921.097619,-29.785,-32.227,-89.844,-40.527
1789911921.101615,-25.879,-37.109,-94.727,-46.875
1789911921.105513,-20.508,-37.109,-96.191,-41.016
1789911921.109411,-21.484,-31.250,-93.262,-19.531
1789911921.113309,-18.066,-34.668,-89.844,-15.137
1789911921.117207,-22.461,-38.086,-87.402,-22.949
1789911921.121105,-14.160,-36.133,-88.867,-20.508
1789911921.125003,-2.930,-32.227,-89.844,-26.367
1789911921.128901,-17.578,-34.180,-86.426,-27.344
1789911921.132799,-23.926,-33.203,-88.379,-15.625
1789911921.136697,-12.695,-27.832,-94.727,-5.371
1789911921.140595,-15.137,-32.227,-93.262,-11.230
1789911921.144494,-14.648,-39.551,-90.332,-20.020
1789911921.148505,0.000,-42.480,-94.238,-21.484
1789911921.152403,0.000,-38.574,-95.703,-23.926
1789911921.156301,0.000,-34.668,-92.773,-38.574
1789911921.160199,0.000,-35.156,-89.355,-36.133
1789911921.164097,0.000,-38.574,-86.426,-21.973
1789911921.167995,0.000,-36.133,-83.008,-25.391
1789911921.171893,0.000,-33.691,-84.473,-30.273
1789911921.175791,0.000,-34.668,-87.402,-34.668
1789911921.179689,0.000,-32.227,-84.961,-30.762
1789911921.183587,0.000,-37.598,-86.914,-23.926
1789911921.187485,0.000,-46.387,-94.238,-25.879
1789911921.191383,0.000,-46.875,-97.656,-28.320
1789911921.195194,-10.254,-43.457,-98.145,-33.203
1789911921.199091,-19.043,-39.062,-96.680,-38.574
1789911921.202990,-28.320,-36.133,-93.262,-41.016
1789911921.206888,-19.531,-35.156,-92.773,-35.156
1789911921.210786,-29.297,-36.621,-94.238,-33.691
1789911921.214684,-31.250,-42.480,-98.633,-36.133
1789911921.218582,-25.391,-44.922,-99.121,-31.738
1789911921.222480,-23.926,-41.016,-97.168,-20.996
1789911921.226378,-11.230,-35.645,-97.656,-20.020
1789911921.230276,-22.461,-36.621,-96.680,-23.438
1789911921.234174,-45.410,-34.180,-92.285,-20.996
1789911921.238072,-40.527,-28.809,-91.797,-21.484
1789911921.242038,-8.789,-30.762,0.000,-22.461
1789911921.245936,-32.227,-29.297,0.000,-13.672
1789911921.249834,-20.508,-27.832,0.000,-26.855
1789911921.253732,-18.555,-30.762,0.000,-45.410
1789911921.257630,-41.016,-40.527,0.000,-47.852
1789911921.261528,-55.664,-48.340,0.000,-50.293
1789911921.265426,-52.246,-42.969,0.000,-44.434
1789911921.269324,-39.551,-39.062,0.000,-30.762
1789911921.273222,-41.504,-34.180,0.000,-29.785
1789911921.277120,-31.738,-34.668,0.000,-32.715
1789911921.281018,-12.207,-30.762,0.000,-29.785
1789911921.284916,-11.230,-25.391,0.000,-24.414
1789911921.288943,-11.230,-27.832,-93.750,-14.160
1789911921.292841,-10.742,-25.391,-92.285,-19.043
1789911921.296739,-7.324,-26.367,-94.238,-24.414
1789911921.300637,-17.578,-26.367,-94.727,-20.508
1789911921.304535,-23.926,-25.879,-94.238,-19.531
1789911921.308433,-24.414,-33.203,-97.656,-19.531
1789911921.312331,-23.926,-40.039,-99.121,-17.090
1789911921.316229,-20.996,-36.621,-95.703,-14.648
1789911921.320127,-21.484,-26.367,-88.379,-12.695
1789911921.324025,-20.996,-27.344,-85.938,-13.672
1789911921.327923,-21.484,-38.086,-91.309,-20.020
1789911921.331821,-18.555,-41.504,-87.891,-29.785
1789911921.335768,-15.137,-31.738,-82.031,-20.996
1789911921.339666,-13.184,-24.902,-75.684,-18.555
1789911921.343564,-10.742,-23.438,-74.707,-17.578
1789911921.347462,-11.230,-23.438,-81.543,-16.602
1789911921.351361,-3.906,-25.879,-77.148,-21.973
1789911921.355259,0.977,-22.461,-75.684,-19.531
1789911921.359157,-13.672,-20.020,-81.543,-19.531
1789911921.363055,-14.648,-22.461,-80.078,-27.832
1789911921.366953,-4.395,-23.438,-74.707,-32.715
1789911921.370851,-4.395,-22.949,-71.289,-13.672
1789911921.374749,-13.672,-28.320,-70.312,-7.812
1789911921.378647,-30.762,-36.133,-77.148,-40.527
1789911921.382589,-37.598,-36.133,-84.473,-40.527
1789911921.386487,-40.527,-30.762,-80.566,-25.391
1789911921.390385,-31.250,-30.762,-76.660,-31.738
1789911921.394283,-21.973,-33.691,-80.566,-39.551
1789911921.398181,-27.832,-32.715,-76.172,-42.969
1789911921.402079,-29.297,-22.949,-68.848,-25.879
1789911921.405977,-17.578,-24.414,-73.730,-26.855
1789911921.409875,-18.066,-30.762,-76.172,-41.016
1789911921.413774,-16.113,-26.367,-67.871,-33.691
1789911921.417672,-0.977,-23.926,-67.383,-33.203
1789911921.421570,-12.207,-26.855,-74.219,-42.480
1789911921.425468,-12.695,-26.855,-73.730,-41.016
1789911921.429402,0.488,-22.949,-72.266,-29.785
1789911921.433300,1.953,-20.996,-72.266,-19.531
1789911921.437198,9.277,-24.414,-70.312,-15.625
1789911921.441097,14.648,-23.926,-69.336,-17.090
1789911921.444995,-1.953,-18.066,-67.871,-20.020
1789911921.448893,-4.883,-16.113,-64.941,-13.184
1789911921.452791,0.977,-12.207,-64.941,-6.836
1789911921.456689,-0.488,-12.695,-64.941,-20.996
1789911921.460587,1.953,-12.695,-59.570,-15.137
1789911921.464485,-5.371,-9.277,-60.059,-7.812
1789911921.468383,-5.371,-15.137,-63.965,-13.184
1789911921.472281,-2.930,-19.531,-62.500,-22.949
1789911921.476279,0.000,-20.020,-59.570,-31.738
1789911921.480177,0.000,-19.043,-60.059,-32.227
1789911921.484075,0.000,-19.531,-59.082,-34.180
1789911921.487973,0.000,-20.508,-54.688,-29.785
1789911921.491871,0.000,-18.066,-51.270,-30.273
1789911921.495769,0.000,-18.555,-58.105,-42.480
1789911921.499667,0.000,-23.438,-59.082,-29.785
1789911921.503566,0.000,-25.879,-58.105,-28.320
1789911921.507464,0.000,-24.414,-61.523,-51.270
1789911921.511362,0.000,-20.020,-55.176,-38.086
1789911921.515260,0.000,-19.043,-52.246,-31.738
1789911921.519158,0.000,-21.973,-54.688,-40.039
1789911921.523147,-22.461,-21.973,-48.340,-29.297
1789911921.527045,-10.742,-23.438,-48.340,-20.020
1789911921.530944,-14.648,-19.531,-55.664,-15.625
1789911921.534842,-5.859,-15.625,-54.688,-13.184
1789911921.538740,-5.859,-18.555,-51.758,-14.160
1789911921.542638,-26.367,-22.949,-51.270,-19.531
1789911921.546536,-17.578,-23.438,-52.734,-25.879
1789911921.550434,-1.465,-19.531,-49.805,-26.855
1789911921.554332,-9.277,-19.043,-45.898,-14.648
1789911921.558230,-18.066,-21.484,-53.711,-18.066
1789911921.562129,-22.461,-18.066,-54.199,-19.531
1789911921.566027,-26.855,-18.555,-52.734,-21.484
1789911921.569999,-22.949,-24.414,-56.152,-38.574
1789911921.573897,-25.391,-21.973,-49.316,-29.297
1789911921.577796,-23.438,-21.484,-48.340,-25.879
1789911921.581694,-24.414,-23.926,-56.152,-38.086
1789911921.585592,-35.156,-23.438,-59.570,-42.969
1789911921.589490,-20.020,-22.461,-59.570,-41.992
1789911921.593388,-23.438,-20.508,-57.129,-46.875
1789911921.597286,-36.621,-19.531,-50.781,-37.598
1789911921.601184,-39.062,-22.949,-57.129,-36.133
1789911921.605082,-41.992,-23.438,-64.453,-47.363
1789911921.608980,-43.945,-28.320,-61.035,-51.270
1789911921.612879,-49.316,-29.785,-58.105,-51.270
1789911921.616916,-35.156,-22.461,-49.805,-40.039
1789911921.620814,-23.438,-20.996,-48.340,-46.387
1789911921.624712,-26.855,-21.973,-51.270,-37.109
1789911921.628611,-30.273,-18.066,-47.363,-25.391
1789911921.632509,-17.578,-17.090,-50.293,-40.039
1789911921.636407,-14.648,-16.602,-50.781,-33.203
1789911921.640305,-20.508,-15.625,-48.340,-25.391
1789911921.644203,-19.531,-13.672,-44.922,-25.391
1789911921.648101,-17.578,-14.160,-43.945,-25.879
1789911921.651999,-3.418,-17.090,-48.340,-23.926
1789911921.655898,0.977,-20.020,-41.992,-16.602
1789911921.659796,-17.090,-21.484,-37.598,-13.672
1789911921.663756,-28.320,-21.973,-40.527,-24.414
1789911921.667654,-31.250,-26.855,-46.387,-31.250
1789911921.671552,-25.879,-24.414,-45.410,-27.344
1789911921.675450,-27.344,-15.625,-44.922,-37.109
1789911921.679348,-39.062,-17.578,-48.340,-44.434
1789911921.683247,-37.598,-21.973,-45.898,-44.434
1789911921.687145,-25.391,-18.066,-42.969,-40.527
1789911921.691043,-29.297,-24.414,-43.457,-50.781
1789911921.694941,-37.109,-30.762,-47.363,-71.289
1789911921.698839,-26.367,-24.902,-47.852,-68.359
1789911921.702738,-21.484,-22.461,-43.457,-45.898
1789911921.706636,-29.297,-29.785,-44.434,-34.668
1789911921.710654,0.000,-31.250,-46.387,-44.922
1789911921.714552,0.000,-36.621,-40.527,-49.805
1789911921.718450,0.000,-36.133,-32.227,-49.316
1789911921.722348,0.000,-31.250,-33.691,-50.293
1789911921.726246,0.000,-33.203,-38.086,-43.945
1789911921.730145,0.000,-32.227,-35.156,-45.410
1789911921.734043,0.000,-33.203,-35.645,-46.387
1789911921.737941,0.000,-33.203,-41.992,-49.805
1789911921.741839,0.000,-31.250,-43.945,-51.758
1789911921.745737,0.000,-29.785,-43.945,-41.016
1789911921.749635,0.000,-28.809,-40.039,-33.203
1789911921.753534,0.000,-28.809,-34.180,-22.461
1789911921.757475,-34.668,-36.133,0.000,-21.973
1789911921.761373,-24.902,-32.715,0.000,-32.715
1789911921.765271,-26.855,-24.902,0.000,-37.598
1789911921.769170,-44.922,-30.273,0.000,-35.645
1789911921.773068,-45.898,-34.180,0.000,-40.039
1789911921.776966,-33.203,-33.691,0.000,-42.969
1789911921.780864,-36.621,-36.621,0.000,-37.598
1789911921.784762,-43.457,-38.574,0.000,-41.504
1789911921.788661,-48.340,-33.203,0.000,-43.945
1789911921.792559,-45.410,-26.855,0.000,-35.645
1789911921.796457,-28.809,-24.414,0.000,-28.809
1789911921.800355,-30.762,-22.461,0.000,-27.832
1789911921.804291,-30.273,-25.391,-33.203,-32.715
1789911921.808189,-9.277,-24.902,-36.133,-43.945
1789911921.812087,-11.719,-20.508,-36.133,-49.316
1789911921.815985,-25.391,-20.508,-37.598,-45.410
1789911921.819883,-17.578,-25.391,-42.480,-53.711
1789911921.823781,-8.789,-25.391,-42.480,-57.617
1789911921.827680,-12.207,-24.902,-35.645,-47.852
1789911921.831578,-3.418,-24.414,-38.086,-43.457
1789911921.835476,-8.789,-18.066,-34.668,-36.621
1789911921.839374,-20.020,-22.949,-27.832,-26.367
1789911921.843272,-26.367,-30.273,-31.250,-29.297
1789911921.847171,-37.598,-29.785,-32.227,-30.762
1789911921.851174,0.000,-28.809,-26.367,-20.020
1789911921.855072,0.000,-26.367,-24.414,-26.367
1789911921.858970,0.000,-26.367,-30.762,-38.086
1789911921.862869,0.000,-26.367,-34.180,-41.992
1789911921.866767,0.000,-30.273,-32.715,-41.016
1789911921.870665,0.000,-31.250,-29.297,-39.062
1789911921.874563,0.000,-35.156,-33.691,-44.922
1789911921.878461,0.000,-41.504,-37.598,-44.922
1789911921.882360,0.000,-39.062,-31.738,-29.785
1789911921.886258,0.000,-41.504,-34.668,-41.016
1789911921.890156,0.000,-49.316,-45.410,-62.500
1789911921.894054,0.000,-56.641,-51.270,-72.754
1789911921.898172,-58.105,-63.965,-65.430,-90.820
1789911921.902071,-87.891,-73.242,-76.660,-103.516
1789911921.905969,-87.402,-76.172,-74.219,-96.191
1789911921.909867,-81.543,-77.148,-81.543,-96.680
1789911921.913765,-81.055,-86.914,-92.773,-98.633
1789911921.917664,-80.078,-99.609,-95.215,-101.074
1789911921.921562,-83.984,-104.980,-95.215,-99.121
1789911921.925460,-93.262,-103.516,-96.191,-96.191
1789911921.929358,-90.332,-97.168,-91.797,-85.938
1789911921.933256,-89.355,-99.609,-88.379,-89.844
1789911921.937155,-81.543,-99.121,-82.520,-102.051
1789911921.941053,-79.590,-93.750,-79.590,-105.957
1789911921.945025,-89.355,-92.773,-83.008,-107.910
1789911921.948924,-93.262,-91.309,-83.496,-97.656
1789911921.952822,-92.773,-89.355,-81.055,-89.844
1789911921.956720,-89.844,-89.844,-79.102,-91.309
1789911921.960618,-91.797,-91.797,-79.590,-98.145
1789911921.964517,-84.473,-89.355,-83.008,-92.285
1789911921.968415,-83.984,-86.914,-76.660,-83.984
1789911921.972313,-78.125,-86.914,-66.895,-75.684
1789911921.976211,-72.266,-84.961,-69.336,-65.430
1789911921.980109,-78.125,-83.984,-68.848,-74.219
1789911921.984008,-66.406,-80.078,-64.941,-88.867
1789911921.987906,-67.871,-76.172,-65.918,-92.285
1789911921.991901,-79.590,-79.590,-63.965,-92.285
1789911921.995800,-78.125,-82.031,-61.523,-87.891
1789911921.999698,-59.082,-77.148,-59.570,-75.684
1789911922.003596,-49.316,-70.801,-56.152,-67.871
1789911922.007494,-68.359,-71.777,-58.594,-81.055
1789911922.011393,-80.078,-80.078,-66.895,-87.891
1789911922.015291,-70.801,-79.590,-70.801,-81.055
1789911922.019189,-50.781,-73.242,-67.383,-80.078
1789911922.023087,-37.598,-69.824,-58.594,-85.938
1789911922.026985,-46.875,-69.824,-56.641,-83.496
1789911922.030884,-53.711,-68.359,-57.617,-72.266
1789911922.034782,-40.527,-65.918,-58.105,-64.453
1789911922.038741,-36.133,-61.035,-56.152,-60.059
1789911922.042640,-53.223,-63.965,-56.152,-69.824
1789911922.046538,-58.105,-67.871,-55.664,-72.266
1789911922.050436,-41.016,-54.199,-48.340,-64.941
1789911922.054334,-28.809,-45.898,-47.363,-61.035
1789911922.058233,-38.086,-44.434,-45.898,-56.641
1789911922.062131,-36.621,-45.898,-44.922,-49.316
1789911922.066029,-39.062,-48.340,-47.852,-45.898
1789911922.069927,-43.945,-46.875,-42.969,-63.965
1789911922.073826,-45.410,-45.410,-38.574,-68.359
1789911922.077724,-56.152,-44.922,-37.598,-55.664
1789911922.081622,-44.434,-41.016,-36.621,-50.781
1789911922.085581,-31.738,-37.109,-41.016,-51.758
1789911922.089479,-38.086,-42.480,-39.062,-51.758
1789911922.093377,-55.176,-44.922,-40.039,-48.828
1789911922.097275,-57.129,-46.875,-44.922,-53.223
1789911922.101174,-49.316,-55.664,-42.480,-60.547
1789911922.105072,-44.922,-49.805,-37.598,-54.199
1789911922.108970,-45.898,-45.898,-38.574,-53.711
1789911922.112868,-43.457,-49.316,-39.551,-65.430
1789911922.116767,-49.316,-43.945,-38.086,-63.965
1789911922.120665,-44.434,-39.062,-40.527,-56.641
1789911922.124563,-35.645,-33.691,-34.668,-58.594
1789911922.128461,-46.387,-38.574,-35.156,-56.152
1789911922.132400,-45.898,-41.504,-36.621,-53.711
1789911922.136298,-41.992,-29.785,-38.086,-55.176
1789911922.140197,-30.762,-27.344,-42.969,-48.828
1789911922.144095,-24.414,-34.180,-40.039,-49.316
1789911922.147993,-46.875,-32.715,-37.109,-47.852
1789911922.151891,-46.387,-26.367,-39.551,-50.293
1789911922.155790,-37.598,-26.855,-41.016,-59.570
1789911922.159688,-33.691,-29.297,-35.156,-57.129
1789911922.163586,-34.180,-31.738,-34.668,-58.594
1789911922.167484,-35.645,-33.203,-34.180,-54.199
1789911922.171383,-36.621,-32.715,-31.738,-45.898
1789911922.175281,-47.363,-35.156,-34.180,-51.758
1789911922.179347,-47.363,-34.668,-29.785,-50.293
1789911922.183245,-41.504,-27.344,-26.855,-38.086
1789911922.187143,-42.969,-34.180,-31.738,-39.551
1789911922.191041,-40.527,-39.062,-33.691,-50.293
1789911922.194940,-40.039,-36.133,-36.133,-49.805
1789911922.198838,-33.691,-36.133,-38.086,-49.805
1789911922.202736,-22.461,-36.621,-37.109,-55.664
1789911922.206635,-29.297,-33.203,-41.992,-46.875
1789911922.210533,-39.062,-33.203,-41.992,-48.828
1789911922.214431,-38.086,-35.156,-34.180,-42.969
1789911922.218329,-34.668,-26.367,-29.785,-27.832
1789911922.222228,-31.250,-24.902,-30.273,-35.156
1789911922.226233,-31.250,-29.297,-28.809,-35.156
1789911922.230131,-30.273,-27.832,-29.785,-32.227
1789911922.234029,-29.297,-27.344,-32.227,-39.062
1789911922.237928,-31.250,-29.297,-34.180,-34.668
1789911922.241826,-41.016,-34.668,-40.527,-43.945
1789911922.245724,-39.551,-32.227,-41.504,-53.711
1789911922.249623,-42.969,-35.645,-39.551,-54.199
1789911922.253521,-48.340,-42.969,-39.551,-61.035
1789911922.257419,-45.410,-40.039,-43.457,-65.430
1789911922.261317,-48.340,-40.527,-41.504,-61.523
1789911922.265216,-41.504,-37.598,-36.133,-51.270
1789911922.269114,-30.762,-32.227,-33.691,-46.387
1789911922.273162,-25.879,-33.203,-31.738,-45.898
1789911922.277060,-27.344,-38.574,-39.551,-48.340
1789911922.280958,-33.203,-45.410,-46.875,-58.105
1789911922.284857,-38.574,-46.387,-46.875,-62.988
1789911922.288755,-41.992,-44.922,-50.293,-64.453
1789911922.292653,-39.062,-41.016,-47.852,-65.430
1789911922.296551,-39.551,-42.480,-45.898,-59.570
1789911922.300450,-39.062,-46.875,-43.457,-54.688
1789911922.304348,-36.621,-45.410,-43.945,-52.734
1789911922.308247,-41.016,-43.945,-50.781,-53.223
1789911922.312145,-26.855,-39.062,-46.387,-54.199
1789911922.316043,-12.207,-35.645,-43.457,-49.316
1789911922.320016,-25.391,-39.551,-50.293,-48.828
1789911922.323914,-32.227,-45.898,-55.176,-61.035
1789911922.327813,-37.598,-38.086,-46.875,-54.688
1789911922.331711,-31.250,-30.762,-40.039,-49.316
1789911922.335609,-21.484,-34.668,-45.898,-59.082
1789911922.339508,-27.344,-39.551,-48.340,-56.641
1789911922.343406,-26.855,-40.527,-49.316,-51.270
1789911922.347304,-29.297,-37.109,-49.316,-48.828
1789911922.351202,-26.855,-31.738,-44.434,-49.805
1789911922.355101,-18.555,-31.738,-44.922,-56.152
1789911922.358999,-19.531,-29.297,-45.410,-51.758
1789911922.362897,-17.578,-22.949,-37.598,-41.992
1789911922.366863,-16.113,-25.879,-36.133,-39.551
1789911922.370761,-29.297,-33.691,-42.969,-49.316
1789911922.374659,-35.645,-34.180,-46.387,-54.688
1789911922.378557,-31.250,-33.203,-43.457,-45.898
1789911922.382456,-31.250,-35.156,-37.598,-35.645
1789911922.386354,-34.668,-37.109,-41.504,-39.062
1789911922.390253,-37.598,-37.598,-46.875,-57.129
1789911922.394151,-33.203,-33.691,-44.434,-54.688
1789911922.398049,-34.668,-29.785,-43.945,-45.898
1789911922.401947,-26.855,-27.832,-44.922,-47.363
1789911922.405846,-27.832,-22.461,-45.898,-53.711
1789911922.409744,-25.879,-24.414,-42.969,-56.641
1789911922.413705,-25.879,-23.438,-36.621,-41.016
1789911922.417604,-29.785,-21.973,-41.504,-33.691
1789911922.421502,-16.113,-24.414,-43.945,-36.133
1789911922.425400,-7.812,-23.926,-40.039,-37.598
1789911922.429299,1.465,-25.391,-38.574,-31.250
1789911922.433197,9.766,-42.480,-37.598,-35.156
1789911922.437095,-2.441,-57.129,-40.527,-29.297
1789911922.440994,-0.977,-56.152,-42.480,-20.996
1789911922.444892,4.395,-60.547,-49.316,-31.738
1789911922.448791,-10.742,-57.617,-49.316,-28.809
1789911922.452689,-18.066,-54.199,-44.434,-31.738
1789911922.456587,-20.020,-61.035,-46.387,-38.086
1789911922.460617,-20.508,-58.105,-46.387,-40.527
1789911922.464516,-16.113,-51.270,-44.434,-34.668
1789911922.468414,-28.809,-50.293,-44.434,-37.598
1789911922.472312,-38.086,-49.805,-44.922,-48.340
1789911922.476211,-36.621,-44.922,-41.992,-53.223
1789911922.480109,-31.738,-44.922,-40.527,-58.105
1789911922.484007,-30.762,-44.922,-38.574,-51.758
1789911922.487906,-33.691,-43.457,-38.086,-50.781
1789911922.491804,-23.438,-41.992,-35.156,-48.340
1789911922.495703,-29.297,-39.551,-32.227,-48.828
1789911922.499601,-41.016,-40.527,-32.227,-53.711
1789911922.503499,-33.691,-39.551,-27.832,-55.176
1789911922.507439,-28.320,-37.598,-28.809,-52.734
1789911922.511337,-26.367,-32.715,-30.273,-43.457
1789911922.515235,-25.879,-32.715,-32.227,-40.527
1789911922.519134,-27.832,-34.668,-36.133,-42.480
1789911922.523032,-23.926,-31.250,-32.227,-45.898
1789911922.526931,-16.113,-27.344,-28.320,-40.527
1789911922.530829,-17.578,-29.297,-29.785,-37.598
1789911922.534727,-24.414,-33.691,-30.762,-40.527
1789911922.538626,-23.926,-36.621,-25.879,-30.273
1789911922.542524,-16.113,-38.086,-22.461,-21.973
1789911922.546422,-9.766,-35.156,-25.879,-21.973
1789911922.550321,-12.695,-31.250,-27.832,-29.297
1789911922.554318,-16.113,-31.250,-27.832,-36.133
1789911922.558216,-18.066,-29.785,-22.949,-21.484
1789911922.562115,-14.648,-25.879,-21.484,-31.738
1789911922.566013,-10.742,-27.344,-23.926,-50.293
1789911922.569911,-8.789,-32.227,-20.020,-41.992
1789911922.573810,-15.625,-34.668,-20.020,-46.875
1789911922.577708,-21.973,-30.273,-20.020,-45.410
1789911922.581607,-26.855,-31.738,-16.113,-37.598
1789911922.585505,-34.180,-32.227,-14.160,-34.668
1789911922.589403,-31.738,-32.715,-17.578,-41.504
1789911922.593302,-26.855,-35.156,-21.484,-42.969
1789911922.597200,-30.273,-31.738,-21.484,-40.527
1789911922.601271,-40.039,-29.297,-23.926,-47.852
1789911922.605169,-39.551,-26.367,-19.043,-51.270
1789911922.609067,-29.297,-24.414,-18.555,-49.805
1789911922.612966,-23.438,-23.926,-18.066,-47.363
1789911922.616864,-27.832,-20.508,-14.648,-37.598
1789911922.620763,-25.391,-20.020,-10.742,-32.715
1789911922.624661,-27.832,-26.855,-6.836,-33.203
1789911922.628559,-31.250,-29.297,-14.648,-40.527
1789911922.632458,-18.066,-23.926,-20.996,-41.992
1789911922.636356,-19.043,-22.461,-22.461,-37.109
1789911922.640255,-27.344,-23.926,-24.414,-48.340
1789911922.644153,-21.973,-22.949,-27.344,-55.176
1789911922.648138,-16.602,-18.066,-26.367,-54.688
1789911922.652037,-4.883,-13.184,-27.832,-51.270
1789911922.655935,-1.465,-16.113,-28.320,-41.992
1789911922.659833,-8.301,-19.043,-22.461,-34.180
1789911922.663732,-2.441,-19.043,-19.531,-28.809
1789911922.667630,-8.301,-23.926,-17.578,-33.203
1789911922.671529,1.465,-24.414,-18.555,-34.180
1789911922.675427,1.953,-20.996,-21.973,-32.715
1789911922.679325,-26.367,-21.484,-19.531,-25.879
1789911922.683224,-39.551,-23.438,-15.137,-29.297
1789911922.687122,-38.086,-24.902,-15.625,-32.715
1789911922.691021,-38.086,-24.414,-15.625,-37.598
1789911922.695033,-32.227,-27.344,-18.066,-42.969
1789911922.698931,-27.344,-29.297,-18.555,-41.504
1789911922.702829,-33.691,-28.809,-21.973,-45.898
1789911922.706728,-38.574,-29.785,-23.926,-52.246
1789911922.710626,-34.180,-25.879,-18.066,-47.852
1789911922.714525,-33.691,-23.926,-18.066,-41.016
1789911922.718423,-32.715,-23.438,-16.113,-43.945
1789911922.722322,-25.879,-19.043,-14.648,-33.691
1789911922.726220,-25.879,-19.043,-11.230,-18.066
1789911922.730118,-21.973,-16.602,-13.184,-23.926
1789911922.734017,-21.484,-16.113,-15.625,-36.133
1789911922.737915,-18.555,-18.066,-14.160,-34.180
1789911922.741885,0.000,-19.043,-17.090,-35.645
1789911922.745783,0.000,-19.531,-18.555,-31.250
1789911922.749682,0.000,-16.602,-13.672,-24.902
1789911922.753580,0.000,-15.137,-12.207,-22.461
1789911922.757479,0.000,-9.277,-12.695,-24.414
1789911922.761377,0.000,-8.789,-12.207,-25.879
1789911922.765275,0.000,-17.090,-13.672,-24.414
1789911922.769174,0.000,-21.484,-18.555,-26.855
1789911922.773072,0.000,-24.902,-25.879,-33.691
1789911922.776971,0.000,-29.297,-25.391,-29.785
1789911922.780869,0.000,-24.902,-21.973,-12.207
1789911922.784768,0.000,-19.043,-18.555,-8.301
1789911922.788615,-23.926,-19.531,-14.160,-13.672
1789911922.792513,-31.738,-21.973,-17.090,-22.461
1789911922.796412,-16.602,-19.531,-15.137,-28.809
1789911922.800310,-8.301,-19.043,-13.184,-27.344
1789911922.804208,-3.418,-25.879,-19.043,-23.926
1789911922.808107,-2.441,-23.926,-17.578,-24.902
1789911922.812005,-6.348,-24.902,-19.043,-32.227
1789911922.815904,-5.371,-25.879,-20.508,-28.320
1789911922.819802,-16.602,-26.855,-18.555,-29.297
1789911922.823700,-16.113,-31.250,-23.926,-29.785
1789911922.827599,-1.465,-29.297,-30.762,-23.926
1789911922.831497,-8.301,-29.297,-33.203,-37.109
1789911922.835463,-41.992,-35.156,-38.086,-43.945
1789911922.839362,-45.898,-29.297,-34.180,-35.156
1789911922.843260,-35.645,-22.949,-24.414,-38.086
1789911922.847159,-34.180,-21.484,-20.996,-40.039
1789911922.851057,-33.691,-17.578,-15.137,-37.109
1789911922.854955,-26.855,-24.902,-17.578,-47.363
1789911922.858854,-20.020,-20.996,-12.207,-44.434
1789911922.862752,-21.973,-16.113,-8.301,-39.551
1789911922.866651,-25.391,-23.438,-14.160,-49.805
1789911922.870549,-11.230,-19.531,-10.254,-38.086
1789911922.874448,-7.324,-19.043,-11.230,-28.320
1789911922.878346,-8.789,-21.973,-17.578,-37.598
